,origin,maker,model,side_windows,type,prefix,postfix,year,Coupe / Sedan / Small suv / Mid-Large suv / van
0,대한민국,현대,그랜저,4,sedan,더 뉴 HEV,IG,2019~현재,Sedan
1,대한민국,현대,그랜저,4,sedan,더 뉴,IG,2019~현재,Sedan
2,대한민국,현대,그랜저,4,sedan,HEV,IG,2017~2019,Sedan
3,대한민국,현대,그랜저,4,sedan,,IG,2016~현재,Sedan
4,대한민국,현대,그랜저,4,sedan,HEV,HG,2013~2017,Sedan
5,대한민국,현대,그랜저,4,sedan,,HG,2011~2016,Sedan
6,대한민국,현대,그랜저,4,sedan,더럭셔리,TG,2009~2011,Sedan
7,대한민국,현대,그랜저,4,sedan,,TG,2005~2009,Sedan
8,대한민국,현대,그랜저,4,sedan,뉴,XG,2002~2005,Sedan
9,대한민국,현대,그랜저,4,sedan,,XG,1998~2002,Sedan
10,대한민국,현대,그랜저,4,sedan,,LX,1992~1998,Sedan
11,대한민국,현대,그랜저,4,sedan,,L,1986~1992,Sedan
12,대한민국,현대,쏘나타,4,sedan,HEV,DN8,2019~현재,Sedan
13,대한민국,현대,쏘나타,4,sedan,,DN8,2019~현재,Sedan
14,대한민국,현대,쏘나타,4,sedan,뉴라이즈 PHEV,LF,2017~2019,Sedan
15,대한민국,현대,쏘나타,4,sedan,뉴라이즈 HEV,LF,2017~2019,Sedan
16,대한민국,현대,쏘나타,4,sedan,뉴라이즈,LF,2017~2019,Sedan
17,대한민국,현대,쏘나타,4,sedan,PHEV,LF,2015~2017,Sedan
18,대한민국,현대,쏘나타,4,sedan,HEV,LF,2014~2017,Sedan
19,대한민국,현대,쏘나타,4,sedan,,LF,2014~2017,Sedan
20,대한민국,현대,쏘나타,4,sedan,HEV,YF,2011~2014,Sedan
21,대한민국,현대,쏘나타,4,sedan,,YF,2009~2014,Sedan
22,대한민국,현대,쏘나타,4,sedan,트랜스폼,NF,2007~2009,Sedan
23,대한민국,현대,쏘나타,4,sedan,,NF,2004~2007,Sedan
24,대한민국,현대,쏘나타,4,sedan,뉴,EF,2001~2004,Sedan
25,대한민국,현대,쏘나타,4,sedan,,EF,1998~2001,Sedan
26,대한민국,현대,쏘나타,4,sedan,,Y3,1996~1998,Sedan
27,대한민국,현대,쏘나타,4,sedan,,Y2,1993~1996,Sedan
28,대한민국,현대,쏘나타,4,sedan,,Y1,1985~1993,Sedan
29,대한민국,현대,아반떼,4,sedan,올뉴,CN7,2020~현재,Sedan
30,대한민국,현대,아반떼,4,sedan,더뉴,AD,2018~2020,Sedan
31,대한민국,현대,아반떼,4,sedan,,AD,2015~2018,Sedan
32,대한민국,현대,아반떼,2,sedan,쿠페,JK,2013~2015,Coupe
33,대한민국,현대,아반떼,4,sedan,더뉴,MD,2013~2015,Sedan
34,대한민국,현대,아반떼,4,sedan,,MD,2010~2013,Sedan
35,대한민국,현대,아반떼,4,sedan,LPi HEV,HD,2009~2013,Sedan
36,대한민국,현대,아반떼,4,sedan,,HD,2006~2010,Sedan
37,대한민국,현대,아반떼,4,sedan,뉴,XD,2003~2006,Sedan
38,대한민국,현대,아반떼,4,sedan,,XD,2000~2003,Sedan
39,대한민국,현대,아반떼,4,sedan,올뉴,J2,1998~2000,Sedan
40,대한민국,현대,아반떼,4,sedan,,J2,1995~1998,Sedan
41,대한민국,현대,싼타페,4,suv,F/L,TM,2020~현재,Mid-Large suv
42,대한민국,현대,싼타페,4,suv,,TM,2018~2020,Mid-Large suv
43,대한민국,현대,싼타페,4,suv,더프라임,DM,2015~2018,Mid-Large suv
44,대한민국,현대,싼타페,4,suv,,DM,2012~2015,Mid-Large suv
45,대한민국,현대,싼타페,4,suv,,CM,2005~2012,Mid-Large suv
46,대한민국,현대,싼타페,4,suv,,SM,2000~2005,Mid-Large suv
47,대한민국,현대,스타렉스,6,van,더뉴그랜드,TQ,2017~현재,van
48,대한민국,현대,스타렉스,6,van,,TQ,2007~2017,van
49,대한민국,현대,스타렉스,6,van,뉴,A1,2004~2007,van
50,대한민국,현대,스타렉스,6,van,점보,A1,1997~2004,van
51,대한민국,현대,스타렉스,6,van,,A1,1997~2004,van
52,대한민국,현대,i30,4,sedan,,PD,2016~현재,Sedan
53,대한민국,현대,i30,4,sedan,더뉴,GD,2015~2016,Sedan
54,대한민국,현대,i30,4,sedan,,GD,2011~2015,Sedan
55,대한민국,현대,i30,4,sedan,,FD,2007~2011,Sedan
56,대한민국,현대,i40,4,sedan,더뉴,VF,2015~현재,Sedan
57,대한민국,현대,i40,4,sedan,,VF,2011~2015,Sedan
58,대한민국,현대,갤로퍼,4,suv,롱바디,M,1991~2003,Mid-Large suv
59,대한민국,현대,갤로퍼,4,sedan,숏바디,M,1991~2003,Small suv
60,대한민국,현대,그레이스,6,van,뉴,AH,1993~2009,van
61,대한민국,현대,그레이스,6,van,,AH,1986~1993,van
62,대한민국,현대,넥쏘,4,suv,,FE,2018~현재,Mid-Large suv
63,대한민국,현대,다이너스티,4,sedan,,,,Sedan
64,대한민국,현대,라비타,4,sedan,,FC,2001~2007,Sedan
65,대한민국,현대,맥스크루즈,4,suv,더뉴,NC,2015~현재,Mid-Large suv
66,대한민국,현대,맥스크루즈,4,suv,,NC,2013~2015,Mid-Large suv
67,대한민국,현대,베라크루즈,4,suv,,EN,2006~2015,Mid-Large suv
68,대한민국,현대,베르나,4,sedan,트랜스폼,MC,2009~2010,Sedan
69,대한민국,현대,베르나,4,sedan,,MC,2005~2009,Sedan
70,대한민국,현대,베르나,4,sedan,뉴,LC,2002~2005,Sedan
71,대한민국,현대,베르나,4,sedan,뉴,LC,1999~2002,Sedan
72,대한민국,현대,벨로스터,4,sedan,,JS,2018~현재,Sedan
73,대한민국,현대,벨로스터,4,sedan,N,JS,2018~현재,Sedan
74,대한민국,현대,벨로스터,4,sedan,더뉴,FS,2015~2018,Sedan
75,대한민국,현대,벨로스터,4,sedan,,FS,2011~2015,Sedan
76,대한민국,현대,스쿠프,2,sedan,,SLC,1990~1995,Coupe
77,대한민국,현대,싼타모,6,van,,M2,1996~2002,van
78,대한민국,현대,아슬란,4,sedan,,AG,2014~2018,Sedan
79,대한민국,현대,아이오닉,4,sedan,더 뉴 PHEV,AE,2019~현재,Sedan
80,대한민국,현대,아이오닉,4,sedan,더 뉴 HEV,AE,2019~현재,Sedan
81,대한민국,현대,아이오닉,4,sedan,더 뉴 EV,AE,2019~현재,Sedan
82,대한민국,현대,아이오닉,4,sedan,PHEV,AE,2017~2019,Sedan
83,대한민국,현대,아이오닉,4,sedan,HEV,AE,2016~2019,Sedan
84,대한민국,현대,아이오닉,4,sedan,EV,AE,2016~2019,Sedan
85,대한민국,현대,아토즈,4,sedan,,MX,1997~2002,Sedan
86,대한민국,현대,에쿠스,4,sedan,신형,VI,2009~2015,Sedan
87,대한민국,현대,에쿠스,4,sedan,,LZ,1999~2009,Sedan
88,대한민국,현대,엑센트,4,sedan,,RB,2010~현재,Sedan
89,대한민국,현대,엑센트,4,sedan,뉴,X3,1997~1999,Sedan
90,대한민국,현대,엑센트,4,sedan,,X3,1994~1997,Sedan
91,대한민국,현대,제네시스,4,sedan,,DH,2013~2016,Sedan
92,대한민국,현대,제네시스,4,sedan,,BH,2008~2013,Sedan
93,대한민국,현대,제네시스 쿠페,2,sedan,더뉴,BK,2011~2016,Coupe
94,대한민국,현대,제네시스 쿠페,2,sedan,,BK,2008~2011,Coupe
95,대한민국,현대,코나,4,sedan,더 뉴 N라인,OS,2020~현재,Small suv
96,대한민국,현대,코나,4,sedan,더 뉴,OS,2020~현재,Small suv
97,대한민국,현대,코나,4,sedan,HEV,OS,2019~2020,Small suv
98,대한민국,현대,코나,4,sedan,EV,OS,2018~2020,Small suv
99,대한민국,현대,코나,4,sedan,,OS,2017~2020,Small suv
100,대한민국,현대,클릭,4,sedan,뉴,TB,2005~2011,Sedan
101,대한민국,현대,클릭,4,sedan,,TB,2002~2005,Sedan
102,대한민국,현대,테라칸,4,suv,,HP,2001~2007,Mid-Large suv
103,대한민국,현대,투스카니,2,sedan,뉴,GK,2006~2008,Coupe
104,대한민국,현대,투스카니,2,sedan,,GK,2001~2006,Coupe
105,대한민국,현대,투싼,4,suv,4세대,NX4,2020~현재,Mid-Large suv
106,대한민국,현대,투싼,4,suv,더뉴 N,TL,2018~2020,Mid-Large suv
107,대한민국,현대,투싼,4,suv,더뉴,TL,2018~2020,Mid-Large suv
108,대한민국,현대,투싼,4,suv,올뉴,TL,2015~2018,Mid-Large suv
109,대한민국,현대,투싼,4,suv,뉴ix,LM,2013~2015,Mid-Large suv
110,대한민국,현대,투싼,4,suv,ix,LM,2009~2013,Mid-Large suv
111,대한민국,현대,투싼,4,suv,,JM,2004~2009,Mid-Large suv
112,대한민국,현대,트라제XG,6,van,,FO,1999~2008,van
113,대한민국,현대,1열 포터,2,onerowtruck,슈퍼캡 2 일렉트릭,HR,2019~현재,One row truck
114,대한민국,현대,1열 포터,2,onerowtruck,슈퍼캡 2,HR,2004~현재,One row truck
115,대한민국,현대,1열 포터,2,onerowtruck,슈퍼캡 뉴,AU,1996~2004,One row truck
116,대한민국,현대,1열 포터,2,onerowtruck,슈퍼캡,AH,1987~1996,One row truck
117,대한민국,현대,2열 포터,4,tworowtruck,더블캡 2,HR,2004~현재,Two row truck
118,대한민국,현대,2열 포터,4,tworowtruck,더블캡 뉴,AU,1996~2004,Two row truck
119,대한민국,현대,2열 포터,4,tworowtruck,더블캡,AH,1987~1996,Two row truck
120,대한민국,현대,1열 리베로,2,onerowtruck,슈퍼캡,SR,2004~2007,One row truck
121,대한민국,현대,1열 리베로,2,onerowtruck,슈퍼캡,SR,2000~2003,One row truck
122,대한민국,현대,2열 리베로,4,tworowtruck,더블캡,SR,2004~2007,Two row truck
123,대한민국,현대,2열 리베로,4,tworowtruck,더블캡,SR,2000~2003,Two row truck
124,대한민국,현대,팰리세이드,4,suv,,LX2,2018~현재,Mid-Large suv
125,대한민국,현대,베뉴,4,sedan,,QX1,2019~현재,Small suv
126,대한민국,현대,티뷰론,2,sedan,,RD,,Coupe
127,대한민국,제네시스,GV80,4,suv,,JX1,2020~현재,Mid-Large suv
128,대한민국,제네시스,GV70,4,suv,,JK1,2020~현재,Mid-Large suv
129,대한민국,제네시스,G70,4,sedan,더 뉴,IK,2020~현재,Sedan
130,대한민국,제네시스,G70,4,sedan,,IK,2017~2020,Sedan
131,대한민국,제네시스,G80,4,sedan,더올뉴,RG3,2020~현재,Sedan
132,대한민국,제네시스,G80,4,sedan,,DH,2016~2020,Sedan
133,대한민국,제네시스,G90,4,sedan,,HI,2018~현재,Sedan
134,대한민국,제네시스,EQ900,4,sedan,,HI,2015~2018,Sedan
135,대한민국,기아,스팩트라,4,sedan,,,,Sedan
136,대한민국,기아,카니발,6,van,4세대,KA4,2020~현재,van
137,대한민국,기아,카니발,6,van,더뉴,YP,2018~2020,van
138,대한민국,기아,카니발,6,van,더뉴 하이리무진,YP,2018~2020,van
139,대한민국,기아,카니발,6,van,더뉴 아웃도어,YP,2018~2020,van
140,대한민국,기아,카니발,6,van,올뉴,YP,2014~2018,van
141,대한민국,기아,카니발,6,van,R,VQ,2010~2014,van
142,대한민국,기아,카니발,6,van,뉴,VQ,2006~2010,van
143,대한민국,기아,카니발,6,van,그랜드,VQ,2005~2010,van
144,대한민국,기아,카니발,6,van,2,KV-II,2001~2005,van
145,대한민국,기아,카니발,6,van,,KV-II,1998~2001,van
146,대한민국,기아,텔루라이드,4,suv,,,2019~현재,Mid-Large suv
147,대한민국,기아,쏘렌토,4,suv,4세대,MQ4,2020~현재,Mid-Large suv
148,대한민국,기아,쏘렌토,4,suv,4세대 HEV,MQ4,2020~현재,Mid-Large suv
149,대한민국,기아,쏘렌토,4,suv,더마스터,UM,2018~현재,Mid-Large suv
150,대한민국,기아,쏘렌토,4,suv,더뉴,UM,2017~2018,Mid-Large suv
151,대한민국,기아,쏘렌토,4,suv,올뉴,UM,2014~2017,Mid-Large suv
152,대한민국,기아,쏘렌토,4,suv,뉴R,XM,2012~2014,Mid-Large suv
153,대한민국,기아,쏘렌토,4,suv,R,XM,2009~2012,Mid-Large suv
154,대한민국,기아,쏘렌토,4,suv,뉴,BL,2006~2009,Mid-Large suv
155,대한민국,기아,쏘렌토,4,suv,,BL,2002~2006,Mid-Large suv
156,대한민국,기아,모닝,4,sedan,어반,JA,2020~현재,Sedan
157,대한민국,기아,모닝,4,sedan,올뉴,JA,2017~2020,Sedan
158,대한민국,기아,모닝,4,sedan,더뉴,TA,2015~2016,Sedan
159,대한민국,기아,모닝,4,sedan,올뉴,TA,2011~2014,Sedan
160,대한민국,기아,모닝,4,sedan,뉴,SA,2008~2011,Sedan
161,대한민국,기아,모닝,4,sedan,,SA,2004~2008,Sedan
162,대한민국,기아,1열 봉고,2,onerowtruck,트럭 3 EV,PU,2004~현재,One row truck
163,대한민국,기아,1열 봉고,2,onerowtruck,트럭 3,PU,2004~현재,One row truck
164,대한민국,기아,1열 봉고,2,onerowtruck,프론티어,W3,1997~2005,One row truck
165,대한민국,기아,1열 봉고,2,onerowtruck,와이드,SR,1989~1997,One row truck
166,대한민국,기아,2열 봉고,4,tworowtruck,트럭 3,PU,2004~현재,Two row truck
167,대한민국,기아,2열 봉고,4,tworowtruck,프론티어,W3,1997~2005,Two row truck
168,대한민국,기아,2열 봉고,4,tworowtruck,와이드,SR,1989~1997,Two row truck
169,대한민국,기아,봉고 버스,6,van,,CT,2004~2005,van
170,대한민국,기아,스포티지,4,suv,5세대 (출시예정),NQ5,2020~출시예정,Mid-Large suv
171,대한민국,기아,스포티지,4,suv,더볼드,QL,2018~현재,Mid-Large suv
172,대한민국,기아,스포티지,4,suv,더SUV,QL,2015~2018,Mid-Large suv
173,대한민국,기아,스포티지,4,suv,더뉴R,SL,2013~2015,Mid-Large suv
174,대한민국,기아,스포티지,4,suv,R,SL,2010~2013,Mid-Large suv
175,대한민국,기아,스포티지,4,suv,뉴,KM,2004~2010,Mid-Large suv
176,대한민국,기아,스포티지,4,suv,,NB7,1993~2002,Mid-Large suv
177,대한민국,기아,K3,4,sedan,F/L (출시예정),BD,2020~출시예정,Sedan
178,대한민국,기아,K3,4,sedan,올뉴,BD,2018~현재,Sedan
179,대한민국,기아,K3,4,sedan,더뉴,YD,2015~2018,Sedan
180,대한민국,기아,K3,4,sedan,,YD,2012~2015,Sedan
181,대한민국,기아,K3 쿱,2,sedan,,YK,2013~2016,Coupe
182,대한민국,기아,K3 GT,4,sedan,,YD,2019~현재,Sedan
183,대한민국,기아,K5,4,sedan,,DL3 HEV,2019~현재,Sedan
184,대한민국,기아,K5,4,sedan,,DL3,2019~현재,Sedan
185,대한민국,기아,K5,4,sedan,더뉴,JF,2018~2019,Sedan
186,대한민국,기아,K5,4,sedan,더뉴 HEV,JF,2018~2019,Sedan
187,대한민국,기아,K5,4,sedan,PHEV,JK,2015~2019,Sedan
188,대한민국,기아,K5,4,sedan,HEV,JK,2015~2018,Sedan
189,대한민국,기아,K5,4,sedan,,JK,2015~2018,Sedan
190,대한민국,기아,K5,4,sedan,더뉴,TF,2013~2015,Sedan
191,대한민국,기아,K5,4,sedan,하이브리드,TF,2011~2015,Sedan
192,대한민국,기아,K5,4,sedan,,TF,2010~2013,Sedan
193,대한민국,기아,K7,4,sedan,프리미어,YG,2019~현재,Sedan
194,대한민국,기아,K7,4,sedan,올뉴,YG,2016~현재,Sedan
195,대한민국,기아,K7,4,sedan,올뉴 HEV,YG,2016~현재,Sedan
196,대한민국,기아,K7,4,sedan,하이브리드,VG,2013~2016,Sedan
197,대한민국,기아,K7,4,sedan,더뉴,VG,2012~2016,Sedan
198,대한민국,기아,K7,4,sedan,,VG,2009~2012,Sedan
199,대한민국,기아,K9,4,sedan,더,RJ,2018~현재,Sedan
200,대한민국,기아,K9,4,sedan,더뉴,KH,2014~2018,Sedan
201,대한민국,기아,K9,4,sedan,,KH,2012~2014,Sedan
202,대한민국,기아,쎄라토,4,sedan,,LD,2003~2008,Sedan
203,대한민국,기아,니로,4,sedan,EV,DE,2019~현재,Small suv
204,대한민국,기아,니로,4,sedan,더 뉴,DE,2019~현재,Small suv
205,대한민국,기아,니로,4,sedan,더 뉴 HEV,DE,2019~현재,Small suv
206,대한민국,기아,니로,4,sedan,PHEV,DE,2017~2019,Small suv
207,대한민국,기아,니로,4,sedan,HEV,DE,2016~2019,Small suv
208,대한민국,기아,레이,4,sedan,더뉴,TAM,2017~현재,Sedan
209,대한민국,기아,레이,4,sedan,EV,TAM,2013~2016,Sedan
210,대한민국,기아,레이,4,sedan,,TAM,2011~2017,Sedan
211,대한민국,기아,로체,4,sedan,이노베이션,MG,2008~2010,Sedan
212,대한민국,기아,로체,4,sedan,어드밴스,MG,2007~2008,Sedan
213,대한민국,기아,로체,4,sedan,,MG,2005~2007,Sedan
214,대한민국,기아,리오,4,sedan,,SF,1999~2005,Sedan
215,대한민국,기아,모하비,4,suv,더 마스터,HM,2019~현재,Mid-Large suv
216,대한민국,기아,모하비,4,suv,더 뉴,HM,2016~2019,Mid-Large suv
217,대한민국,기아,모하비,4,suv,,HM,2008~2015,Mid-Large suv
218,대한민국,기아,쏘울,4,sedan,부스터,SK3,2019~현재,Small suv
219,대한민국,기아,쏘울,4,sedan,부스터 EV,SK3,2019~현재,Small suv
220,대한민국,기아,쏘울,4,sedan,더뉴,PS,2016~2019,Small suv
221,대한민국,기아,쏘울,4,sedan,올뉴,PS,2013~2016,Small suv
222,대한민국,기아,쏘울,4,sedan,,AM,2008~2013,Small suv
223,대한민국,기아,스토닉,4,sedan,,YB,2017~현재,Small suv
224,대한민국,기아,스팅어,4,sedan,마이스터,CK,2020~현재,Sedan
225,대한민국,기아,스팅어,4,sedan,,CK,2017~2020,Sedan
226,대한민국,기아,엘란,2,sedan,,LHT,1996~1999,Coupe
227,대한민국,기아,오피러스,4,sedan,프리미엄,GH,2009~2012,Sedan
228,대한민국,기아,오피러스,4,sedan,뉴,GH,2006~2009,Sedan
229,대한민국,기아,오피러스,4,sedan,,GH,2003~2006,Sedan
230,대한민국,기아,카렌스,4,sedan,더뉴,RP,2016~현재,Small suv
231,대한민국,기아,카렌스,4,sedan,올뉴,RP,2013~2016,Small suv
232,대한민국,기아,카렌스,4,sedan,뉴,UN,2006~2013,Small suv
233,대한민국,기아,카렌스,4,sedan,2,RS,2002~2006,Small suv
234,대한민국,기아,카렌스,4,sedan,,RS,1999~2002,Small suv
235,대한민국,기아,포르테,4,sedan,HEV,TD,2009~2013,Sedan
236,대한민국,기아,포르테,4,sedan,,TD,2008~2012,Sedan
237,대한민국,기아,포르테 쿱,2,sedan,HEV,XK,2009~2013,Coupe
238,대한민국,기아,포르테 쿱,2,sedan,,XK,2008~2012,Coupe
239,대한민국,기아,프라이드,4,sedan,,UB,2014~현재,Sedan
240,대한민국,기아,프라이드,4,sedan,,UB,2011~2014,Sedan
241,대한민국,기아,프라이드,4,sedan,,JB,2005~2011,Sedan
242,대한민국,기아,프라이드,4,sedan,,Y,1987~2000,Sedan
243,대한민국,기아,옵티마,4,sedan,,MS,2000~2005,Sedan
244,대한민국,기아,셀토스,4,sedan,,SP2,2019~현재,Small suv
245,대한민국,쉐보레/한국GM,트래버스,4,suv,2세대,,2017~현재,Mid-Large suv
246,대한민국,쉐보레/한국GM,트래버스,4,suv,1세대,,2008~2017,Mid-Large suv
247,대한민국,쉐보레/한국GM,스파크,4,sedan,더뉴,M400,2018~현재,Sedan
248,대한민국,쉐보레/한국GM,스파크,4,sedan,더넥스트,M400,2015~2018,Sedan
249,대한민국,쉐보레/한국GM,스파크,4,sedan,EV,M300,2013~2017,Sedan
250,대한민국,쉐보레/한국GM,스파크,4,sedan,,M300,2011~2015,Sedan
251,대한민국,쉐보레/한국GM,말리부,4,sedan,더 뉴,V400,2018~현재,Sedan
252,대한민국,쉐보레/한국GM,말리부,4,sedan,올 뉴,V400,2016~2018,Sedan
253,대한민국,쉐보레/한국GM,말리부,4,sedan,,V300,2011~2016,Sedan
254,대한민국,쉐보레/한국GM,트랙스,4,sedan,더뉴,U200,2016~현재,Small suv
255,대한민국,쉐보레/한국GM,트랙스,4,sedan,,U200,2013~2016,Small suv
256,대한민국,쉐보레/한국GM,다마스,6,sedan,뉴,,2008~현재,Three row truck
257,대한민국,쉐보레/한국GM,다마스,6,sedan,2,,2003~2006,Three row truck
258,대한민국,쉐보레/한국GM,다마스,6,sedan,,,1991~2003,Three row truck
259,대한민국,쉐보레/한국GM,라보,2,onerowtruck,뉴,,2008~현재,One row truck
260,대한민국,쉐보레/한국GM,라보,2,onerowtruck,,,1991~2006,One row truck
261,대한민국,쉐보레/한국GM,라세티,4,sedan,프리미어,J300,2008~2011,Sedan
262,대한민국,쉐보레/한국GM,라세티,4,sedan,뉴,J200,2004~2008,Sedan
263,대한민국,쉐보레/한국GM,라세티,4,sedan,,J200,2002~2004,Sedan
264,대한민국,쉐보레/한국GM,마티즈,4,sedan,크리에이티브,M300,2009~2011,Sedan
265,대한민국,쉐보레/한국GM,마티즈,4,sedan,,클래식,2009~2011,Sedan
266,대한민국,쉐보레/한국GM,마티즈,4,sedan,올뉴,M200/250,2005~2009,Sedan
267,대한민국,쉐보레/한국GM,마티즈,4,sedan,2,M150,2000~2005,Sedan
268,대한민국,쉐보레/한국GM,마티즈,4,sedan,,M100,1998~2000,Sedan
269,대한민국,쉐보레/한국GM,베리타스,4,sedan,,,2008~2010,Sedan
270,대한민국,쉐보레/한국GM,볼트,4,sedan,,EV,2017~현재,Sedan
271,대한민국,쉐보레/한국GM,볼트,4,sedan,,2,2016~현재,Sedan
272,대한민국,쉐보레/한국GM,볼트,4,sedan,,,2010~2015,Sedan
273,대한민국,쉐보레/한국GM,블레이저,4,suv,,1세대,2020~현재,Mid-Large suv
274,대한민국,쉐보레/한국GM,아베오,4,sedan,더뉴,T300,2016~현재,Sedan
275,대한민국,쉐보레/한국GM,아베오,4,sedan,,T300,2011~2016,Sedan
276,대한민국,쉐보레/한국GM,아카디아,4,sedan,,,1994~1999,Sedan
277,대한민국,쉐보레/한국GM,알페온,4,sedan,,VS300,2010~2017,Sedan
278,대한민국,쉐보레/한국GM,올란도,4,suv,,J309,2011~현재,Mid-Large suv
279,대한민국,쉐보레/한국GM,윈스톰,4,suv,맥스,C105,2008~2010,Mid-Large suv
280,대한민국,쉐보레/한국GM,윈스톰,4,suv,,C100,2006~2009,Mid-Large suv
281,대한민국,쉐보레/한국GM,이쿼녹스,4,sedan,3세대 F/L,,2020~현재,Small suv
282,대한민국,쉐보레/한국GM,이쿼녹스,4,sedan,3세대,,2017~현재,Small suv
283,대한민국,쉐보레/한국GM,임팔라,4,sedan,,10세대,2015~현재,Sedan
284,대한민국,쉐보레/한국GM,젠트라,4,sedan,X,T255,2007~2011,Sedan
285,대한민국,쉐보레/한국GM,젠트라,4,sedan,,T250,2005~2011,Sedan
286,대한민국,쉐보레/한국GM,트레일블레이저,4,sedan,,,2020~현재,Small suv
287,대한민국,쉐보레/한국GM,카마로,2,sedan,SS,6세대,2016~현재,Coupe
288,대한민국,쉐보레/한국GM,카마로,2,sedan,,5세대,2011~2016,Coupe
289,대한민국,쉐보레/한국GM,캡티바,4,suv,,유로6,2016~현재,Mid-Large suv
290,대한민국,쉐보레/한국GM,캡티바,4,suv,,유로5,2011~2016,Mid-Large suv
291,대한민국,쉐보레/한국GM,콜로라도,4,suv,,,2019~현재,Mid-Large suv
292,대한민국,쉐보레/한국GM,크루즈,4,sedan,올뉴,J400,2017~현재,Sedan
293,대한민국,쉐보레/한국GM,크루즈,4,sedan,뉴,J300,2015~2017,Sedan
294,대한민국,쉐보레/한국GM,크루즈,4,sedan,,J300,2011~2015,Sedan
295,대한민국,쉐보레/한국GM,토스카,4,sedan,프리미엄6,V292,2008~2010,Sedan
296,대한민국,쉐보레/한국GM,토스카,4,sedan,,V250,2006~2008,Sedan
297,대한민국,쉐보레/한국GM,매그너스,4,sedan,,V200,1999~2006,Sedan
298,대한민국,르노삼성,ZOE,4,sedan,,,2016~현재,Sedan
299,대한민국,르노삼성,XM3,4,sedan,,LJL,2020~현재,Small suv
300,대한민국,르노삼성,캡처,4,sedan,,,2020~현재,Small suv
301,대한민국,르노삼성,QM3,4,sedan,뉴,,2017~2020,Small suv
302,대한민국,르노삼성,QM3,4,sedan,,,2013~2017,Small suv
303,대한민국,르노삼성,QM5,4,sedan,네오,H45,2014~2016,Small suv
304,대한민국,르노삼성,QM5,4,sedan,뉴,H45,2011~2014,Small suv
305,대한민국,르노삼성,QM5,4,sedan,,H45,2007~2011,Small suv
306,대한민국,르노삼성,QM6,4,suv,더뉴,HZG,2019~현재,Mid-Large suv
307,대한민국,르노삼성,QM6,4,suv,,HZG,2016~2019,Mid-Large suv
308,대한민국,르노삼성,SM3,4,sedan,Neo,L38,2014~현재,Sedan
309,대한민국,르노삼성,SM3,4,sedan,ZE,L38,2013~현재,Sedan
310,대한민국,르노삼성,SM3,4,sedan,뉴F/L,L38,2012~2014,Sedan
311,대한민국,르노삼성,SM3,4,sedan,,L38,2009~2012,Sedan
312,대한민국,르노삼성,SM3,4,sedan,뉴제너레이션,N17,2005~2009,Sedan
313,대한민국,르노삼성,SM3,4,sedan,,N17,2002~2005,Sedan
314,대한민국,르노삼성,SM5,4,sedan,노바,L43,2015~현재,Sedan
315,대한민국,르노삼성,SM5,4,sedan,뉴플래티넘,L43,2012~2015,Sedan
316,대한민국,르노삼성,SM5,4,sedan,뉴신형,L43,2010~2012,Sedan
317,대한민국,르노삼성,SM5,4,sedan,뉴임프레션,EX1/DF,2007~2010,Sedan
318,대한민국,르노삼성,SM5,4,sedan,뉴,EX1/DF,2005~2007,Sedan
319,대한민국,르노삼성,SM5,4,sedan,,KPQ,1998~2005,Sedan
320,대한민국,르노삼성,SM6,4,sedan,더 뉴,LFD,2020~현재,Sedan
321,대한민국,르노삼성,SM6,4,sedan,,LFD,2016~2020,Sedan
322,대한민국,르노삼성,SM7,4,sedan,노바,L47,2014~현재,Sedan
323,대한민국,르노삼성,SM7,4,sedan,올뉴,L47,2011~2014,Sedan
324,대한민국,르노삼성,SM7,4,sedan,뉴아트,EX2,2008~2011,Sedan
325,대한민국,르노삼성,SM7,4,sedan,,Ex2,2004~2008,Sedan
326,대한민국,르노삼성,클리오,4,sedan,,,2018~현재,Sedan
327,대한민국,르노삼성,트위지,2,sedan,,,2017~현재,Coupe
328,대한민국,르노삼성,마스터,6,van,,버스,2019~현재,van
329,대한민국,르노삼성,마스터,6,van,,벤,2019~현재,van
330,대한민국,쌍용,렉스턴,4,suv,올 뉴 G4,Y400,2020~현재,Mid-Large suv
331,대한민국,쌍용,렉스턴,4,suv,G4,Y400,2017~2020,Mid-Large suv
332,대한민국,쌍용,렉스턴,4,suv,W,Y200,2012~2017,Mid-Large suv
333,대한민국,쌍용,렉스턴,4,suv,슈퍼,Y200,2008~2012,Mid-Large suv
334,대한민국,쌍용,렉스턴,4,suv,,2 Y200,2006~2008,Mid-Large suv
335,대한민국,쌍용,렉스턴,4,suv,뉴,Y200,2003~2006,Mid-Large suv
336,대한민국,쌍용,렉스턴,4,suv,,Y200,2001~2003,Mid-Large suv
337,대한민국,쌍용,렉스턴 스포츠,4,suv,칸,Q200,2019~현재,Mid-Large suv
338,대한민국,쌍용,렉스턴 스포츠,4,suv,,Q200,2018~현재,Mid-Large suv
339,대한민국,쌍용,렉스턴 스포츠,4,suv,더뉴,Q150,2016~2018,Mid-Large suv
340,대한민국,쌍용,렉스턴 스포츠,4,suv,,Q150,2012~2016,Mid-Large suv
341,대한민국,쌍용,액티언 스포츠,4,suv,,Q100,2006~2011,Mid-Large suv
342,대한민국,쌍용,로디우스,6,van,뉴,유로,2012~2013,van
343,대한민국,쌍용,로디우스,6,van,뉴,,2007~2011,van
344,대한민국,쌍용,로디우스,6,van,,,2004~2007,van
345,대한민국,쌍용,무쏘 밴,6,van,뉴밴,FJ,1998~2005,van
346,대한민국,쌍용,무쏘,4,suv,뉴,FJ,1998~2005,Mid-Large suv
347,대한민국,쌍용,무쏘,4,suv,,FJ,1993~1998,Mid-Large suv
348,대한민국,쌍용,무쏘 스포츠,4,suv,,FJ,2002~2006,Mid-Large suv
349,대한민국,쌍용,액티언,4,suv,,C100,2005~2010,Mid-Large suv
350,대한민국,쌍용,액티언 스포츠,4,suv,,Q100,2006~2011,Mid-Large suv
351,대한민국,쌍용,체어맨,4,sedan,뉴W,W200,2011~2017,Sedan
352,대한민국,쌍용,체어맨,4,sedan,H뉴클래식,W100,2011~2014,Sedan
353,대한민국,쌍용,체어맨,4,sedan,W,W200,2008~2011,Sedan
354,대한민국,쌍용,체어맨,4,sedan,H,W100,2008~2011,Sedan
355,대한민국,쌍용,체어맨,4,sedan,뉴,W100,2003~2008,Sedan
356,대한민국,쌍용,체어맨,4,sedan,,W100,1997~2003,Sedan
357,대한민국,쌍용,카이런,4,suv,뉴,,2007~2011,Mid-Large suv
358,대한민국,쌍용,카이런,4,suv,,,2005~2007,Mid-Large suv
359,대한민국,쌍용,칼리스타,2,sedan,,,1991~1994,Coupe
360,대한민국,쌍용,코란도,4,sedan,더 뷰리풀,WD,2019~현재,Small suv
361,대한민국,쌍용,코란도,4,suv,뉴스타일C,C200,2017~2019,Mid-Large suv
362,대한민국,쌍용,코란도,4,suv,뉴C,C200,2013~2017,Mid-Large suv
363,대한민국,쌍용,코란도,4,suv,C,C200,2011~2013,Mid-Large suv
364,대한민국,쌍용,코란도,4,suv,뉴,KJ,1996~2005,Mid-Large suv
365,대한민국,쌍용,코란도,4,suv,,KH7,1983~1996,Mid-Large suv
366,대한민국,쌍용,코란도 스포츠,4,suv,,,2012~2018,Mid-Large suv
367,대한민국,쌍용,코란도 투리스모,6,van,,A170,2018~현재,van
368,대한민국,쌍용,코란도 투리스모,6,van,,A150,2013~2018,van
369,대한민국,쌍용,티볼리,4,sedan,베리 뉴,X110,2019~현재,Small suv
370,대한민국,쌍용,티볼리,4,sedan,아머,X110,2017~현재,Small suv
371,대한민국,쌍용,티볼리,4,sedan,에어,X100,2016~현재,Small suv
372,대한민국,쌍용,티볼리,4,sedan,,X100,2015~2017,Small suv
373,대한민국,어울림모터스,뱅가리,4,sedan,,,2013~현재,Sedan
374,대한민국,어울림모터스,스피라,2,sedan,,,2010~현재,Coupe
375,대한민국,어울림모터스,크레지티,2,sedan,,,2013~현재,Coupe
376,대한민국,마이브,M1,2,sedan,,,2020~현재,Coupe
377,독일,BMW,1 시리즈,4,sedan,F/L,F20,2015~현재,Sedan
378,독일,BMW,1 시리즈,4,sedan,,F20,2012~2015,Sedan
379,독일,BMW,1 시리즈,4,sedan,,E82,2007~2012,Sedan
380,독일,BMW,2 시리즈,4,sedan,그란쿠페(4도어),F44,2019~현재,Sedan
381,독일,BMW,2 시리즈,4,sedan,그란투어러(7인승),F46,2015~현재,Small suv
382,독일,BMW,2 시리즈,4,sedan,액티브투어러(5인승),F45,2014~현재,Small suv
383,독일,BMW,2 시리즈,2,sedan,컨버터블,F23,2014~현재,Coupe
384,독일,BMW,2 시리즈,2,sedan,쿠페,F22,2014~현재,Coupe
385,독일,BMW,3 시리즈,4,sedan,,G20,2018~현재,Sedan
386,독일,BMW,3 시리즈,4,sedan,,F30/31/34,2011~현재,Sedan
387,독일,BMW,3 시리즈,4,sedan,,E90/91/92/93,2004~2013,Sedan
388,독일,BMW,3 시리즈,4,sedan,,E46,1998~2006,Sedan
389,독일,BMW,3 시리즈,4,sedan,,E36,1990~2000,Sedan
390,독일,BMW,3 시리즈 GT,4,sedan,,F34,2013~현재,Sedan
391,독일,BMW,4 시리즈,4,sedan,New,G22,2020~현재,Sedan
392,독일,BMW,4 시리즈,4,sedan,,F32/33/36,2013~2020,Sedan
393,독일,BMW,5 시리즈,4,sedan,,G30/31,2017~현재,Sedan
394,독일,BMW,5 시리즈,4,sedan,,F10/11,2010~2017,Sedan
395,독일,BMW,5 시리즈,4,sedan,,E60/61,2003~2010,Sedan
396,독일,BMW,5 시리즈,4,sedan,,E39,1995~2003,Sedan
397,독일,BMW,5 시리즈,4,sedan,,E34,1988~1996,Sedan
398,독일,BMW,5 시리즈 GT,4,sedan,,F07,2009~2017,Sedan
399,독일,BMW,6 시리즈,4,sedan,,G32,2017~현재,Sedan
400,독일,BMW,6 시리즈,4,sedan,,F06/12/13,2011~2018,Sedan
401,독일,BMW,6 시리즈,4,sedan,,E63/64,2003~2010,Sedan
402,독일,BMW,6 시리즈 GT,4,sedan,,,2017~현재,Sedan
403,독일,BMW,7 시리즈,4,sedan,,G11/12,2015~현재,Sedan
404,독일,BMW,7 시리즈,4,sedan,,F01/02,2008~2015,Sedan
405,독일,BMW,7 시리즈,4,sedan,,E65/66/67/68,2002~2008,Sedan
406,독일,BMW,7 시리즈,4,sedan,,E38,1994~2001,Sedan
407,독일,BMW,8 시리즈,4,sedan,그란쿠페(4도어),G16,2019~현재,Sedan
408,독일,BMW,8 시리즈,2,sedan,컨버터블,G15,2018~현재,Coupe
409,독일,BMW,8 시리즈,2,sedan,쿠페(2도어),G14,2018~현재,Coupe
410,독일,BMW,8 시리즈,4,sedan,,E31,1990~1999,Sedan
411,독일,BMW,i3,4,sedan,,I01,2014~2018,Sedan
412,독일,BMW,i3,4,sedan,New,I01,2018~현재,Sedan
413,독일,BMW,i8,4,sedan,,I12,2015~현재,Sedan
414,독일,BMW,iX3,4,suv,,G08,2021~출시예정,Mid-Large suv
415,독일,BMW,M1,4,sedan,,E26,1978~1981,Sedan
416,독일,BMW,M2,4,sedan,,F87,2016~현재,Sedan
417,독일,BMW,M3,4,sedan,The new,G80,2021~출시예정,Sedan
418,독일,BMW,M3,4,sedan,,F80,2014~현재,Sedan
419,독일,BMW,M3,4,sedan,,E90/92/93,2007~2013,Sedan
420,독일,BMW,M3,4,sedan,,E46,2000~2006,Sedan
421,독일,BMW,M3,4,sedan,,E36,1992~1999,Sedan
422,독일,BMW,M4,4,sedan,The new,G82,2021~출시예정,Sedan
423,독일,BMW,M4,4,sedan,,F82/83,2014~현재,Sedan
424,독일,BMW,M5,4,sedan,,F90,2018~현재,Sedan
425,독일,BMW,M5,4,sedan,,F10,2011~2016,Sedan
426,독일,BMW,M5,4,sedan,,E60/61,2005~2010,Sedan
427,독일,BMW,M5,4,sedan,,E39,1998~2003,Sedan
428,독일,BMW,M6,4,sedan,,F06/12/13,2012~2018,Sedan
429,독일,BMW,M6,4,sedan,,F63/64,2005~2010,Sedan
430,독일,BMW,M8,2,sedan,,G15,2019~현재,Coupe
431,독일,BMW,X4 M,4,suv,,40d G02,2019~현재,Mid-Large suv
432,독일,BMW,X4 M,4,suv,,40i F26,2015~2018,Mid-Large suv
433,독일,BMW,X5 M,4,suv,,F85,2015~현재,Mid-Large suv
434,독일,BMW,X5 M,4,suv,,E70,2009~2013,Mid-Large suv
435,독일,BMW,X6 M,4,suv,,F96,2020~현재,Mid-Large suv
436,독일,BMW,X6 M,4,suv,,F86,2015~2019,Mid-Large suv
437,독일,BMW,X6 M,4,suv,,E71,2009~2014,Mid-Large suv
438,독일,BMW,X1,4,suv,New F/L,F48,2019~현재,Mid-Large suv
439,독일,BMW,X1,4,suv,,F48,2016~2019,Mid-Large suv
440,독일,BMW,X1,4,suv,,E84,2009~2015,Mid-Large suv
441,독일,BMW,X2,4,suv,,F39,2018~현재,Mid-Large suv
442,독일,BMW,X3,4,suv,,G01,2018~현재,Mid-Large suv
443,독일,BMW,X3,4,suv,,F25,2011~2017,Mid-Large suv
444,독일,BMW,X3,4,suv,,E83,2003~2010,Mid-Large suv
445,독일,BMW,X4,4,suv,,G02,2018~현재,Mid-Large suv
446,독일,BMW,X4,4,suv,,F26,2014~2018,Mid-Large suv
447,독일,BMW,X5,4,suv,,G05,2019~현재,Mid-Large suv
448,독일,BMW,X5,4,suv,,F15,2013~2018,Mid-Large suv
449,독일,BMW,X5,4,suv,,E70,2006~2013,Mid-Large suv
450,독일,BMW,X5,4,suv,,E53,2000~2006,Mid-Large suv
451,독일,BMW,X6,4,suv,,G06,2019~현재,Mid-Large suv
452,독일,BMW,X6,4,suv,,F16,2015~2018,Mid-Large suv
453,독일,BMW,X6,4,suv,,E71/72,2008~2014,Mid-Large suv
454,독일,BMW,X7,4,suv,,G07,2019~현재,Mid-Large suv
455,독일,BMW,Z1,2,sedan,,E30,1989~1991,Coupe
456,독일,BMW,Z3,2,sedan,,E36/7,1995~2002,Coupe
457,독일,BMW,Z3,2,sedan,,E36/8,1995~2002,Coupe
458,독일,BMW,Z4,2,sedan,,G29,2018~현재,Coupe
459,독일,BMW,Z4,2,sedan,,E89,2009~2016,Coupe
460,독일,BMW,Z4,2,sedan,,E85/86,2002~2008,Coupe
461,독일,BMW,Z8,2,sedan,,E52,2000~2003,Coupe
462,독일,BMW,Z4 M,2,sedan,,E85/86,2006~2008,Coupe
463,미국,GMC,벤츄라,6,van,,,,van
464,미국,GMC,사바나밴,6,van,,,,van
465,미국,GMC,사파리,6,van,,,,van
466,미국,GMC,유콘,4,suv,,,,Mid-Large suv
467,미국,GMC,픽업,4,suv,,,,Mid-Large suv
468,일본,닛산,350Z,2,sedan,,Z33,2002~2008,Coupe
469,일본,닛산,370Z,2,sedan,,Z34,2008~현재,Coupe
470,일본,닛산,GTR,2,sedan,,CBA-R35/DBA-R35,2007~현재,Coupe
471,일본,닛산,NV밴,6,van,,,,van
472,일본,닛산,로그,4,suv,,T32,2013~현재,Mid-Large suv
473,일본,닛산,로그,4,suv,Select,S35,2013~2016,Mid-Large suv
474,일본,닛산,로그,4,suv,,J10,2007~2013,Mid-Large suv
475,일본,닛산,리프,4,sedan,,ZE1,2017~현재,Sedan
476,일본,닛산,리프,4,sedan,,ZE0,2010~2017,Sedan
477,일본,닛산,마치,4,sedan,,K14,2017~현재,Sedan
478,일본,닛산,마치,4,sedan,,K13,2010~2017,Sedan
479,일본,닛산,마치,4,sedan,,K12,2002~2010,Sedan
480,일본,닛산,마치,4,sedan,,K11,1992~2002,Sedan
481,일본,닛산,마치,4,sedan,,K10,1982~1992,Sedan
482,일본,닛산,맥시마,4,sedan,,A36,2015~현재,Sedan
483,일본,닛산,맥시마,4,sedan,,A35,2008~2014,Sedan
484,일본,닛산,맥시마,4,sedan,,A34,2003~2008,Sedan
485,일본,닛산,맥시마,4,sedan,,A33,1999~2003,Sedan
486,일본,닛산,맥시마,4,sedan,,A32,1994~1999,Sedan
487,일본,닛산,맥시마,4,sedan,,J30,1988~1994,Sedan
488,일본,닛산,맥시마,4,sedan,,PU11,1984~1988,Sedan
489,일본,닛산,맥시마,4,sedan,,G910,1980~1984,Sedan
490,일본,닛산,무라노,4,suv,,Z52,2015~현재,Mid-Large suv
491,일본,닛산,무라노,4,suv,,Z51,2008~2015,Mid-Large suv
492,일본,닛산,무라노,4,suv,,Z50,2002~2008,Mid-Large suv
493,일본,닛산,버사(티이다),4,sedan,,C13,2015~현재,Sedan
494,일본,닛산,버사(티이다),4,sedan,,C12,2011~2014,Sedan
495,일본,닛산,버사(티이다),4,sedan,,C11,2004~2012,Sedan
496,일본,닛산,스카이라인,2,sedan,,,,Coupe
497,일본,닛산,시마,4,sedan,,HGY51,2012~현재,Sedan
498,일본,닛산,시마,4,sedan,,F50,2001~2010,Sedan
499,일본,닛산,시마,4,sedan,,FY33,1996~2001,Sedan
500,일본,닛산,시마,4,sedan,,FY32,1991~1996,Sedan
501,일본,닛산,시마,4,sedan,,FPY31,1988~1991,Sedan
502,일본,닛산,실비아,2,sedan,,,,Coupe
503,일본,닛산,알마다,4,suv,,Y62,2016~현재,Mid-Large suv
504,일본,닛산,알마다,4,suv,,WA60,2003~2016,Mid-Large suv
505,일본,닛산,알티마,4,sedan,올 뉴,L34,2019~현재,Sedan
506,일본,닛산,알티마,4,sedan,올 뉴,F/L L33,2016~2019,Sedan
507,일본,닛산,알티마,4,sedan,,L33,2012~2016,Sedan
508,일본,닛산,알티마,4,sedan,,L32/U32,2006~2012,Sedan
509,일본,닛산,알티마,4,sedan,,L31,2001~2006,Sedan
510,일본,닛산,엑스테라,4,suv,,,,Mid-Large suv
511,일본,닛산,엘그란드,6,van,,E52,2010~현재,van
512,일본,닛산,엘그란드,6,van,,E51,2002~2010,van
513,일본,닛산,엘그란드,6,van,,E50,1997~2002,van
514,일본,닛산,윙로드,4,sedan,,,,Small suv
515,일본,닛산,주크,4,sedan,,,2019~현재,Small suv
516,일본,닛산,주크,4,sedan,,,2010~2018,Small suv
517,일본,닛산,캐시카이,4,sedan,,Z11,2013~현재,Small suv
518,일본,닛산,캐시카이,4,sedan,,Z10,2006~2013,Small suv
519,일본,닛산,퀘스트,6,van,,RE52,2010~현재,van
520,일본,닛산,퀘스트,6,van,,V42,2003~2009,van
521,일본,닛산,퀘스트,6,van,,V41,1998~2002,van
522,일본,닛산,퀘스트,6,van,,V40,1992~1998,van
523,일본,닛산,큐브,4,sedan,,Z12,2009~현재,Sedan
524,일본,닛산,큐브,4,sedan,,Z11,2002~2009,Sedan
525,일본,닛산,큐브,4,sedan,,Z10,1998~2002,Sedan
526,일본,닛산,타이탄,4,tworowtruck,,H61,2015~현재,Two row truck
527,일본,닛산,타이탄,4,tworowtruck,,A60,2003~2015,Two row truck
528,일본,닛산,티아나,4,sedan,,L33,2013~2019,Sedan
529,일본,닛산,티아나,4,sedan,,J32,2008~2013,Sedan
530,일본,닛산,티아나,4,sedan,,J31,2003~2008,Sedan
531,일본,닛산,파오,4,sedan,,,,Sedan
532,일본,닛산,패스파인더,4,suv,,R52,2012~현재,Mid-Large suv
533,일본,닛산,패스파인더,4,suv,,R51,2004~2012,Mid-Large suv
534,일본,닛산,패스파인더,4,suv,,R50,1995~2004,Mid-Large suv
535,일본,닛산,패스파인더,4,suv,,WD21,1985~1995,Mid-Large suv
536,일본,닛산,프론티어,4,suv,,,,Mid-Large suv
537,일본,닛산,후가,4,sedan,,,,Sedan
538,일본,닛산,휘가로,2,sedan,,,,Coupe
539,일본,닛산,X-TRAIL,4,suv,,T32,2013~현재,Mid-Large suv
540,일본,닛산,X-TRAIL,4,suv,,T31,2007~2015,Mid-Large suv
541,일본,닛산,X-TRAIL,4,suv,,T30,2000~2009,Mid-Large suv
542,일본,다이하쓰,마테리아,4,sedan,,,,Sedan
543,일본,다이하쓰,미라,4,sedan,,,,Sedan
544,일본,다이하쓰,미라지노,4,sedan,,,,Sedan
545,일본,다이하쓰,분,4,sedan,,,,Sedan
546,일본,다이하쓰,웨이크,4,sedan,,,,Sedan
547,일본,다이하쓰,캐스트,4,sedan,,,,Sedan
548,일본,다이하쓰,코펜,2,sedan,,,,Coupe
549,일본,다이하쓰,탄토,4,sedan,,,,Sedan
550,미국,닷지,그랜드 캐러밴,6,van,,,,van
551,미국,닷지,니트로,4,suv,,,,Mid-Large suv
552,미국,닷지,다코타,4,suv,,,,Mid-Large suv
553,미국,닷지,듀랑고,4,suv,,,,Mid-Large suv
554,미국,닷지,램 밴,6,van,,,,van
555,미국,닷지,램 픽업,4,suv,,,,Mid-Large suv
556,미국,닷지,매그넘,4,suv,,,,Mid-Large suv
557,미국,닷지,바이퍼,2,sedan,,,,Coupe
558,미국,닷지,차저,4,sedan,,,,Sedan
559,미국,닷지,챌린저,2,sedan,,,,Coupe
560,미국,닷지,캘리버,4,sedan,,,,Small suv
561,기타,람보르기니,가야드로,2,sedan,,,,Coupe
562,기타,람보르기니,디아블로,2,sedan,,,,Coupe
563,기타,람보르기니,레벤톤,2,sedan,,,,Coupe
564,기타,람보르기니,무르시엘라고,2,sedan,,,,Coupe
565,기타,람보르기니,아벤타도르,2,sedan,,,,Coupe
566,기타,람보르기니,우라칸,2,sedan,,,,Coupe
567,기타,람보르기니,우르스,4,suv,,,,Mid-Large suv
568,기타,랜드로버,디스커버리,4,suv,,,,Mid-Large suv
569,기타,랜드로버,디스커버리 스포츠,4,suv,,,,Mid-Large suv
570,기타,랜드로버,디펜더,4,suv,,,,Mid-Large suv
571,기타,랜드로버,레인지로버,4,suv,,,,Mid-Large suv
572,기타,랜드로버,레인지로버 보그,4,suv,,,,Mid-Large suv
573,기타,랜드로버,레인지로버 벨라,4,suv,,,2017~현재,Mid-Large suv
574,기타,랜드로버,레인지로버 스포츠,4,suv,,,,Mid-Large suv
575,기타,랜드로버,레인지로버 이보크,4,suv,뉴,,2019~현재,Mid-Large suv
576,기타,랜드로버,레인지로버 이보크,4,suv,,L538,2011~2019,Mid-Large suv
577,기타,랜드로버,프리랜더,4,suv,,,,Mid-Large suv
578,일본,렉서스,UX,4,sedan,,,,Sedan
579,일본,렉서스,CT,4,sedan,,,,Sedan
580,일본,렉서스,ES,4,sedan,,,,Sedan
581,일본,렉서스,GS,4,sedan,,,,Sedan
582,일본,렉서스,IS,4,sedan,,,,Sedan
583,일본,렉서스,LC,2,sedan,,,,Coupe
584,일본,렉서스,LS,4,sedan,,,,Sedan
585,일본,렉서스,LX,4,suv,,,,Mid-Large suv
586,일본,렉서스,NX,4,suv,,,,Mid-Large suv
587,일본,렉서스,RC,2,sedan,,,,Coupe
588,일본,렉서스,RX,4,suv,,,,Mid-Large suv
589,일본,렉서스,SC,2,sedan,,,,Coupe
590,기타,로터스,340,2,sedan,,,,Coupe
591,기타,로터스,2-일레븐,2,sedan,,,,Coupe
592,기타,로터스,에보라,2,sedan,,,,Coupe
593,기타,로터스,에스프리,2,sedan,,,,Coupe
594,기타,로터스,엑시지,2,sedan,,,,Coupe
595,기타,로터스,엘리스,2,sedan,,,,Coupe
596,기타,로터스,유로파,2,sedan,,,,Coupe
597,기타,롤스로이스,고스트,4,sedan,,,,Sedan
598,기타,롤스로이스,던,4,sedan,,,,Sedan
599,기타,롤스로이스,레이스,2,sedan,,,,Coupe
600,기타,롤스로이스,실버 세라프,4,sedan,,,,Sedan
601,기타,롤스로이스,실버 스피릿 (스퍼),4,sedan,,,,Sedan
602,기타,롤스로이스,컬리넌,4,sedan,,,,Sedan
603,기타,롤스로이스,코니쉬,4,sedan,,,,Sedan
604,기타,롤스로이스,팬텀,4,sedan,,,,Sedan
605,기타,르노,ZOE,4,sedan,,,,Sedan
606,기타,르노,라구나,4,sedan,,,,Sedan
607,기타,르노,메간,4,sedan,,,,Sedan
608,기타,르노,모뒤스,4,sedan,,,,Sedan
609,기타,르노,마스터,6,van,,,,van
610,기타,르노,벨사티스,4,sedan,,,,Sedan
611,기타,르노,세닉,4,sedan,,,,Sedan
612,기타,르노,스포츠,2,sedan,,,,Coupe
613,기타,르노,에스빠스,4,sedan,,,,Sedan
614,기타,르노,클리오,4,sedan,,,,Sedan
615,기타,르노,트윙고,4,sedan,,,,Sedan
616,미국,링컨,LS,4,sedan,,,,Sedan
617,미국,링컨,MKC,4,sedan,,,,Small suv
618,미국,링컨,MKS,4,sedan,,,,Sedan
619,미국,링컨,MKT,4,suv,,,,Mid-Large suv
620,미국,링컨,MKX,4,suv,,,,Mid-Large suv
621,미국,링컨,MKZ,4,sedan,,,,Sedan
622,미국,링컨,코세어,4,suv,,,2020~현재,Mid-Large suv
623,미국,링컨,네비게이터,6,van,,,,van
624,미국,링컨,에비에이터,4,suv,,U611,2019~현재,Mid-Large suv
625,미국,링컨,에비에이터,4,suv,,UN152,2002~2005,Mid-Large suv
626,미국,링컨,컨티넨탈,4,sedan,,,,Sedan
627,미국,링컨,타운카,4,sedan,,,,Sedan
628,미국,링컨,노틸러스,4,suv,,,,Mid-Large suv
629,기타,마세라티,3200 GT,4,sedan,,,,Sedan
630,기타,마세라티,4200 GT,4,sedan,,,,Sedan
631,기타,마세라티,MC 12,4,sedan,,,,Sedan
632,기타,마세라티,그란카브리오,2,sedan,,,,Coupe
633,기타,마세라티,그란투리스모,4,sedan,,,,Sedan
634,기타,마세라티,기블리,4,sedan,,,,Sedan
635,기타,마세라티,르반떼,4,suv,,,,Mid-Large suv
636,기타,마세라티,바이터보,4,sedan,,,,Sedan
637,기타,마세라티,콰트로포르테,4,sedan,,,,Sedan
638,기타,마세라티,쿠페,2,sedan,,,,Coupe
639,일본,마쯔다,5,4,suv,,,,Mid-Large suv
640,일본,마쯔다,2 (데미오),4,sedan,,,,Sedan
641,일본,마쯔다,3 (스피드 악셀라),4,sedan,,,,Sedan
642,일본,마쯔다,6 (아텐자),4,sedan,,,,Sedan
643,일본,마쯔다,AZ,4,sedan,,,,Small suv
644,일본,마쯔다,CX,4,suv,,,,Mid-Large suv
645,일본,마쯔다,MPV,4,suv,,,,Mid-Large suv
646,일본,마쯔다,MX,2,sedan,,,,Coupe
647,일본,마쯔다,RX,2,sedan,,,,Coupe
648,일본,마쯔다,유노스로드스터,2,sedan,,,,Coupe
649,일본,마쯔다,트리뷰트,4,suv,,,,Mid-Large suv
650,기타,맥라렌,GT,2,sedan,,,2019~현재,Coupe
651,기타,맥라렌,570GT,2,sedan,,,,Coupe
652,기타,맥라렌,570S,2,sedan,,,,Coupe
653,기타,맥라렌,600LT,2,sedan,,,,Coupe
654,기타,맥라렌,650S,2,sedan,,,,Coupe
655,기타,맥라렌,675LT,2,sedan,,,,Coupe
656,기타,맥라렌,720S,2,sedan,,,,Coupe
657,기타,맥라렌,MP4-12C,2,sedan,,,,Coupe
658,미국,머큐리,그랜드마퀴스,4,sedan,,,,Sedan
659,미국,머큐리,마리너,4,suv,,,,Mid-Large suv
660,미국,머큐리,마운티니어,4,suv,,,,Mid-Large suv
661,미국,머큐리,몬테고,4,sedan,,,,Sedan
662,미국,머큐리,미스틱,4,sedan,,,,Sedan
663,미국,머큐리,밀란,4,sedan,,,,Sedan
664,미국,머큐리,빌리저,4,suv,,,,Mid-Large suv
665,미국,머큐리,세이블,4,sedan,,,,Sedan
666,기타,미니,컨트리맨,4,sedan,뉴,F60,2017~현재,Small suv
667,기타,미니,컨트리맨,4,sedan,,R60,2011~2017,Small suv
668,기타,미니,2열 쿠퍼,4,sedan,SE (EV),F56,2020~출시예정,Sedan
669,기타,미니,쿠퍼,2,sedan,,F55/F56,2014~현재,Coupe
670,기타,미니,쿠퍼,2,sedan,,R56,2005~2014,Coupe
671,기타,미니,쿠퍼,2,sedan,,R50/53,2001~2006,Coupe
672,기타,미니,쿠퍼,2,sedan,,R58,2011~2015,Coupe
673,기타,미니,쿠퍼 로드스터,2,sedan,,R59,2012~2015,Coupe
674,기타,미니,쿠퍼 컨버터블,2,sedan,뉴,F57,2016~현재,Coupe
675,기타,미니,쿠퍼 컨버터블,2,sedan,뉴,R57,2009~2016,Coupe
676,기타,미니,쿠퍼 컨버터블,2,sedan,,R52,2006~2008,Coupe
677,기타,미니,클럽맨,4,sedan,뉴 F/L,F54,2019~현재,Sedan
678,기타,미니,클럽맨,4,sedan,뉴,F54,2015~2019,Sedan
679,기타,미니,클럽맨,4,sedan,,R55,2008~2015,Sedan
680,기타,미니,페이스맨,4,sedan,,,,Small suv
681,일본,미쓰비시,3000GT,2,sedan,,,,Coupe
682,일본,미쓰비시,FTO,2,sedan,,,,Coupe
683,일본,미쓰비시,GTO,2,sedan,,,,Coupe
684,일본,미쓰비시,L200,4,suv,,,,Mid-Large suv
685,일본,미쓰비시,RVR,4,sedan,,,,Small suv
686,일본,미쓰비시,랜서,4,sedan,,,,Sedan
687,일본,미쓰비시,랜서에볼루션,4,sedan,,,,Sedan
688,일본,미쓰비시,몬테로,4,suv,,,,Mid-Large suv
689,일본,미쓰비시,아웃랜더,4,suv,,,,Mid-Large suv
690,일본,미쓰비시,이클립스,2,sedan,,,,Coupe
691,일본,미쓰비시,파제로,4,suv,,,,Mid-Large suv
692,일본,미쯔오카,MC-1,2,sedan,,,,Coupe
693,일본,미쯔오카,가류,2,sedan,,,,Coupe
694,일본,미쯔오카,누에라,2,sedan,,,,Coupe
695,일본,미쯔오카,도오라,2,sedan,,,,Coupe
696,일본,미쯔오카,라세드,2,sedan,,,,Coupe
697,일본,미쯔오카,뷰트,4,sedan,,,,Sedan
698,일본,미쯔오카,오로치,2,sedan,,,,Coupe
699,일본,미쯔오카,히미코,2,sedan,,,,Coupe
700,독일,벤츠,A-클래스,4,sedan,,해치백 W177,2018~현재,Sedan
701,독일,벤츠,A-클래스,4,sedan,,세단 V177,2018~현재,Sedan
702,독일,벤츠,A-클래스,4,sedan,,해치백 W177: A45 AMG,2018~현재,Sedan
703,독일,벤츠,A-클래스,4,sedan,,W176: A45 AMG,2012~2018,Sedan
704,독일,벤츠,A-클래스,4,sedan,,W176,2012~2018,Sedan
705,독일,벤츠,A-클래스,4,sedan,,W169,2004~2012,Sedan
706,독일,벤츠,A-클래스,4,sedan,,W168,1997~2004,Sedan
707,독일,벤츠,B-클래스,4,sedan,,W247,2019~현재,Small suv
708,독일,벤츠,B-클래스,4,sedan,더뉴,W246,2015~2019,Small suv
709,독일,벤츠,B-클래스,4,sedan,,W246,2012~2015,Small suv
710,독일,벤츠,B-클래스,4,sedan,,W245,2005~2011,Small suv
711,독일,벤츠,C-클래스,4,sedan,더뉴,세단 W205,2018~현재,Sedan
712,독일,벤츠,C-클래스,2,sedan,더뉴,카브리올레 A205,2018~현재,Coupe
713,독일,벤츠,C-클래스,4,sedan,더뉴,쿠페 C205,2018~현재,Sedan
714,독일,벤츠,C-클래스,2,sedan,,쿠페 C205,2014~2018,Coupe
715,독일,벤츠,C-클래스,4,sedan,,세단 W205,2014~2018,Sedan
716,독일,벤츠,C-클래스,2,sedan,,쿠페 C204,2007~2014,Coupe
717,독일,벤츠,C-클래스,4,sedan,,W204,2007~2014,Sedan
718,독일,벤츠,C-클래스,4,sedan,,W203,2000~2007,Sedan
719,독일,벤츠,C-클래스,4,sedan,,W202,1993~2000,Sedan
720,독일,벤츠,C-클래스,4,sedan,,W201,1983~1993,Sedan
721,독일,벤츠,CL-클래스,4,sedan,,C216,2006~2014,Sedan
722,독일,벤츠,CL-클래스,4,sedan,,C216: CL65 AMG,2006~2014,Sedan
723,독일,벤츠,CL-클래스,4,sedan,,C216: CL63 AMG,2006~2014,Sedan
724,독일,벤츠,CL-클래스,4,sedan,,C215,1999~2006,Sedan
725,독일,벤츠,CL-클래스,4,sedan,,C140,1992~1999,Sedan
726,독일,벤츠,CLA-클래스,4,sedan,,C117,2013~현재,Sedan
727,독일,벤츠,CLA-클래스,4,sedan,,C117: CLA45 AMG,2013~현재,Sedan
728,독일,벤츠,CLK-클래스,4,sedan,,C209/A209,2002~2009,Sedan
729,독일,벤츠,CLK-클래스,4,sedan,,C208/W208,1997~2003,Sedan
730,독일,벤츠,CLK-클래스,4,sedan,,C208/W208: CLK55 AMG,1997~2003,Sedan
731,독일,벤츠,CLS-클래스,4,sedan,,C257,2018~현재,Sedan
732,독일,벤츠,CLS-클래스,4,sedan,,W218,2010~2017,Sedan
733,독일,벤츠,CLS-클래스,4,sedan,,W218: CLS63 AMG,2010~2017,Sedan
734,독일,벤츠,CLS-클래스,4,sedan,,W219,2004~2010,Sedan
735,독일,벤츠,E-클래스,4,sedan,,세단 W213,2016~현재,Sedan
736,독일,벤츠,E-클래스,2,sedan,,카브리올레 A213,2017~현재,Coupe
737,독일,벤츠,E-클래스,2,sedan,,쿠페 C213,2017~현재,Coupe
738,독일,벤츠,E-클래스,4,sedan,,올트레인 X213,2017~현재,Sedan
739,독일,벤츠,E-클래스,4,sedan,,웨건 S213,2016~현재,Sedan
740,독일,벤츠,E-클래스,2,sedan,,F/L W212,2013~2017,Coupe
741,독일,벤츠,E-클래스,2,sedan,,쿠페 C207,2013~2017,Coupe
742,독일,벤츠,E-클래스,4,sedan,,카브리올레 A207,2013~2017,Sedan
743,독일,벤츠,E-클래스,4,sedan,,W212,2009~2013,Sedan
744,독일,벤츠,E-클래스,4,sedan,,W211,2003~2009,Sedan
745,독일,벤츠,E-클래스,4,sedan,,W210,1996~2002,Sedan
746,독일,벤츠,E-클래스,4,sedan,,W124,1993~1995,Sedan
747,독일,벤츠,E-클래스,4,sedan,,W124,1986~1994,Sedan
748,독일,벤츠,E-클래스,4,sedan,,W123,1976~1986,Sedan
749,독일,벤츠,E-클래스,4,sedan,,W114/W115,1968~1976,Sedan
750,독일,벤츠,E-클래스,4,sedan,,W110,1961~1968,Sedan
751,독일,벤츠,E-클래스,4,sedan,,W120,1953~1962,Sedan
752,독일,벤츠,EQC-클래스,4,suv,,N293,2019~현재,Mid-Large suv
753,독일,벤츠,G-클래스,4,suv,The New,W464,2018~현재,Mid-Large suv
754,독일,벤츠,G-클래스,4,suv,,W463,1990~2018,Mid-Large suv
755,독일,벤츠,G-클래스,4,suv,,W463: G65 AMG,1990~2018,Mid-Large suv
756,독일,벤츠,G-클래스,4,suv,,W463: G63 AMG,1990~2018,Mid-Large suv
757,독일,벤츠,G-클래스,4,suv,,W463: G63 AMG 6x6,1990~2018,Mid-Large suv
758,독일,벤츠,G-클래스,4,suv,,W463: G55 AMG,1990~2018,Mid-Large suv
759,독일,벤츠,G-클래스,4,suv,,W463: G650,1990~2018,Mid-Large suv
760,독일,벤츠,G-클래스,4,suv,,W463: G550,1990~2018,Mid-Large suv
761,독일,벤츠,G-클래스,4,suv,,W463: G500,1990~2018,Mid-Large suv
762,독일,벤츠,G-클래스,4,suv,,W460,1979~1992,Mid-Large suv
763,독일,벤츠,GL-클래스,4,suv,,X166,2012~2016,Mid-Large suv
764,독일,벤츠,GL-클래스,4,suv,,X166: GL63 AMG,2012~2016,Mid-Large suv
765,독일,벤츠,GL-클래스,4,suv,,X164,2006~2012,Mid-Large suv
766,독일,벤츠,GLA-클래스,4,sedan,,X156,2014~현재,Small suv
767,독일,벤츠,GLA-클래스,4,sedan,,X156: GLA45 AMG,2014~현재,Small suv
768,독일,벤츠,GLB-클래스,4,sedan,,X247,2020~현재,Small suv
769,독일,벤츠,GLC-클래스,4,suv,,X253,2015~현재,Mid-Large suv
770,독일,벤츠,GLC-클래스,4,suv,쿠페,C253,2015~현재,Mid-Large suv
771,독일,벤츠,GLC-클래스,4,suv,,63 AMG X253,2015~현재,Mid-Large suv
772,독일,벤츠,GLC-클래스,4,suv,쿠페,63 AMG C253,2015~현재,Mid-Large suv
773,독일,벤츠,GLE-클래스,4,suv,더뉴,V167,2019~현재,Mid-Large suv
774,독일,벤츠,GLE-클래스,4,suv,,W166,2016~2018,Mid-Large suv
775,독일,벤츠,GLE-클래스,4,suv,쿠페,C292,2016~2018,Mid-Large suv
776,독일,벤츠,GLK-클래스,4,suv,,X204,2009~2015,Mid-Large suv
777,독일,벤츠,GLS-클래스,4,suv,더뉴,X167,2020~현재,Mid-Large suv
778,독일,벤츠,GLS-클래스,4,suv,,X166,2016~2020,Mid-Large suv
779,독일,벤츠,GT-클래스,4,sedan,,GT43 AMG 4DOOR X290,2019~현재,Sedan
780,독일,벤츠,GT-클래스,4,sedan,,GT53 AMG 4DOOR X290,2019~현재,Sedan
781,독일,벤츠,GT-클래스,4,sedan,,GT63 AMG 4DOOR X290,2019~현재,Sedan
782,독일,벤츠,GT-클래스,4,sedan,,GT63 S AMG 4DOOR X290,2019~현재,Sedan
783,독일,벤츠,GT-클래스,2,sedan,,AMG C190,2015~현재,Coupe
784,독일,벤츠,GT-클래스,2,sedan,,S AMG C190,2015~현재,Coupe
785,독일,벤츠,GT-클래스,2,sedan,The New,C AMG C190,2020~현재,Coupe
786,독일,벤츠,GT-클래스,2,sedan,,C AMG C190,2017~2020,Coupe
787,독일,벤츠,GT-클래스,2,sedan,The New,R AMG C190,2020~현재,Coupe
788,독일,벤츠,GT-클래스,2,sedan,,R AMG C190,2017~2020,Coupe
789,독일,벤츠,M-클래스,4,suv,,W166,2012~2015,Mid-Large suv
790,독일,벤츠,M-클래스,4,suv,,W164,2006~2011,Mid-Large suv
791,독일,벤츠,M-클래스,4,suv,,W163,1997~2005,Mid-Large suv
792,독일,벤츠,R-클래스,4,suv,,F/L W251,2010~2015,Mid-Large suv
793,독일,벤츠,R-클래스,4,suv,,W251,2006~2009,Mid-Large suv
794,독일,벤츠,S-클래스,4,sedan,The new,V223,2021~출시예정,Sedan
795,독일,벤츠,S-클래스,4,sedan,,W222,2013~현재,Sedan
796,독일,벤츠,S-클래스,4,sedan,,C222 쿠페,2013~현재,Sedan
797,독일,벤츠,S-클래스,4,sedan,,W222 AMG,2013~현재,Sedan
798,독일,벤츠,S-클래스,4,sedan,,C222 S63 AMG 쿠페,2013~현재,Sedan
799,독일,벤츠,S-클래스,4,sedan,,C222 S65 AMG 쿠페,2013~현재,Sedan
800,독일,벤츠,S-클래스,4,sedan,,W221,2005~2013,Sedan
801,독일,벤츠,S-클래스,4,sedan,,W220,1998~2005,Sedan
802,독일,벤츠,S-클래스,2,sedan,,C140 쿠페,1991~1998,Coupe
803,독일,벤츠,S-클래스,4,sedan,,W140,1991~1998,Sedan
804,독일,벤츠,S-클래스,2,sedan,,C126 쿠페,1979~1991,Coupe
805,독일,벤츠,S-클래스,4,sedan,,W126,1979~1991,Sedan
806,독일,벤츠,S-클래스,4,sedan,,W116,1972~1980,Sedan
807,독일,벤츠,SL-클래스,2,sedan,F/L,R231,2016~현재,Coupe
808,독일,벤츠,SL-클래스,2,sedan,F/L,R231 SL55 AMG,2016~현재,Coupe
809,독일,벤츠,SL-클래스,2,sedan,F/L,R231 SL63 AMG,2016~현재,Coupe
810,독일,벤츠,SL-클래스,2,sedan,F/L,R231 SL65 AMG,2016~현재,Coupe
811,독일,벤츠,SL-클래스,2,sedan,,R231 SL55 AMG,2016~현재,Coupe
812,독일,벤츠,SL-클래스,2,sedan,,R231 SL63 AMG,2016~현재,Coupe
813,독일,벤츠,SL-클래스,2,sedan,,R231 SL65 AMG,2016~현재,Coupe
814,독일,벤츠,SL-클래스,2,sedan,,R231,2012~2016,Coupe
815,독일,벤츠,SL-클래스,2,sedan,,R230,2002~2011,Coupe
816,독일,벤츠,SL-클래스,2,sedan,,R129,1989~2002,Coupe
817,독일,벤츠,SLC-클래스,2,sedan,,C231,2016~현재,Coupe
818,독일,벤츠,SLC-클래스,2,sedan,,C231 43 AMG,2016~현재,Coupe
819,독일,벤츠,SLK-클래스,2,sedan,,R172,2012~2016,Coupe
820,독일,벤츠,SLK-클래스,2,sedan,,R171,2004~2011,Coupe
821,독일,벤츠,SLK-클래스,2,sedan,,R170,1996~2003,Coupe
822,독일,벤츠,SLR,2,sedan,,R199 로드스터,2003~2009,Coupe
823,독일,벤츠,SLR,2,sedan,,C199 쿠페,2003~2009,Coupe
824,독일,벤츠,SLS AMG,2,sedan,,C197,2010~2014,Coupe
825,독일,벤츠,V-클래스,6,van,,W447(메트리스),2014~현재,van
826,독일,벤츠,V-클래스,6,van,,W639(비아노/비토),2003~2014,van
827,독일,벤츠,마이바흐,4,sedan,The new,Z223,2021~출시예정,Sedan
828,독일,벤츠,마이바흐,4,sedan,,X222,2013~현재,Sedan
829,독일,벤츠,마이바흐,4,sedan,,XL222,2013~현재,Sedan
830,독일,벤츠,스프린터,6,van,,907/910,2018~현재,van
831,독일,벤츠,스프린터,6,van,,F/L 906,2014~현재,van
832,독일,벤츠,스프린터,6,van,,906,2006~2013,van
833,독일,벤츠,스프린터,6,van,,,1995~2005,van
834,기타,벤틀리,뮬산,4,sedan,,,,Sedan
835,기타,벤틀리,벤테이가,4,suv,,,,Mid-Large suv
836,기타,벤틀리,브룩랜즈,4,sedan,,,,Sedan
837,기타,벤틀리,아르나지,4,sedan,,,,Sedan
838,기타,벤틀리,아주어,4,sedan,,,,Sedan
839,기타,벤틀리,컨티넨탈 GT,2,sedan,,,,Coupe
840,기타,벤틀리,컨티넨탈 플라잉스퍼,4,sedan,,,,Sedan
841,기타,벤틀리,터보 R,4,sedan,,,,Sedan
842,기타,볼보,C30,4,sedan,,,,Sedan
843,기타,볼보,C70,2,sedan,,,,Coupe
844,기타,볼보,S40,4,sedan,,,,Sedan
845,기타,볼보,S60,4,sedan,3세대,,2019~현재,Sedan
846,기타,볼보,S60,4,sedan,2세대 크로스컨트리,,2015~2016,Sedan
847,기타,볼보,S60,4,sedan,2세대,,2011~2019,Sedan
848,기타,볼보,S60,4,sedan,1세대,,2000~2010,Sedan
849,기타,볼보,S80,4,sedan,,,,Sedan
850,기타,볼보,S90,4,sedan,더 뉴,,2020~현재,Sedan
851,기타,볼보,S90,4,sedan,,,2016~2020,Sedan
852,기타,볼보,V40,4,sedan,,,,Small suv
853,기타,볼보,V50,4,suv,,,,Mid-Large suv
854,기타,볼보,V60,4,suv,2세대 크로스컨트리,더 뉴,2019~현재,Mid-Large suv
855,기타,볼보,V60,4,suv,크로스 컨트리,,2015~2019,Mid-Large suv
856,기타,볼보,V60,4,suv,,,2011~2018,Mid-Large suv
857,기타,볼보,V70,4,suv,,,,Mid-Large suv
858,기타,볼보,V90,4,suv,크로스 컨트리,,2017~현재,Mid-Large suv
859,기타,볼보,XC40,4,suv,,,,Mid-Large suv
860,기타,볼보,XC60,4,suv,,,,Mid-Large suv
861,기타,볼보,XC70,4,suv,,,,Mid-Large suv
862,기타,볼보,XC90,4,suv,2세대,더 뉴,2016~현재,Mid-Large suv
863,기타,볼보,XC90,4,suv,1세대,,2003~2015,Mid-Large suv
864,기타,부가티,베이론,2,sedan,,,,Coupe
865,기타,북기은상,켄보600,4,sedan,,,,Small suv
866,미국,뷰익,르사블,4,sedan,,,,Sedan
867,미국,뷰익,리갈,4,sedan,,,,Sedan
868,미국,뷰익,리비에라,2,sedan,,,,Coupe
869,미국,뷰익,센츄리,4,sedan,,,,Sedan
870,미국,뷰익,스카이락,2,sedan,,,,Coupe
871,미국,뷰익,엔클라브,4,suv,,,,Mid-Large suv
872,미국,뷰익,파크애비뉴,4,sedan,,,,Sedan
873,독일,비이스만,GT,2,sedan,,,,Coupe
874,독일,비이스만,로드스터,2,sedan,,,,Coupe
875,기타,사브,900,4,sedan,,,,Sedan
876,기타,사브,9000,4,sedan,,,,Sedan
877,기타,사브,03-Sep,4,sedan,,,,Sedan
878,기타,사브,05-Sep,4,sedan,,,,Sedan
879,기타,사브,터보-X,4,sedan,,,,Sedan
880,미국,새턴,뷰,4,suv,,,,Mid-Large suv
881,미국,새턴,스카이,2,sedan,,,,Coupe
882,미국,새턴,아스트라,4,sedan,,,,Sedan
883,미국,새턴,아우라,4,sedan,,,,Sedan
884,미국,새턴,아웃룩,4,suv,,,,Mid-Large suv
885,미국,쉐보레,트레일블레이저,4,sedan,,,2020~현재,Small suv
886,미국,쉐보레,트래버스,4,suv,,2세대,2017~현재,Mid-Large suv
887,미국,쉐보레,트래버스,4,suv,,1세대,2008~2017,Mid-Large suv
888,미국,쉐보레,C/K 1500,4,suv,,,,Mid-Large suv
889,미국,쉐보레,HHR,4,suv,,,,Mid-Large suv
890,미국,쉐보레,S10 픽업,4,suv,,,,Mid-Large suv
891,미국,쉐보레,SSR,2,sedan,,,,Coupe
892,미국,쉐보레,블레이저,4,suv,,,,Mid-Large suv
893,미국,쉐보레,서버번,4,suv,,,,Mid-Large suv
894,미국,쉐보레,실버라도 픽업,4,suv,,,,Mid-Large suv
895,미국,쉐보레,아발란치,4,suv,,,,Mid-Large suv
896,미국,쉐보레,아스트로밴,6,van,,,,van
897,미국,쉐보레,올란도,4,sedan,,,,Small suv
898,미국,쉐보레,익스프레스밴,6,van,,,,van
899,미국,쉐보레,임팔라,4,sedan,,,,Sedan
900,미국,쉐보레,체비밴,6,van,,,,van
901,미국,쉐보레,카마로,2,sedan,,,,Coupe
902,미국,쉐보레,캠핑카,6,van,,,,van
903,미국,쉐보레,캡티바,4,suv,,,,Mid-Large suv
904,미국,쉐보레,콜벳,2,sedan,,,,Coupe
905,미국,쉐보레,타호,4,suv,,,,Mid-Large suv
906,미국,쉐보레,콜로라도,4,suv,,,,Mid-Large suv
907,독일,스마트,포투,2,sedan,,,,Coupe
908,일본,스바루,레거시,4,sedan,,,,Sedan
909,일본,스바루,아웃백,4,suv,,,,Mid-Large suv
910,일본,스바루,임프레자,4,sedan,,,,Sedan
911,일본,스바루,포레스터,4,suv,,,,Mid-Large suv
912,일본,스즈키,그랜드 비타라,4,suv,,,,Mid-Large suv
913,일본,스즈키,사이드킥,4,suv,,,,Mid-Large suv
914,일본,스즈키,솔리오,4,sedan,,,,Sedan
915,일본,스즈키,스위프트,4,sedan,,,,Sedan
916,일본,스즈키,스페시아,4,sedan,,,,Sedan
917,일본,스즈키,알토,4,sedan,,,,Sedan
918,일본,스즈키,알토 라팡,4,sedan,,,,Sedan
919,일본,스즈키,왜건 R,4,sedan,,,,Sedan
920,일본,스즈키,이퀘이터,4,suv,,,,Mid-Large suv
921,일본,스즈키,짐니,4,sedan,,,,Small suv
922,일본,스즈키,카푸치노,2,sedan,,,,Coupe
923,일본,스즈키,케이,4,sedan,,,,Small suv
924,일본,스즈키,허슬러,4,sedan,,,,Small suv
925,기타,시트로엥,C4,4,sedan,New,,2020~현재,Small suv
926,기타,시트로엥,C4 칵투스,4,sedan,,,,Small suv
927,기타,시트로엥,C3 에어크로스,4,sedan,,,,Small suv
928,기타,시트로엥,C5 에어크로스,4,suv,,,,Mid-Large suv
929,기타,시트로엥,C4 피카소,6,van,,,,van
930,기타,시트로엥,그랜드 C4 피카소,6,van,,,,van
931,기타,시트로엥,그랜드 C4 스페이스투어러,6,van,,,2019~현재,van
932,기타,시트로엥,DS3,4,sedan,,,,Sedan
933,기타,시트로엥,DS4,4,sedan,,,,Sedan
934,기타,시트로엥,DS5,4,sedan,,,,Sedan
935,기타,시트로엥,DS7,4,suv,,,,Mid-Large suv
936,독일,아우디,A1,4,sedan,,,,Sedan
937,독일,아우디,A1,4,sedan,,GB,2020~현재,Sedan
938,독일,아우디,A1,4,sedan,스포트백(4도어),8X,2015~2016,Sedan
939,독일,아우디,A1,2,sedan,2(2도어),8X,2015~2016,Coupe
940,독일,아우디,A3,4,sedan,,,,Sedan
941,독일,아우디,A3,4,sedan,F/L,8V,2016~현재,Sedan
942,독일,아우디,A3,4,sedan,,8V,2012~2016,Sedan
943,독일,아우디,A3,4,sedan,,8P,2003~2012,Sedan
944,독일,아우디,A3,4,sedan,,8L,1996~2003,Sedan
945,독일,아우디,A4,4,sedan,,,,Sedan
946,독일,아우디,A4,4,sedan,,B9,2015~현재,Sedan
947,독일,아우디,A4,4,sedan,,B8,2008~2015,Sedan
948,독일,아우디,A4,4,sedan,,B7,2005~2008,Sedan
949,독일,아우디,A4,4,sedan,,B6,2001~2005,Sedan
950,독일,아우디,A4,4,sedan,,B5,1994~2001,Sedan
951,독일,아우디,A5,4,sedan,스포트백(4도어),8W6,2016~현재,Sedan
952,독일,아우디,A5,2,sedan,카브리올레,8W6,2016~현재,Coupe
953,독일,아우디,A5,2,sedan,쿠페,8W6,2016~현재,Coupe
954,독일,아우디,A5,4,sedan,스포트백(4도어),,2009~2016,Sedan
955,독일,아우디,A5,2,sedan,컨버터블,,2009~2016,Coupe
956,독일,아우디,A5,2,sedan,쿠페,,2009~2016,Coupe
957,독일,아우디,A6,4,sedan,,,,Sedan
958,독일,아우디,A6,4,sedan,더 뉴,C8,2019~현재,Sedan
959,독일,아우디,A6,4,sedan,F/L,C7,2015~2018,Sedan
960,독일,아우디,A6,4,sedan,,C7,2011~2014,Sedan
961,독일,아우디,A6,4,sedan,,C6,2004~2010,Sedan
962,독일,아우디,A6,4,sedan,,C5,1997~2003,Sedan
963,독일,아우디,A6,4,sedan,,C4,1994~1996,Sedan
964,독일,아우디,A7,4,sedan,,,,Sedan
965,독일,아우디,A7,4,sedan,,4K8,2019~현재,Sedan
966,독일,아우디,A7,4,sedan,더 뉴,4G8,2015~2018,Sedan
967,독일,아우디,A7,4,sedan,,4G8,2011~2014,Sedan
968,독일,아우디,A8,4,sedan,,D5,2019~현재,Sedan
969,독일,아우디,A8,4,sedan,,D4/4H,2014~2019,Sedan
970,독일,아우디,A8,4,sedan,,D4/4H,2010~2014,Sedan
971,독일,아우디,A8,4,sedan,,D3/4E,2003~2010,Sedan
972,독일,아우디,A8,4,sedan,,D2/4D,1994~2003,Sedan
973,독일,아우디,Q2,4,sedan,,,,Small suv
974,독일,아우디,Q3,4,suv,,,,Mid-Large suv
975,독일,아우디,Q3,4,suv,,F3,2020~현재,Mid-Large suv
976,독일,아우디,Q3,4,suv,,8U,2015~2016,Mid-Large suv
977,독일,아우디,Q3,4,suv,,8U,2012~2015,Mid-Large suv
978,독일,아우디,Q5,4,suv,,,,Mid-Large suv
979,독일,아우디,Q5,4,suv,,FY,2017~현재,Mid-Large suv
980,독일,아우디,Q5,4,suv,,8R,2008~2017,Mid-Large suv
981,독일,아우디,Q7,4,suv,,,,Mid-Large suv
982,독일,아우디,Q8,4,suv,,,2019~현재,Mid-Large suv
983,독일,아우디,R8,2,sedan,,,,Coupe
984,독일,아우디,RS3,4,sedan,,,,Sedan
985,독일,아우디,RS4,4,sedan,,,,Sedan
986,독일,아우디,RS5,2,sedan,,,,Coupe
987,독일,아우디,RS5,4,sedan,스포트백(4도어),,,Sedan
988,독일,아우디,RS6,4,sedan,,,,Sedan
989,독일,아우디,RS7,4,sedan,,,,Sedan
990,독일,아우디,S3,4,sedan,,,,Sedan
991,독일,아우디,S4,4,sedan,,,,Sedan
992,독일,아우디,S5,4,sedan,,,,Sedan
993,독일,아우디,S6,4,sedan,,,,Sedan
994,독일,아우디,S7,4,sedan,,,,Sedan
995,독일,아우디,S8,4,sedan,,,,Sedan
996,독일,아우디,SQ,4,suv,,,,Mid-Large suv
997,독일,아우디,TT,4,sedan,,,,Sedan
998,독일,아우디,올로드콰트로,4,suv,,,,Mid-Large suv
999,독일,아우디,E-tron,4,suv,,,,Mid-Large suv
1000,일본,아큐라,CL,2,sedan,,,,Coupe
1001,일본,아큐라,MDX,4,suv,,,,Mid-Large suv
1002,일본,아큐라,RDX,4,suv,,,,Mid-Large suv
1003,일본,아큐라,RL,4,sedan,,,,Sedan
1004,일본,아큐라,RSX,2,sedan,,,,Coupe
1005,일본,아큐라,TL,4,sedan,,,,Sedan
1006,일본,아큐라,TSX,4,sedan,,,,Sedan
1007,일본,아큐라,ZDX,4,sedan,,,,Small suv
1008,일본,아큐라,인테그라,2,sedan,,,,Coupe
1009,기타,알파로메오,147,4,sedan,,,,Sedan
1010,기타,알파로메오,156,4,sedan,,,,Sedan
1011,기타,알파로메오,159,4,sedan,,,,Sedan
1012,기타,알파로메오,164,4,sedan,,,,Sedan
1013,기타,알파로메오,166,4,sedan,,,,Sedan
1014,기타,알파로메오,156GTA,4,sedan,,,,Sedan
1015,기타,알파로메오,4C,2,sedan,,,,Coupe
1016,기타,알파로메오,GT,2,sedan,,,,Coupe
1017,기타,알파로메오,GTV,2,sedan,,,,Coupe
1018,기타,알파로메오,미토,2,sedan,,,,Coupe
1019,기타,알파로메오,브레라,2,sedan,,,,Coupe
1020,기타,알파로메오,스파이더,2,sedan,,,,Coupe
1021,기타,알파로메오,줄리에타,4,sedan,,,,Sedan
1022,기타,애스턴마틴,DB,2,sedan,,,,Coupe
1023,기타,애스턴마틴,DBX,4,suv,,,2020~현재,Mid-Large suv
1024,기타,애스턴마틴,라피드,4,sedan,,,,Sedan
1025,기타,애스턴마틴,밴티지,2,sedan,,,,Coupe
1026,기타,애스턴마틴,뱅퀴시,2,sedan,,,,Coupe
1027,기타,오스틴,FX,4,sedan,,,,Sedan
1028,기타,오스틴,미니,4,sedan,,,,Sedan
1029,독일,오펠,벡트라,4,sedan,,,,Sedan
1030,독일,오펠,비타,4,sedan,,,,Sedan
1031,독일,오펠,스피드스터,2,sedan,,,,Coupe
1032,독일,오펠,아스트라,4,sedan,,,,Sedan
1033,독일,오펠,오메가,4,sedan,,,,Sedan
1034,독일,오펠,카데트,4,sedan,,,,Sedan
1035,독일,오펠,코르사,4,sedan,,,,Sedan
1036,독일,오펠,티그라,2,sedan,,,,Coupe
1037,미국,올즈모빌,88LSS,4,sedan,,,,Sedan
1038,미국,올즈모빌,실루엣,6,van,,,,van
1039,미국,올즈모빌,오로라,4,sedan,,,,Sedan
1040,기타,웨스트필드,슈퍼세븐,2,sedan,,,,Coupe
1041,일본,이스즈,로데오,4,suv,,,,Mid-Large suv
1042,일본,이스즈,뮤,4,suv,,,,Mid-Large suv
1043,일본,이스즈,V크로스,4,suv,,,,Mid-Large suv
1044,일본,인피니티,EX,4,suv,,,,Mid-Large suv
1045,일본,인피니티,FX,4,suv,,,,Mid-Large suv
1046,일본,인피니티,G 시리즈,4,sedan,,,,Sedan
1047,일본,인피니티,G 컨버터블,2,sedan,,,,Coupe
1048,일본,인피니티,G 쿠페,2,sedan,,,,Coupe
1049,일본,인피니티,i,4,sedan,,,,Sedan
1050,일본,인피니티,JX,4,suv,,,,Mid-Large suv
1051,일본,인피니티,M 시리즈,4,sedan,,,,Sedan
1052,일본,인피니티,Q 시리즈,4,sedan,,,,Sedan
1053,일본,인피니티,Q 컨버터블,2,sedan,,,,Coupe
1054,일본,인피니티,QX,4,suv,,,,Mid-Large suv
1055,기타,재규어,E페이스,4,sedan,,,,Small suv
1056,기타,재규어,F타입,2,sedan,,,,Coupe
1057,기타,재규어,F페이스,4,suv,,,,Mid-Large suv
1058,기타,재규어,I페이스,4,suv,,,,Mid-Large suv
1059,기타,재규어,S타입,4,sedan,,,,Sedan
1060,기타,재규어,XE,4,sedan,,,,Sedan
1061,기타,재규어,XF,4,sedan,,,,Sedan
1062,기타,재규어,XJ,4,sedan,,,,Sedan
1063,기타,재규어,XJ6,4,sedan,,,,Sedan
1064,기타,재규어,XJR,4,sedan,,,,Sedan
1065,기타,재규어,XJS,4,sedan,,,,Sedan
1066,기타,재규어,XK,2,sedan,,,,Coupe
1067,기타,재규어,XKR,2,sedan,,,,Coupe
1068,기타,재규어,X타입,4,sedan,,,,Sedan
1069,미국,지프,그랜드 체로키,4,suv,,,,Mid-Large suv
1070,미국,지프,랭글러,4,suv,,,,Mid-Large suv
1071,미국,지프,레니게이드,4,sedan,,,,Small suv
1072,미국,지프,루비콘,4,suv,,,,Mid-Large suv
1073,미국,지프,사하라,4,suv,,,,Mid-Large suv
1074,미국,지프,리버티,4,suv,,,,Mid-Large suv
1075,미국,지프,체로키,4,suv,,,,Mid-Large suv
1076,미국,지프,커맨더,4,suv,,,,Mid-Large suv
1077,미국,지프,컴패스,4,suv,,,,Mid-Large suv
1078,미국,지프,글라디에이터,4,suv,,JT,2020~현재,Mid-Large suv
1079,미국,지프,패트리어트,4,sedan,,,,Small suv
1080,미국,캐딜락,ATS,4,sedan,,,,Sedan
1081,미국,캐딜락,BLS,4,sedan,,,,Sedan
1082,미국,캐딜락,CT6,4,sedan,,,,Sedan
1083,미국,캐딜락,CT5,4,sedan,,,,Sedan
1084,미국,캐딜락,CT4,4,sedan,,,2019~현재,Sedan
1085,미국,캐딜락,CTS,4,sedan,,,,Sedan
1086,미국,캐딜락,CTS 쿠페,4,sedan,,,,Sedan
1087,미국,캐딜락,CTS-Sport 왜건,4,sedan,,,,Sedan
1088,미국,캐딜락,DTS,4,sedan,,,,Sedan
1089,미국,캐딜락,SRX,4,suv,,,,Mid-Large suv
1090,미국,캐딜락,STS,4,sedan,,,,Sedan
1091,미국,캐딜락,XLR,2,sedan,,,,Coupe
1092,미국,캐딜락,XT6,4,suv,,,,Mid-Large suv
1093,미국,캐딜락,XT5,4,suv,,,,Mid-Large suv
1094,미국,캐딜락,드빌,4,sedan,,,,Sedan
1095,미국,캐딜락,에스컬레이드,4,suv,,,,Mid-Large suv
1096,미국,캐딜락,엘도라도,2,sedan,,,,Coupe
1097,미국,캐딜락,플리트우드,4,sedan,,,,Sedan
1098,기타,코닉세크,JESKO,2,sedan,,,,Coupe
1099,기타,코닉세크,REGERA,2,sedan,,,,Coupe
1100,기타,코닉세크,CCR,2,sedan,,,,Coupe
1101,기타,코닉세크,CCX,2,sedan,,,,Coupe
1102,기타,코닉세크,CCXR,2,sedan,,,,Coupe
1103,미국,크라이슬러,200,4,sedan,,,,Sedan
1104,미국,크라이슬러,300C,4,sedan,,,,Sedan
1105,미국,크라이슬러,300M,4,sedan,,,,Sedan
1106,미국,크라이슬러,LHS,4,sedan,,,,Sedan
1107,미국,크라이슬러,PT크루저,4,sedan,,,,Sedan
1108,미국,크라이슬러,보이저,6,van,,,,van
1109,미국,크라이슬러,비전,4,sedan,,,,Sedan
1110,미국,크라이슬러,세브링,4,sedan,,,,Sedan
1111,미국,크라이슬러,스트라투스,4,sedan,,,,Sedan
1112,미국,크라이슬러,캐러밴,6,van,,,,van
1113,미국,크라이슬러,크로스파이어,2,sedan,,,,Coupe
1114,미국,크라이슬러,퍼시피카,4,suv,,,,Mid-Large suv
1115,미국,크라이슬러,프라울러,2,sedan,,,,Coupe
1116,미국,테슬라,모델 3,4,sedan,,,2019~현재,Sedan
1117,미국,테슬라,모델 S,4,sedan,,,2013~현재,Sedan
1118,미국,테슬라,모델 X,4,suv,,,2017~현재,Mid-Large suv
1119,미국,테슬라,모델 Y,4,suv,,,2020~현재,Mid-Large suv
1120,미국,테슬라,사이버트럭,4,tworowtruck,,,2021~출시예정,Two row truck
1121,일본,토요타,4러너,4,suv,,,,Mid-Large suv
1122,일본,토요타,bB,4,sedan,,,,Small suv
1123,일본,토요타,C-HR,2,sedan,,,,Coupe
1124,일본,토요타,FJ크루져,4,suv,,,,Mid-Large suv
1125,일본,토요타,IQ,4,sedan,,,,Sedan
1126,일본,토요타,MR,2,sedan,,,,Coupe
1127,일본,토요타,RAV4,4,suv,,,,Mid-Large suv
1128,일본,토요타,노아,6,van,,,,van
1129,일본,토요타,도요타86,2,sedan,,,,Coupe
1130,일본,토요타,랜드크루져,4,suv,,,,Mid-Large suv
1131,일본,토요타,마크X,4,sedan,,,,Sedan
1132,일본,토요타,매트릭스,4,sedan,,,,Sedan
1133,일본,토요타,벤자,4,suv,,,,Mid-Large suv
1134,일본,토요타,벨파이어,6,van,,,,van
1135,일본,토요타,복시,6,van,,,,van
1136,일본,토요타,세라,2,sedan,,,,Coupe
1137,일본,토요타,세콰이어,4,suv,,,,Mid-Large suv
1138,일본,토요타,센츄리,4,sedan,,,,Sedan
1139,일본,토요타,셀리카,2,sedan,,,,Coupe
1140,일본,토요타,셀시오,4,sedan,,,,Sedan
1141,일본,토요타,소아라,2,sedan,,,,Coupe
1142,일본,토요타,솔라라,2,sedan,,,,Coupe
1143,일본,토요타,수프라,2,sedan,,,,Coupe
1144,일본,토요타,스프린터,2,sedan,,,,Coupe
1145,일본,토요타,시에나,6,van,,,,van
1146,일본,토요타,아발론,4,sedan,,,,Sedan
1147,일본,토요타,아이고,4,sedan,,,,Sedan
1148,일본,토요타,알테자,4,sedan,,,,Sedan
1149,일본,토요타,알파드,6,van,,,,van
1150,일본,토요타,야리스(비츠),4,sedan,,,,Sedan
1151,일본,토요타,위시,4,sedan,,,,Small suv
1152,일본,토요타,윌,4,sedan,,,,Sedan
1153,일본,토요타,입섬,4,sedan,,,,Small suv
1154,일본,토요타,캠리,4,sedan,,,,Sedan
1155,일본,토요타,코롤라,4,sedan,,,,Sedan
1156,일본,토요타,크라운,4,sedan,,,,Sedan
1157,일본,토요타,타코마 픽업,4,suv,,,,Mid-Large suv
1158,일본,토요타,툰드라,4,suv,,,,Mid-Large suv
1159,일본,토요타,펀 카르고,4,sedan,,,,Small suv
1160,일본,토요타,포르테,4,sedan,,,,Sedan
1161,일본,토요타,프리우스,4,sedan,,,,Sedan
1162,일본,토요타,프리우스C,4,sedan,,,,Sedan
1163,일본,토요타,하이랜더,4,suv,,,,Mid-Large suv
1164,일본,토요타,하이럭스,4,suv,,,,Mid-Large suv
1165,일본,토요타,해리어,4,suv,,,,Mid-Large suv
1166,기타,파가니,존다,2,sedan,,,,Coupe
1167,기타,파가니,후에이라,2,sedan,,,,Coupe
1168,기타,페라리,308,2,sedan,,,,Coupe
1169,기타,페라리,348,2,sedan,,,,Coupe
1170,기타,페라리,360,2,sedan,,,,Coupe
1171,기타,페라리,456,2,sedan,,,,Coupe
1172,기타,페라리,458,2,sedan,,,,Coupe
1173,기타,페라리,488,2,sedan,,,,Coupe
1174,기타,페라리,550,2,sedan,,,,Coupe
1175,기타,페라리,599,2,sedan,,,,Coupe
1176,기타,페라리,612,2,sedan,,,,Coupe
1177,기타,페라리,250 GTO,2,sedan,,,,Coupe
1178,기타,페라리,512M,2,sedan,,,,Coupe
1179,기타,페라리,512TR,2,sedan,,,,Coupe
1180,기타,페라리,575M,2,sedan,,,,Coupe
1181,기타,페라리,812 슈퍼패스트,2,sedan,,,,Coupe
1182,기타,페라리,812 GTS,2,sedan,,,,Coupe
1183,기타,페라리,F12 베를리네타,2,sedan,,,,Coupe
1184,기타,페라리,F355,2,sedan,,,,Coupe
1185,기타,페라리,F40,2,sedan,,,,Coupe
1186,기타,페라리,F430,2,sedan,,,,Coupe
1187,기타,페라리,FF,2,sedan,,,,Coupe
1188,기타,페라리,GTC4 루쏘,2,sedan,,,,Coupe
1189,기타,페라리,엔초,2,sedan,,,,Coupe
1190,기타,페라리,캘리포니아,2,sedan,,,,Coupe
1191,기타,페라리,포르토피노,2,sedan,,,,Coupe
1192,기타,페라리,로마,2,sedan,,,,Coupe
1193,기타,페라리,SF90 스트라달레,2,sedan,,,,Coupe
1194,미국,포드,E-시리즈,6,van,,,,van
1195,미국,포드,F-시리즈,4,suv,,,,Mid-Large suv
1196,미국,포드,GT,2,sedan,,,,Coupe
1197,미국,포드,S-MAX,6,van,,,,van
1198,미국,포드,레인져,4,suv,,,,Mid-Large suv
1199,미국,포드,머스탱,2,sedan,,,,Coupe
1200,미국,포드,몬데오,4,sedan,,,,Sedan
1201,미국,포드,브롱코,4,suv,,,,Mid-Large suv
1202,미국,포드,스포츠트랙,4,suv,,,,Mid-Large suv
1203,미국,포드,썬더버드,2,sedan,,,,Coupe
1204,미국,포드,윈드스타,6,van,,,,van
1205,미국,포드,이스케이프,4,sedan,,,,Small suv
1206,미국,포드,익스플로러,4,suv,All New,,2019~현재,Mid-Large suv
1207,미국,포드,익스플로러,4,suv,5세대 F/L,,2015~2019,Mid-Large suv
1208,미국,포드,익스플로러,4,suv,5세대,,2011~2015,Mid-Large suv
1209,미국,포드,익스플로러,4,suv,4세대,,2006~2010,Mid-Large suv
1210,미국,포드,쿠가,4,suv,,,,Mid-Large suv
1211,미국,포드,토러스,4,sedan,,,,Sedan
1212,미국,포드,트랜짓,6,van,,,,van
1213,미국,포드,파이브 헌드레드,4,sedan,,,,Sedan
1214,미국,포드,포커스,4,sedan,,,,Sedan
1215,미국,포드,퓨전,4,sedan,,,,Sedan
1216,미국,포드,프리스타일,4,suv,,,,Mid-Large suv
1217,독일,포르쉐,356,2,sedan,,,,Coupe
1218,독일,포르쉐,718,2,sedan,,,,Coupe
1219,독일,포르쉐,911,2,sedan,,,,Coupe
1220,독일,포르쉐,968,2,sedan,,,,Coupe
1221,독일,포르쉐,마칸,4,suv,,,,Mid-Large suv
1222,독일,포르쉐,박스터,2,sedan,,,,Coupe
1223,독일,포르쉐,카레라GT,2,sedan,,,,Coupe
1224,독일,포르쉐,카이맨,2,sedan,,,,Coupe
1225,독일,포르쉐,카이엔,4,suv,쿠페,9Y0,2017~현재,Mid-Large suv
1226,독일,포르쉐,카이엔,4,suv,,9Y0,2017~현재,Mid-Large suv
1227,독일,포르쉐,카이엔,4,suv,,958,2010~2017,Mid-Large suv
1228,독일,포르쉐,카이엔,4,suv,,957,2007~2010,Mid-Large suv
1229,독일,포르쉐,카이엔,4,suv,,955,2002~2006,Mid-Large suv
1230,독일,포르쉐,타이칸,4,sedan,,,2020~현재,Sedan
1231,독일,포르쉐,파나메라,4,sedan,더 뉴,971,2021~출시예정,Sedan
1232,독일,포르쉐,파나메라,4,sedan,,971,2016~현재,Sedan
1233,독일,포르쉐,파나메라,4,sedan,,970,2009~2016,Sedan
1234,기타,포톤,사우바나,4,sedan,,,,Small suv
1235,기타,포톤,툰랜드,4,suv,,,,Mid-Large suv
1236,독일,폭스바겐,티록,4,sedan,,,,Small suv
1237,독일,폭스바겐,CC,4,sedan,,,,Sedan
1238,독일,폭스바겐,골프,4,sedan,,,,Sedan
1239,독일,폭스바겐,비틀,4,sedan,,,,Sedan
1240,독일,폭스바겐,시로코,4,sedan,,,,Sedan
1241,독일,폭스바겐,아테온,4,sedan,,,,Sedan
1242,독일,폭스바겐,이오스,2,sedan,,,,Coupe
1243,독일,폭스바겐,제타,4,sedan,,,,Sedan
1244,독일,폭스바겐,투아렉,4,suv,,,,Mid-Large suv
1245,독일,폭스바겐,티구안,4,suv,,,,Mid-Large suv
1246,독일,폭스바겐,파사트,4,sedan,,,,Sedan
1247,독일,폭스바겐,페이톤,4,sedan,,,,Sedan
1248,독일,폭스바겐,폴로,4,sedan,,,,Sedan
1249,독일,폭스바겐,투란,4,sedan,,,,Small suv
1250,미국,폰티악,그랑프리,4,sedan,,,,Sedan
1251,미국,폰티악,그랜드엠,4,sedan,,,,Sedan
1252,미국,폰티악,솔스티스,2,sedan,,,,Coupe
1253,미국,폰티악,트랜스앰,2,sedan,,,,Coupe
1254,미국,폰티악,파이어버드,2,sedan,,,,Coupe
1255,기타,푸조,107,4,sedan,,,,Sedan
1256,기타,푸조,205,4,sedan,,,,Sedan
1257,기타,푸조,206,4,sedan,,,,Sedan
1258,기타,푸조,207,4,sedan,,,,Sedan
1259,기타,푸조,208,4,sedan,,,,Sedan
1260,기타,푸조,306,4,sedan,,,,Sedan
1261,기타,푸조,307,4,sedan,,,,Sedan
1262,기타,푸조,308,4,sedan,,,,Sedan
1263,기타,푸조,405,4,sedan,,,,Sedan
1264,기타,푸조,406,4,sedan,,,,Sedan
1265,기타,푸조,407,4,sedan,,,,Sedan
1266,기타,푸조,407,4,sedan,,,,Sedan
1267,기타,푸조,505,4,sedan,,,,Sedan
1268,기타,푸조,508,4,sedan,뉴,,2019~현재,Sedan
1269,기타,푸조,508,4,sedan,F/L,,2014~2018,Sedan
1270,기타,푸조,508,4,sedan,,,2011~2014,Sedan
1271,기타,푸조,604,4,sedan,,,,Sedan
1272,기타,푸조,605,4,sedan,,,,Sedan
1273,기타,푸조,607,4,sedan,,,,Sedan
1274,기타,푸조,806,4,sedan,,,,Sedan
1275,기타,푸조,807,4,sedan,,,,Sedan
1276,기타,푸조,1007,4,sedan,,,,Sedan
1277,기타,푸조,2008,4,sedan,,,,Small suv
1278,기타,푸조,3008,4,sedan,,,,Small suv
1279,기타,푸조,5008,4,sedan,,,,Small suv
1280,기타,푸조,207CC,4,sedan,,,,Sedan
1281,기타,푸조,307SW,4,sedan,,,,Small suv
1282,기타,푸조,308 5도어 308CC,4,sedan,,,,Sedan
1283,기타,푸조,308SW,4,sedan,,,,Small suv
1284,기타,푸조,508SW,4,sedan,,,,Small suv
1285,기타,푸조,RCZ,2,sedan,,,,Coupe
1286,기타,푸조,익스퍼트,6,van,,,,van
1287,기타,푸조,파트너,6,van,,,,van
1288,미국,피스커,라티고 CS,2,sedan,,,,Coupe
1289,미국,피스커,트리몬트,4,sedan,,,,Sedan
1290,기타,피아트,124,4,sedan,,,,Sedan
1291,기타,피아트,500,4,sedan,,,,Sedan
1292,기타,피아트,600,4,sedan,,,,Sedan
1293,기타,피아트,500X,4,sedan,,,,Small suv
1294,기타,피아트,바르게타,2,sedan,,,,Coupe
1295,기타,피아트,쿠페,2,sedan,,,,Coupe
1296,기타,피아트,크로마,4,sedan,,,,Small suv
1297,기타,피아트,판다 4x4,4,sedan,,,,Small suv
1298,기타,피아트,푼토,4,sedan,,,,Sedan
1299,기타,피아트,프리몬트,4,suv,,,,Mid-Large suv
1300,미국,허머,H1,4,suv,,,,Mid-Large suv
1301,미국,허머,H2,4,suv,,,,Mid-Large suv
1302,미국,허머,H3,4,suv,,,,Mid-Large suv
1303,일본,혼다,CR-V,4,sedan,,,,Small suv
1304,일본,혼다,CR-X,2,sedan,,,,Coupe
1305,일본,혼다,CR-Z,2,sedan,,,,Coupe
1306,일본,혼다,FR-V,6,van,,,,van
1307,일본,혼다,HR-V,4,sedan,,,,Sedan
1308,일본,혼다,N-BOX,4,sedan,,,,Sedan
1309,일본,혼다,N-ONE,4,sedan,,,,Sedan
1310,일본,혼다,NSX,2,sedan,,,,Coupe
1311,일본,혼다,S2000,2,sedan,,,,Coupe
1312,일본,혼다,S660,2,sedan,,,,Coupe
1313,일본,혼다,댓츠,4,sedan,,,,Sedan
1314,일본,혼다,레전드,4,sedan,,,,Sedan
1315,일본,혼다,리지라인,4,suv,,,,Mid-Large suv
1316,일본,혼다,비트,2,sedan,,,,Coupe
1317,일본,혼다,시빅,4,sedan,,,,Sedan
1318,일본,혼다,시빅 쿠페,2,sedan,,,,Coupe
1319,일본,혼다,어코드,4,sedan,,,,Sedan
1320,일본,혼다,엘리먼트,4,suv,,,,Mid-Large suv
1321,일본,혼다,오딧세이,6,van,,,,van
1322,일본,혼다,인사이트,4,sedan,,,,Sedan
1323,일본,혼다,인테그라,2,sedan,,,,Coupe
1324,일본,혼다,크로스로드,4,suv,,,,Mid-Large suv
1325,일본,혼다,크로스투어,4,suv,,,,Mid-Large suv
1326,일본,혼다,파일럿,4,suv,,,,Mid-Large suv
1327,일본,혼다,프렐류드,2,sedan,,,,Coupe
1328,기타,홀덴,스테이츠맨,4,sedan,,,,Sedan
1329,기타,홀덴,에피카,4,sedan,,,,Sedan
1330,기타,홀덴,카프라이스,4,sedan,,,,Sedan
1331,기타,홀덴,칼라이스,4,sedan,,,,Sedan
1332,기타,홀덴,캡티바,4,suv,,,,Mid-Large suv
1333,기타,홀덴,코모도어,4,sedan,,,,Sedan
1334,기타,홀덴,콜로라도,4,suv,,,,Mid-Large suv
1335,기타,홀덴,콤보,4,sedan,,,,Sedan
1336,기타,홀덴,크루즈,4,sedan,,,,Sedan
1337,기타,동풍소콘,펜곤 ix5,4,suv,,,2019~현재,Mid-Large suv
1338,기타,동풍소콘,C31,2,onerowtruck,,,2019~현재,One row truck
1339,기타,동풍소콘,C32,4,tworowtruck,,,2019~현재,Two row truck
1340,기타,동풍소콘,C35,6,van,,,2019~현재,van
