,name,model,maker,prefix,postfix
0,렉스턴,렉스턴,쌍용,0,0
1,K7,K7,기아,0,0
2,투싼,투싼,현대,0,0
3,기아 4세대 카니발 KA4,카니발,기아,0,0
4,QM6,QM6,르노삼성,0,0
5,XM3,XM3,르노삼성,0,0
6,현대 ix 투싼 LM,투싼,현대,0,0
7,그랜저 IG,그랜저,현대,0,IG
8,레이,레이,기아,0,0
9,더뉴그랜저(IG),그랜저,현대,뉴,IG
10,쏘나타 dn8,쏘나타,현대,0,0
11,G90,G90,제네시스,0,0
12,기아 K5,K5,기아,0,0
13,제네시스 GV80 JX1,GV80,제네시스,0,0
14,제네시스,제네시스,현대,0,0
15,K5,K5,기아,0,0
16,그랜저 IG 하이브리드,그랜저,현대,0,IG
17,팰리세이드,팰리세이드,현대,0,0
18,XC60,XC60,볼보,0,0
19,기아 어반 모닝 JA,모닝,기아,어반,JA
20,렉스턴스포츠,스포츠,르노,0,0
21,쉐보레/한국GM 트레일블레이저,트레일블레이저,쉐보레,0,0
22,쏘렌토 mq4,쏘렌토,기아,0,0
23,X3,X3,BMW,0,0
24,렉스턴스포츠Q200,스포츠,르노,0,0
25,E클래스,0,0,0,0
26,티볼리,티볼리,쌍용,0,0
27,모닝,모닝,기아,0,0
28,뉴SM6,SM6,르노삼성,0,0
29,현대 투싼,투싼,현대,0,0
30,쏘나타 YF,쏘나타,현대,0,YF
31,아반떼,아반떼,현대,0,0
32,현대 싼타페 DM,싼타페,현대,0,DM
33,쏘나타 LF,쏘나타,현대,0,LF
34,투싼 IX,투싼,현대,0,0
35,트레일블레이저,트레일블레이저,쉐보레,0,0
36,스파크,스파크,쉐보레/한국GM,0,0
37,GV80,GV80,제네시스,0,0
38,제네시스 GV80,GV80,제네시스,0,0
39,현대 쏘나타 LF,쏘나타,현대,0,LF
40,현대자동차 마이티2.5T,0,0,0,0
41,G70,G70,제네시스,0,0
42,기아 트럭 3 EV 1열 봉고 PU,1열 봉고,기아,트럭 3 EV,PU
43,현대 더 뉴 그랜저 IG,그랜저,현대,더 뉴,IG
44,스타렉스,스타렉스,현대,0,0
45,벨로스터,벨로스터,현대,0,0
46,현대 올뉴 아반떼 CN7,아반떼,현대,올뉴,CN7
47,싼타페 CM,싼타페,현대,0,CM
48,K3,K3,기아,0,0
49,기아 와이드 1열 봉고 SR,1열 봉고,기아,와이드,SR
50,올뉴카니발,카니발,기아,올뉴,0
51,현대 쏘나타 DN8,쏘나타,현대,0,DN8
52,기아 K7,K7,기아,0,0
53,현대 F/L 싼타페 TM,싼타페,현대,F/L,TM
54,뉴카니발,카니발,기아,뉴,0
55,기아 카렌스,카렌스,기아,0,0
56,쉐보레/한국GM 더뉴 스파크 M400,스파크,쉐보레/한국GM,0,M400
57,코나,코나,현대,0,0
58,더뉴 K5,K5,기아,0,0
59,쌍용 더 뷰리풀 코란도 WD,코란도,쌍용,0,0
60,기아 스토닉,스토닉,기아,0,0
61,카니발,카니발,기아,0,0
62,현대 싼타페 TM,싼타페,현대,0,TM
63,현대 그랜저 IG,그랜저,현대,0,IG
64,기아 셀토스 SP2,셀토스,기아,0,SP2
65,G80,G80,제네시스,0,0
66,니로 하이브리드,니로,기아,0,0
67,현대 4세대 투싼 NX4,NX,렉서스,0,0
68,셀토스,셀토스,기아,0,0
69,넥소,0,0,0,0
70,기아 더볼드 스포티지 QL,스포티지,기아,더볼드,QL
71,CT6,CT6,캐딜락,0,0
72,파나메라,파나메라,포르쉐,0,0
73,현대 그랜저,그랜저,현대,0,0
74,현대 더 뉴 코나 OS,코나,현대,더 뉴,OS
75,올뉴투싼 TL,TL,아큐라,0,0
76,이쿼녹스,이쿼녹스,쉐보레/한국GM,0,0
77,크루즈,크루즈,홀덴,0,0
78,스포티지 QL,스포티지,기아,0,QL
79,기아 쏘렌토,쏘렌토,기아,0,0
80,쏘나타 하이브리드,쏘나타,현대,0,0
81,제네시스 더올뉴 G80 RG3,제네시스,현대,0,RG3
82,그랜드스타렉스,스타렉스,현대,0,0
83,520d,0,0,0,0
84,봉고3,0,0,0,0
85,뉴렉스턴,렉스턴,쌍용,뉴,0
86,디올뉴G80,G80,제네시스,0,0
87,말리부,말리부,쉐보레/한국GM,0,0
88,더뉴카니발,카니발,기아,더뉴,0
89,트래버스,트래버스,쉐보레,0,0
90,에쿠스,에쿠스,현대,0,0
91,G4렉스턴,렉스턴,쌍용,G4,0
92,S60,S60,볼보,0,0
93,기아 셀토스,셀토스,기아,0,0
94,아이오닉 하이브리드,아이오닉,현대,0,0
95,쉐보레/한국GM 트랙스,트랙스,쉐보레/한국GM,0,0
96,티볼리에어,티볼리,쌍용,에어,0
97,트랙스,트랙스,쉐보레/한국GM,0,0
98,기아 K5 DL3 HEV,K5,기아,0,0
99,기아 4세대 쏘렌토 MQ4,쏘렌토,기아,4세대,MQ4
100,X6,X6,BMW,0,0
101,랜드로버 디스커버리 스포츠,디스커버리 스포츠,랜드로버,0,0
102,싼타페 TM,싼타페,현대,0,TM
103,현대 더 뉴 HEV 그랜저 IG,그랜저,현대,더 뉴 HEV,IG
104,현대 슈퍼캡 2 일렉트릭 1열 포터 HR,1열 포터,현대,슈퍼캡 2 일렉트릭,HR
105,올뉴모닝,모닝,기아,올뉴,0
106,렉서스 IS 2019년형,IS,렉서스,0,0
107,카니발리무진,카니발,기아,0,0
108,쏘렌토,쏘렌토,기아,0,0
109,기아 올뉴 K3 BD,K3,기아,올뉴,BD
110,쉐보레/한국GM 더 뉴 말리부 V400,말리부,쉐보레/한국GM,0,0
111,볼보 2세대 크로스컨트리 V60 더 뉴,V60,볼보,2세대 크로스컨트리,더 뉴
112,포터2,0,0,0,0
113,6시리즈 그란투리스모(GT),그란투리스모,마세라티,0,0
114,에스컬레이드,에스컬레이드,캐딜락,0,0
115,현대 넥쏘,넥쏘,현대,0,0
116,티볼리아머,티볼리,쌍용,아머,0
117,코란도,코란도,쌍용,0,0
118,기아 더뉴 레이 TAM,레이,기아,더뉴,TAM
119,기아 레이,레이,기아,0,0
120,싼타페,싼타페,현대,0,0
121,베뉴,베뉴,현대,0,0
122,CLA클래스,0,0,0,0
123,현대 1열 포터,1열 포터,현대,0,0
124,현대 싼타페,싼타페,현대,0,0
125,현대 아반떼,아반떼,현대,0,0
126,E220,0,0,0,0
127,기아 올뉴 모닝 TA,모닝,기아,올뉴,TA
128,BMW 3 시리즈 G20,3 시리즈,BMW,0,G20
129,new C클래스,0,0,0,0
130,기아 R 쏘렌토 XM,쏘렌토,기아,R,XM
131,쿠퍼,쿠퍼,미니,0,0
132,GOLF GTI,0,0,0,0
133,아우디 A3,A3,아우디,0,0
134,뉴모닝,모닝,기아,뉴,0
135,쌍용 베리 뉴 티볼리 X110,티볼리,쌍용,0,X110
136,다마스,다마스,쉐보레/한국GM,0,0
137,CLS클래스,0,0,0,0
138,기아 더 뉴 HEV 니로 DE,니로,기아,더 뉴 HEV,DE
139,모하비,모하비,기아,0,0
140,쌍용 에어 티볼리 X100,티볼리,쌍용,0,X100
141,ES300h,ES,렉서스,0,0
142,XC90,XC90,볼보,0,0
143,S500,0,0,0,0
144,렉서스 UX 2021년형,UX,렉서스,0,0
145,아반떼 ad,아반떼,현대,0,0
146,현대 스타렉스,스타렉스,현대,0,0
147,니로,니로,기아,0,0
148,i30,i30,현대,0,0
149,SOUL,0,0,0,0
150,현대 코나,코나,현대,0,0
151,E350,0,0,0,0
152,현대 팰리세이드,팰리세이드,현대,0,0
153,K9,K9,기아,0,0
154,New코란도,코란도,쌍용,0,0
155,제네시스 G80,제네시스,현대,0,0
156,제네시스쿠페,제네시스,현대,0,0
157,현대 더블캡 2 2열 포터 HR,2열 포터,현대,더블캡 2,HR
158,그랜져,0,0,0,0
159,쏘나타,쏘나타,현대,0,0
160,현대 팰리세이드 LX2,팰리세이드,현대,0,0
161,뉴SM5,SM5,르노삼성,0,0
162,현대 쏘나타 NF,쏘나타,현대,0,NF
163,기아 K5 DL3,K5,기아,0,0
164,EQ900,EQ900,제네시스,0,0
165,쏘나타 뉴라이즈,쏘나타,현대,뉴라이즈,0
166,쌍용 티볼리,티볼리,쌍용,0,0
167,현대 더뉴그랜드 스타렉스 TQ,스타렉스,현대,더뉴그랜드,TQ
168,SM5,SM5,르노삼성,0,0
169,X5,X5,BMW,0,0
170,모하비 더마스터,모하비,기아,0,0
171,쏘나타 NF,쏘나타,현대,0,NF
172,쉐보레/한국GM 다마스,다마스,쉐보레/한국GM,0,0
173,Jetta,0,0,0,0
174,현대 더 뉴 N라인 코나 OS,코나,현대,더 뉴 N라인,OS
175,현대 HEV 쏘나타 DN8,쏘나타,현대,HEV,DN8
176,르노삼성 SM6,SM6,르노삼성,0,0
177,그랜드카니발,카니발,기아,그랜드,0
178,쌍용 G4 렉스턴 Y400,렉스턴,쌍용,G4,Y400
179,그랜져 TG,0,0,0,0
180,기아 카니발,카니발,기아,0,0
181,현대 넥쏘 FE,넥쏘,현대,0,FE
182,QM5,QM5,르노삼성,0,0
183,더뉴제네시스쿠페,제네시스,현대,0,0
184,싼타페더스타일,싼타페,현대,0,0
185,뉴SM3,SM3,르노삼성,0,0
186,르노삼성 더뉴 QM6 HZG,QM6,르노삼성,0,0
187,벨로스터JS,벨로스터,현대,0,JS
188,현대 4세대(출시예정) 투싼 NX4,NX,렉서스,0,0
189,포르테,포르테,토요타,0,0
190,BMW X5 M F85,X5 M,BMW,0,0
191,그랜저 HG,그랜저,현대,0,HG
192,더뉴소렌토,0,0,0,0
193,포터,0,0,0,0
194,기아 니로,니로,기아,0,0
195,올뉴쏘렌토,쏘렌토,기아,올뉴,0
196,싼타페 DM,싼타페,현대,0,DM
197,BMW 7 시리즈 F01/02,7 시리즈,BMW,0,F01/02
198,아테온,아테온,폭스바겐,0,0
199,기아 1열 봉고,1열 봉고,기아,0,0
200,기아 프리미어 K7 YG,K7,기아,프리미어,YG
201,올뉴K7,K7,기아,올뉴,0
202,911카레라S,911,포르쉐,0,0
203,아반떼 MD,아반떼,현대,0,MD
204,new E클래스,0,0,0,0
205,코란도C,코란도,쌍용,C,0
206,기아 스포티지,스포티지,기아,0,0
207,BMW 5 시리즈 E60/61,5 시리즈,BMW,0,0
208,쉐보레/한국GM 스파크,스파크,쉐보레/한국GM,0,0
209,현대 슈퍼캡 2 1열 포터 HR,1열 포터,현대,슈퍼캡 2,HR
210,뉴스포티지 R,스포티지,기아,R,0
211,기아 EV 니로 DE,니로,기아,EV,DE
212,현대 아반떼 AD,아반떼,현대,0,AD
213,올란도,올란도,쉐보레,0,0
214,E300,0,0,0,0
215,sm5뉴임프레션,0,0,0,0
216,A6,A6,아우디,0,0
217,클리오,클리오,르노,0,0
218,기아 트럭 3 1열 봉고 PU,1열 봉고,기아,트럭 3,PU
219,현대 그랜저 HG,그랜저,현대,0,HG
220,벤츠 C-클래스,C-클래스,벤츠,0,0
221,BMW 5 시리즈 GT,5 시리즈 GT,BMW,0,0
222,기아 뉴R 쏘렌토 XM,쏘렌토,기아,뉴R,XM
223,GLA,0,0,0,0
224,현대 싼타페 CM,싼타페,현대,0,CM
225,현대 코나 OS,코나,현대,0,OS
226,포터2 일렉트릭,0,0,0,0
227,아이오닉,아이오닉,현대,0,0
228,기아 올뉴 쏘렌토 UM,쏘렌토,기아,올뉴,UM
229,쌍용 칸 렉스턴 스포츠 Q200,렉스턴 스포츠,쌍용,0,0
230,Q70,Q7,아우디,0,0
231,QM3,QM3,르노삼성,0,0
232,XC40,XC40,볼보,0,0
233,아우디 A6,A6,아우디,0,0
234,SM6탈리스만,SM6,르노삼성,0,0
235,기아 2열 봉고,2열 봉고,기아,0,0
236,현대 아반떼 MD,아반떼,현대,0,MD
237,S클래스,0,0,0,0
238,CC,CC,폭스바겐,0,0
239,블레이저,블레이저,쉐보레,0,0
240,쏘렌토R,쏘렌토,기아,R,0
241,스포티지,스포티지,기아,0,0
242,기아 모하비 HM,모하비,기아,0,HM
243,K7 하이브리드,K7,기아,하이브리드,0
244,콜로라도,콜로라도,홀덴,0,0
245,베라크루즈,베라크루즈,현대,0,0
246,현대 그랜저 TG,그랜저,현대,0,TG
247,기아 K3,K3,기아,0,0
248,현대 2열 포터,2열 포터,현대,0,0
249,벤츠 S-클래스,S-클래스,벤츠,0,0
250,볼트EV,볼트,쉐보레/한국GM,0,EV
251,GOLF,0,0,0,0
252,A7,A7,아우디,0,0
253,서버번,서버번,쉐보레,0,0
254,기아 올뉴 카니발 YP,카니발,기아,올뉴,YP
255,GLK,0,0,0,0
256,현대 쏘나타,쏘나타,현대,0,0
257,르노삼성 QM3,QM3,르노삼성,0,0
258,기아 4세대 HEV 쏘렌토 MQ4,쏘렌토,기아,4세대 HEV,MQ4
259,토요타 RAV4,RAV4,토요타,0,0
260,볼보 XC40,XC40,볼보,0,0
261,뉴스포티지,스포티지,기아,뉴,0
262,현대 아슬란 AG,아슬란,현대,0,AG
263,스토닉,스토닉,기아,0,0
264,sm5노바,0,0,0,0
265,쌍용 렉스턴 스포츠,렉스턴 스포츠,쌍용,0,0
266,폭스바겐 티구안 2021년형,티구안,폭스바겐,0,0
267,GLE,0,0,0,0
268,기아 더 마스터 모하비 HM,모하비,기아,0,HM
269,르노 마스터 밴,마스터,르노,0,0
270,BMW 5 시리즈 G30/31,5 시리즈,BMW,0,0
271,마이티 2.5T,0,0,0,0
272,어코드,어코드,혼다,0,0
273,프라이드,프라이드,기아,0,0
274,아슬란,아슬란,현대,0,0
275,더넥스트스파크,스파크,쉐보레/한국GM,더넥스트,0
276,3시리즈,0,0,0,0
277,기아 마이스터 스팅어 CK,스팅어,기아,마이스터,CK
278,현대 신형 에쿠스 VI,에쿠스,현대,신형,VI
279,제네시스 G90 HI,제네시스,현대,0,0
280,THE K9,K9,기아,0,0
281,벤츠 E-클래스,E-클래스,벤츠,0,0
282,포드 All New 익스플로러,익스플로러,포드,All New,0
283,스팅어,스팅어,기아,0,0
284,맥스크루즈,맥스크루즈,현대,0,0
285,올뉴스포티지,스포티지,기아,뉴,0
286,르노삼성 QM6,QM6,르노삼성,0,0
287,X4,X4,BMW,0,0
288,MKX,MKX,링컨,0,0
289,현대 더뉴 N 투싼 TL,TL,아큐라,0,0
290,현대 EV 코나 OS,코나,현대,EV,OS
291,토요타 RAV4 2019년형,RAV4,토요타,0,0
292,지프 체로키,체로키,지프,0,0
293,그랜드체로키,체로키,지프,0,0
294,쉐보레/한국GM 더뉴 트랙스 U200,트랙스,쉐보레/한국GM,0,0
295,벤츠 GLE-클래스,GLE-클래스,벤츠,0,0
296,알페온,알페온,쉐보레/한국GM,0,0
297,폭스바겐 티구안 2013년형,티구안,폭스바겐,0,0
298,쌍용 렉스턴 스포츠 Q200,렉스턴 스포츠,쌍용,0,0
299,i40,i40,현대,0,0
300,스포티지R,스포티지,기아,R,0
301,모델 3,모델 3,테슬라,0,0
302,올뉴K3,K3,기아,올뉴,0
303,IS 250,IS,렉서스,0,0
304,르노삼성 뉴 QM5 H45,QM5,르노삼성,0,0
305,현대 베뉴,베뉴,현대,0,0
306,제네시스 G70,제네시스,현대,0,0
307,재규어 XE 2018년형,XE,재규어,0,0
308,현대 트랜스폼 쏘나타 NF,쏘나타,현대,트랜스폼,NF
309,현대 쏘나타 YF,쏘나타,현대,0,YF
310,르노삼성 뉴 QM3,QM3,르노삼성,0,0
311,현대 베뉴 QX1,QX,인피니티,0,0
312,SM520,SM5,르노삼성,0,0
313,파사트,파사트,폭스바겐,0,0
314,쉐보레/한국GM 트랙스 U200,트랙스,쉐보레/한국GM,0,0
315,토요타 RAV4 2020년형,RAV4,토요타,0,0
316,현대 뉴라이즈 PHEV 쏘나타 LF,쏘나타,현대,뉴라이즈 PHEV,LF
317,더뉴레이,레이,기아,더뉴,0
318,모델 X,모델 X,테슬라,0,0
319,기아 더뉴 K5 TF,K5,기아,0,0
320,뉴카렌스,카렌스,기아,뉴,0
321,익스플로러,익스플로러,포드,0,0
322,Z4,Z4,BMW,0,0
323,현대 더럭셔리 그랜저 TG,그랜저,현대,더럭셔리,TG
324,MKZ,MKZ,링컨,0,0
325,쌍용 렉스턴,렉스턴,쌍용,0,0
326,X1,X1,BMW,0,0
327,기아 모닝,모닝,기아,0,0
328,캠리,캠리,토요타,0,0
329,라세티,라세티,쉐보레/한국GM,0,0
330,아발론,아발론,토요타,0,0
331,현대 더뉴 투싼 TL,TL,아큐라,0,0
332,토요타 캠리,캠리,토요타,0,0
333,폭스바겐 CC,CC,폭스바겐,0,0
334,르노삼성 뉴신형 SM5 L43,SM5,르노삼성,0,0
335,제네시스 G330,제네시스,현대,0,0
336,현대 아반떼 HD,아반떼,현대,0,HD
337,E-마이티 2,0,0,0,0
338,뉴그랜져,0,0,0,0
339,쌍용 뉴스타일C 코란도 C200,코란도,쌍용,0,0
340,SM3,SM3,르노삼성,0,0
341,싼타페TM,싼타페,현대,0,TM
342,렉서스 ES 2016년형,ES,렉서스,0,0
343,로체,로체,기아,0,0
344,300C,300C,크라이슬러,0,0
345,토요타 캠리 2020년형,캠리,토요타,0,0
346,320d,0,0,0,0
347,티구안,티구안,폭스바겐,0,0
348,기아 부스터 쏘울 SK3,K3,기아,부스터,SK3
349,그랜저IG,그랜저,현대,0,IG
350,모델 S,모델 S,테슬라,0,0
351,컨트리맨,컨트리맨,미니,0,0
352,아반떼ad,아반떼,현대,0,0
353,K7하이브리드,K7,기아,하이브리드,0
354,벤츠 GLS-클래스,GLS-클래스,벤츠,0,0
355,올뉴투싼TL,TL,아큐라,0,0
356,기아 더뉴 카니발 YP,카니발,기아,더뉴,YP
357,싼타페DM,싼타페,현대,0,DM
358,아우디 A4,A4,아우디,0,0
359,YF소나타,0,0,0,0
360,그랜저HG,그랜저,현대,0,HG
361,쌍용 코란도 스포츠,코란도 스포츠,쌍용,0,0
362,쌍용 코란도,코란도,쌍용,0,0
363,더뉴K5,K5,기아,0,0
364,기아 뉴 모닝 SA,모닝,기아,뉴,SA
365,싼타페CM,싼타페,현대,0,CM
366,르노삼성 XM3,XM3,르노삼성,0,0
367,아우디 Q8,Q8,아우디,0,0
368,A클래스,0,0,0,0
369,그랜저IG하이브리드,그랜저,현대,0,IG
370,XT5,XT5,캐딜락,0,0
371,기블리,기블리,마세라티,0,0
372,A4,A4,아우디,0,0
373,뉴 액센트,0,0,0,0
374,투싼IX,투싼,현대,0,0
375,8시리즈,0,0,0,0
376,쌍용 티볼리 X100,티볼리,쌍용,0,X100
377,라세티프리미어,라세티,쉐보레/한국GM,프리미어,0
378,GLC,LC,렉서스,0,0
379,아반떼HD,아반떼,현대,0,HD
380,그랜져TG,0,0,0,0
381,쉐보레/한국GM 크루즈 J300,크루즈,홀덴,0,J300
382,체어맨,체어맨,쌍용,0,0
383,알티마,알티마,닛산,0,0
384,기아 쏘울 AM,쏘울,기아,0,AM
385,C클래스,0,0,0,0
386,F-페이스,0,0,0,0
387,현대 뉴라이즈 쏘나타 LF,쏘나타,현대,뉴라이즈,LF
388,기아 봉고 버스,봉고 버스,기아,0,0
389,기아 더뉴 K7 VG,K7,기아,더뉴,VG
390,르노삼성 SM7,SM7,르노삼성,0,0
391,Q3,Q3,아우디,0,0
392,마티즈크리에이티브,마티즈,쉐보레/한국GM,크리에이티브,0
393,CR-V,CR-V,혼다,0,0
394,쉐보레/한국GM 캡티바 유로5,캡티바,홀덴,0,0
395,현대 제네시스 DH,제네시스,현대,0,DH
396,쌍용 뉴C 코란도 C200,코란도,쌍용,0,0
397,디스커버리4,디스커버리,랜드로버,0,0
398,벤츠 G-클래스 W463: G63 AMG,G-클래스,벤츠,0,W463: G63 AMG
399,C220,0,0,0,0
400,6시리즈,0,0,0,0
401,5시리즈,0,0,0,0
402,벤츠 CLS-클래스,CLS-클래스,벤츠,0,0
403,랜드로버 디스커버리,디스커버리,랜드로버,0,0
404,캡쳐,0,0,0,0
405,마세라티 콰트로포르테 2019년형,콰트로포르테,마세라티,0,0
406,기아 HEV 니로 DE,니로,기아,HEV,DE
407,랭글러,랭글러,지프,0,0
408,기아 오피러스,오피러스,기아,0,0
409,르노삼성 SM5 KPQ,SM5,르노삼성,0,0
410,e-트론,0,0,0,0
411,쏘나타LF,쏘나타,현대,0,LF
412,NF쏘나타,쏘나타,현대,0,NF
413,NEW에쿠스,에쿠스,현대,0,0
414,V60,V60,볼보,0,0
415,Q50,Q5,아우디,0,0
416,벤츠 GT-클래스,GT-클래스,벤츠,0,0
417,QX50,QX,인피니티,0,0
418,맥시마,맥시마,닛산,0,0
419,토요타 캠리 2015년형,캠리,토요타,0,0
420,르노삼성 SM5,SM5,르노삼성,0,0
421,현대 제네시스 BH,제네시스,현대,0,BH
422,스포티지QL,스포티지,기아,0,QL
423,현대 쏘나타 dn8,쏘나타,현대,0,0
424,현대 싼타페TM,싼타페,현대,0,TM
425,쉐보레 트레일블레이저,트레일블레이저,쉐보레,0,0
426,기아 K9,K9,기아,0,0
427,NewSM5,SM5,르노삼성,0,0
428,기아 R 스포티지 SL,스포티지,기아,R,SL
429,현대 제네시스,제네시스,현대,0,0
430,NewSM3,SM3,르노삼성,0,0
431,현대 그랜저IG하이브리드,그랜저,현대,0,IG
432,현대 그랜저IG,그랜저,현대,0,IG
433,벤츠 GLC-클래스,GLC-클래스,벤츠,0,0
434,X6M,X6,BMW,0,0
435,기아 더뉴카니발,카니발,기아,더뉴,0
436,현대 벨로스터JS,벨로스터,현대,0,JS
437,현대 더뉴그랜저(IG),그랜저,현대,뉴,IG
438,현대 i30,i30,현대,0,0
439,기아 니로 하이브리드,니로,기아,0,0
440,기아 더뉴K5,K5,기아,0,0
441,현대 그랜져,0,0,0,0
442,현대 포터2,0,0,0,0
443,SM7,SM7,르노삼성,0,0
444,쌍용 렉스턴스포츠,스포츠,르노,0,0
445,제네시스 G90,제네시스,현대,0,0
446,현대 올뉴투싼TL,TL,아큐라,0,0
447,쉐보레 스파크,스파크,쉐보레/한국GM,0,0
448,제네시스 디올뉴G80,제네시스,현대,0,0
449,쉐보레 이쿼녹스,이쿼녹스,쉐보레/한국GM,0,0
450,테라칸,테라칸,현대,0,0
451,기아 쏘렌토 mq4,쏘렌토,기아,0,0
452,기아 K7하이브리드,K7,기아,하이브리드,0
453,제네시스 G70 IK,제네시스,현대,0,0
454,쉐보레 콜로라도,콜로라도,홀덴,0,0
455,제네시스 G80 DH,제네시스,현대,0,DH
456,기아 모하비,모하비,기아,0,0
457,120D,0,0,0,0
458,볼보 S60,S60,볼보,0,0
459,벤츠 SLK-클래스,SLK-클래스,벤츠,0,0
460,혼다 인사이트,인사이트,혼다,0,0
461,폭스바겐 Passat,0,0,0,0
462,벤츠 E300,0,0,0,0
463,현대 벨로스터,벨로스터,현대,0,0
464,아우디 Q7,Q7,아우디,0,0
465,현대 아반떼HD,아반떼,현대,0,HD
466,쉐보레/한국GM 올란도 J309,올란도,쉐보레,0,J309
467,현대 엑센트,엑센트,현대,0,0
468,기아 쏘렌토R,쏘렌토,기아,R,0
469,랜드로버 디스커버리스포츠,디스커버리,랜드로버,0,0
470,쉐보레 트랙스,트랙스,쉐보레/한국GM,0,0
471,쌍용 G4렉스턴,렉스턴,쌍용,G4,0
472,기아 모하비 더마스터,모하비,기아,0,0
473,쉐보레/한국GM 블레이저 1세대,블레이저,쉐보레,0,1세대
474,기아 더뉴소렌토,0,0,0,0
475,현대 더뉴 i30 GD,i30,현대,0,0
476,제네시스EQ900,EQ900,제네시스,0,0
477,쉐보레 트래버스,트래버스,쉐보레,0,0
478,현대 그랜저HG,그랜저,현대,0,HG
479,푸조208,208,푸조,0,0
480,현대 YF소나타,0,0,0,0
481,볼보 XC60,XC60,볼보,0,0
482,마이바흐,마이바흐,벤츠,0,0
483,기아 올뉴모닝,모닝,기아,올뉴,0
484,기아 올뉴쏘렌토,쏘렌토,기아,올뉴,0
485,쉐보레 더넥스트스파크,스파크,쉐보레/한국GM,더넥스트,0
486,랜드로버 레인지로버스포츠,레인지로버,랜드로버,0,0
487,벤츠 E-클래스 세단 W213,E-클래스,벤츠,0,세단 W213
488,르노삼성 뉴플래티넘 SM5 L43,SM5,르노삼성,0,0
489,기아 올뉴K7,K7,기아,올뉴,0
490,쉐보레/한국GM 더넥스트 스파크 M400,스파크,쉐보레/한국GM,0,M400
491,현대 그랜져TG,0,0,0,0
492,현대 엑센트 RB,엑센트,현대,0,RB
493,현대 아반떼MD,아반떼,현대,0,MD
494,캐딜락 XT6,XT6,캐딜락,0,0
495,현대 아이오닉,아이오닉,현대,0,0
496,포드 몬데오,몬데오,포드,0,0
497,쉐보레 말리부,말리부,쉐보레/한국GM,0,0
498,-,0,0,0,0
499,BMWX5,X5,BMW,0,0
500,NEWSM6,SM6,르노삼성,0,0
501,폭스바겐 티구안,티구안,폭스바겐,0,0
502,기아 스팅어,스팅어,기아,0,0
503,2008,2008,푸조,0,0
504,현대 제네시스G330,제네시스,현대,0,0
505,ㅁㅇㄹㅁㄹ,0,0,0,0
506,현대 NF쏘나타,쏘나타,현대,0,NF
507,현대 스타렉스 TQ,스타렉스,현대,0,TQ
508,현대 포터,0,0,0,0
509,로디우스,로디우스,쌍용,0,0
510,현대 아슬란,아슬란,현대,0,0
511,현대 투싼IX,투싼,현대,0,0
512,쉐보레/한국GM 볼트,볼트,쉐보레/한국GM,0,0
513,쉐보레/한국GM 2세대 트래버스,트래버스,쉐보레,2세대,2세대
514,테슬라 모델 3,모델 3,테슬라,0,0
515,르노삼성 뉴 SM5 EX1/DF,SM5,르노삼성,0,0
516,쉐보레/한국GM 콜로라도,콜로라도,홀덴,0,0
517,BMW X6,X6,BMW,0,0
518,볼보 XC90,XC90,볼보,0,0
519,현대 아반떼ad,아반떼,현대,0,0
520,랜드로버 디스커버리4,디스커버리,랜드로버,0,0
521,기아 SOUL,0,0,0,0
522,캐딜락 에스컬레이드,에스컬레이드,캐딜락,0,0
523,벤츠 new E-Class,0,0,0,0
524,마티즈,마티즈,쉐보레/한국GM,0,0
525,기아 5세대 (출시예정) 스포티지 NQ5,스포티지,기아,0,0
526,벤츠 S450,S4,아우디,0,0
527,쉐보레/한국GM 트래버스,트래버스,쉐보레,0,0
528,현대 HEV 코나 OS,코나,현대,HEV,OS
529,현대 뉴ix 투싼 LM,투싼,현대,0,0
530,기아 올뉴K3,K3,기아,올뉴,0
531,폭스바겐 GOLF,0,0,0,0
532,현대 N 벨로스터 JS,벨로스터,현대,N,JS
533,기아 더뉴레이,레이,기아,더뉴,0
534,뉴스타렉스,스타렉스,현대,뉴,0
535,카이런,카이런,쌍용,0,0
536,현대 i30 PD,i30,현대,0,0
537,기아 NIRO,0,0,0,0
538,BMW M3 E46,M3,BMW,0,E46
539,RAV4,RAV4,토요타,0,0
540,기아 프라이드 JB,프라이드,기아,0,JB
541,기아 뉴모닝,모닝,기아,뉴,0
542,현대 뉴그랜져,0,0,0,0
543,500x,0,0,0,0
544,기아 THE K9,K9,기아,0,0
545,티코,0,0,0,0
546,르노 캡쳐,0,0,0,0
547,캐딜락 CT6,CT6,캐딜락,0,0
548,렉서스 ES300h,ES,렉서스,0,0
549,기아 뉴스포티지 R,스포티지,기아,R,0
550,기아 더 뉴 니로 DE,니로,기아,더 뉴,DE
551,Audi A5,A5,아우디,0,0
552,렉서스 IS 250,IS,렉서스,0,0
553,현대 에쿠스,에쿠스,현대,0,0
554,현대 쏘나타LF,쏘나타,현대,0,LF
555,윈스톰,윈스톰,쉐보레/한국GM,0,0
556,현대 더뉴 아반떼 AD,아반떼,현대,더뉴,AD
557,기아 포르테,포르테,토요타,0,0
558,기아 PHEV K5 JK,K5,기아,0,0
559,기아 더뉴 K5 JF,K5,기아,0,0
560,벤츠 CLA-클래스,CLA-클래스,벤츠,0,0
561,기아 스포티지QL,스포티지,기아,0,QL
562,기아 올뉴 모닝 JA,모닝,기아,올뉴,JA
563,기아 뉴프라이드,프라이드,기아,0,0
564,bmw 320d,0,0,0,0
565,볼보 S90,S90,볼보,0,0
566,벤츠 E-클래스 W212,E-클래스,벤츠,0,W212
567,현대 벨로스터 FS,벨로스터,현대,0,FS
568,지프 COMPASS,0,0,0,0
569,르노삼성 XM3 LJL,XM3,르노삼성,0,0
570,기아 로체,로체,기아,0,0
571,기아 더뉴R 스포티지 SL,스포티지,기아,더뉴R,SL
572,현대 클릭,클릭,현대,0,0
573,기아 스포티지R,스포티지,기아,R,0
574,기아 K3 Koup,K3,기아,0,0
575,쉐보레/한국GM 크루즈,크루즈,홀덴,0,0
576,528i,0,0,0,0
577,르노삼성 클리오,클리오,르노,0,0
578,벤츠 GLE-클래스 W166,GLE-클래스,벤츠,0,0
579,볼보 V90,V90,볼보,0,0
580,NewSM7,SM7,르노삼성,0,0
581,랜드로버 이보크,0,0,0,0
582,랜드로버 레인지로버,레인지로버,랜드로버,0,0
583,솔라티,0,0,0,0
584,현대 소나타 뉴라이즈,0,0,0,0
585,기아 스토닉 YB,스토닉,기아,0,YB
586,쉐보레/한국GM 뉴 라보,라보,쉐보레/한국GM,뉴,0
587,S350,S3,아우디,0,0
588,제네시스G80,제네시스,현대,0,0
589,기아 뉴쏘렌토R,쏘렌토,기아,뉴,0
590,토요타 캠리 2010년형,캠리,토요타,0,0
591,벤츠 new C-Class,0,0,0,0
592,BMW 3 시리즈,3 시리즈,BMW,0,0
593,기아 K5 TF,K5,기아,0,0
594,혼다 오디세이,0,0,0,0
595,현대 HEV 그랜저 HG,그랜저,현대,HEV,HG
596,테슬라 모델 S,모델 S,테슬라,0,0
597,기아 포르테 TD,포르테,토요타,0,TD
598,포드 머스탱,머스탱,포드,0,0
599,토요타 프리우스 2017년형,프리우스,토요타,0,0
600,르노삼성 SM3,SM3,르노삼성,0,0
601,기아 더뉴 모닝 TA,모닝,기아,더뉴,TA
602,407SW,407,푸조,0,0
603,벤츠 C220d 4matic,0,0,0,0
604,현대 아반떼XD,아반떼,현대,0,XD
605,티구안 올스페이스,티구안,폭스바겐,0,0
606,제네시스G90,제네시스,현대,0,0
607,bmw X5,X5,BMW,0,0
608,포르쉐 마칸,마칸,포르쉐,0,0
609,카니발하이리무진,카니발,기아,0,0
610,현대 HEV 쏘나타 YF,쏘나타,현대,HEV,YF
611,볼보 2세대 XC90 더 뉴,XC90,볼보,2세대,더 뉴
612,기아 HEV 포르테 TD,포르테,토요타,HEV,TD
613,르노 마스터,마스터,르노,0,0
614,볼보 2세대 S60,S60,볼보,0,0
615,쉐보레 볼트EV,볼트,쉐보레/한국GM,0,EV
616,BMW X-6,0,0,0,0
617,코란도스포츠,코란도,쌍용,0,0
618,기아 F/L (출시예정) K3 BD,K3,기아,F/L (출시예정),BD
619,기아 올뉴 HEV K7 YG,K7,기아,올뉴 HEV,YG
620,네비게이터,네비게이터,링컨,0,0
621,올뉴아반떼,아반떼,현대,올뉴,0
622,기아 올뉴 K7 YG,K7,기아,올뉴,YG
623,폭스바겐 골프 2013년형,골프,폭스바겐,0,0
624,현대 아반떼 sport,아반떼,현대,0,0
625,현대 HEV 그랜저 IG,그랜저,현대,HEV,IG
626,기아 트럭 3 2열 봉고 PU,2열 봉고,기아,트럭 3,PU
627,쉐보레/한국GM 말리부 V300,말리부,쉐보레/한국GM,0,V300
628,쌍용 W 렉스턴 Y200,0,0,0,0
629,쉐보레 올란도,올란도,쉐보레,0,0
630,쉐보레 임팔라,임팔라,쉐보레,0,0
631,쌍용 티볼리아머,티볼리,쌍용,아머,0
632,토스카,토스카,쉐보레/한국GM,0,0
633,폭스바겐 골프,골프,폭스바겐,0,0
634,인피니티 G37,0,0,0,0
635,기아 포르테 쿱 XK,포르테 쿱,기아,0,0
636,현대 베라크루즈 EN,베라크루즈,현대,0,0
637,현대 LF쏘나타,쏘나타,현대,0,LF
638,렉서스 ES 2017년형,ES,렉서스,0,0
639,기아 로체 MG,로체,기아,0,MG
640,르노삼성 SM3 L38,SM3,르노삼성,0,0
641,벤츠 A-클래스,A-클래스,벤츠,0,0
642,렉서스 CT200h,0,0,0,0
643,현대 뉴 쏘나타 EF,쏘나타,현대,뉴,EF
644,BMW 5 시리즈 F10/11,5 시리즈,BMW,0,0
645,BMW X5 E70,X5,BMW,0,0
646,현대 더 뉴 HEV 아이오닉 AE,아이오닉,현대,더 뉴 HEV,AE
647,현대 넥소,0,0,0,0
648,제네시스 EQ900,EQ900,제네시스,0,0
649,기아 레이 TAM,레이,기아,0,TAM
650,엑센트,엑센트,현대,0,0
651,기아 뉴 스포티지 KM,스포티지,기아,뉴,KM
652,기아 프라이드(2012),프라이드,기아,0,0
653,E300Amg,0,0,0,0
654,르노삼성 마스터 벤,마스터,르노,0,벤
655,폭스바겐 파사트,파사트,폭스바겐,0,0
656,기아 프라이드 UB,프라이드,기아,0,UB
657,기아 뉴 카렌스 UN,카렌스,기아,뉴,UN
658,볼보 V60,V60,볼보,0,0
659,뉴쏘렌토R,쏘렌토,기아,뉴,0
660,현대 아이오닉하이브리드,아이오닉,현대,0,0
661,트럭,0,0,0,0
662,bmw 530i,0,0,0,0
663,기아 K5터보GDi,K5,기아,0,0
664,프리우스,프리우스,토요타,0,0
665,볼보V60,V60,볼보,0,0
666,혼다 CR-V,CR-V,혼다,0,0
667,쉐보레 캡티바,캡티바,홀덴,0,0
668,현대 더 뉴 PHEV 아이오닉 AE,아이오닉,현대,더 뉴 PHEV,AE
669,기아 K7 VG,K7,기아,0,VG
670,쉐보레/한국GM 말리부,말리부,쉐보레/한국GM,0,0
671,렉서스 ES,ES,렉서스,0,0
672,폭스바겐 Golf TDI,0,0,0,0
673,BMW6시리즈,0,0,0,0
674,기아 K3 YD,K3,기아,0,YD
675,기아 더SUV 스포티지 QL,스포티지,기아,더SUV,QL
676,링컨 노틸러스,노틸러스,링컨,0,0
677,르노삼성 뉴F/L SM3 L38,SM3,르노삼성,0,0
678,르노 마스터S,마스터,르노,0,0
679,리프,리프,닛산,0,0
680,쉐보레/한국GM 세부 분류,0,0,0,0
681,쉐보레/한국GM 토스카 V250,토스카,쉐보레/한국GM,0,0
682,벤츠 마이바흐,마이바흐,벤츠,0,0
683,쉐보레/한국GM 프리미어 라세티 J300,라세티,쉐보레/한국GM,프리미어,J300
684,Audi Q5,Q5,아우디,0,0
685,아우디 A6 C7,A6,아우디,0,C7
686,현대 벨로스터 JS,벨로스터,현대,0,JS
687,BMWX3,X3,BMW,0,0
688,랜드로버 레인지로버 보그,레인지로버 보그,랜드로버,0,0
689,허머 H1,H1,허머,0,0
690,기아 K9 KH,K9,기아,0,KH
691,루비콘,루비콘,지프,0,0
692,기아 뉴 오피러스 GH,오피러스,기아,뉴,GH
693,GT,0,0,0,0
694,기아 올뉴스포티지,스포티지,기아,뉴,0
695,렉서스 LS,0,0,0,0
696,기아 더마스터 쏘렌토 UM,쏘렌토,기아,0,UM
697,현대 뉴그랜져 XG,0,0,0,0
698,닛산 알티마,알티마,닛산,0,0
699,AClass,0,0,0,0
700,쉐보레/한국GM 볼트 EV,볼트,쉐보레/한국GM,0,EV
701,현대 더뉴그랜저,그랜저,현대,뉴,0
702,현대 베라크루즈,베라크루즈,현대,0,0
703,혼다 어코드,어코드,혼다,0,0
704,e-카운티,0,0,0,0
705,BMW 5 시리즈,5 시리즈,BMW,0,0
706,기아 더뉴 하이리무진 카니발 YP,카니발,기아,더뉴 하이리무진,YP
707,현대 4세대(2020년상반기예정) 투싼 NX4,NX,렉서스,0,0
708,캐딜락 XT5,XT5,캐딜락,0,0
709,르노삼성 SM6 LFD,SM6,르노삼성,0,0
710,BMW 7시리즈,0,0,0,0
711,sm5newimpression,0,0,0,0
712,폭스바겐 CC 2013년형,CC,폭스바겐,0,0
713,르노삼성 노바 SM7 L47,SM7,르노삼성,노바,L47
714,토요타 캠리 2019년형,캠리,토요타,0,0
715,현대 올뉴 투싼 TL,TL,아큐라,0,0
716,기아 세부 분류,0,0,0,0
717,토요타 시에나 2020년형,시에나,토요타,0,0
718,현대 세부 분류,0,0,0,0
719,기아 더 뉴 모하비 HM,모하비,기아,더 뉴,HM
720,크라이슬러 300C,300C,크라이슬러,0,0
721,르노삼성 뉴아트 SM7 EX2,SM7,르노삼성,0,0
722,벤츠 C200카브리올레,0,0,0,0
723,M4,M4,BMW,0,0
724,쉐보레/한국GM 크리에이티브 마티즈 M300,마티즈,쉐보레/한국GM,0,0
725,익스프로러밴,0,0,0,0
726,토요타 캠리 2013년형,캠리,토요타,0,0
727,현대 EF쏘나타,쏘나타,현대,0,EF
728,렉서스UX,UX,렉서스,0,0
729,쌍용 렉스턴 Y200,0,0,0,0
730,현대 더프라임 싼타페 DM,싼타페,현대,더프라임,DM
731,포드 익스플로러,익스플로러,포드,0,0
732,현대 더뉴 아반떼 MD,아반떼,현대,더뉴,MD
733,마세라티 기블리,기블리,마세라티,0,0
734,아우디 A4 B8,A4,아우디,0,B8
735,렉서스 ES시리즈,ES,렉서스,0,0
736,기아 더 K9 RJ,K9,기아,더,RJ
737,308CC,308,푸조,0,0
738,bmw 540i,0,0,0,0
739,현대 뉴라이즈 HEV 쏘나타 LF,쏘나타,현대,뉴라이즈 HEV,LF
740,기아 뉴오피러스,오피러스,기아,뉴,0
741,현대 소나타하이브리드,0,0,0,0
742,도요타시에나,시에나,토요타,0,0
743,Audi S4,S4,아우디,0,0
744,E200,0,0,0,0
745,혼다 어코드 2019년형,어코드,혼다,0,0
746,벤츠 C-클래스 W204,C-클래스,벤츠,0,W204
747,현대 i40,i40,현대,0,0
748,현대 HEV 쏘나타 LF,쏘나타,현대,HEV,LF
749,그랜트채로키,0,0,0,0
750,시보레 콜로라도,콜로라도,홀덴,0,0
751,미니쿠퍼,0,0,0,0
752,렉스턴2,렉스턴,쌍용,0,0
753,벤츠 더뉴 C-클래스 카브리올레 A205,C-클래스,벤츠,0,0
754,폭스바겐 페이톤,페이톤,폭스바겐,0,0
755,렉서스 LS600hL,0,0,0,0
756,현대 뉴 아반떼 XD,아반떼,현대,뉴,XD
757,프리마,0,0,0,0
758,쉐보레/한국GM 올뉴 마티즈 M200/250,0,0,0,0
759,미니 뉴 F/L 클럽맨 F54,클럽맨,미니,0,0
760,SM7노바,SM7,르노삼성,노바,0
761,르노삼성 뉴임프레션 SM5 EX1/DF,SM5,르노삼성,0,0
762,르노삼성 QM6 HZG,QM6,르노삼성,0,0
763,BMW X5,X5,BMW,0,0
764,뉴카이엔,카이엔,포르쉐,0,0
765,카마로,카마로,쉐보레,0,0
766,카이엔,카이엔,포르쉐,0,0
767,기아 부스터 EV 쏘울 SK3,K3,기아,부스터 EV,SK3
768,쉐보레/한국GM 이쿼녹스,이쿼녹스,쉐보레/한국GM,0,0
769,렉서스RX시리즈,0,0,0,0
770,G2X,0,0,0,0
771,비스토,0,0,0,0
772,쉐보레/한국GM 이쿼녹스 3세대,이쿼녹스,쉐보레/한국GM,3세대,0
773,현대 더 뉴 EV 아이오닉 AE,아이오닉,현대,더 뉴 EV,AE
774,아우디 A8,A8,아우디,0,0
775,bmw 520d 투어링,0,0,0,0
776,쉐보레/한국GM 맥스 윈스톰 C105,윈스톰,쉐보레/한국GM,0,0
777,벤츠 더뉴 C-클래스 세단 W205,C-클래스,벤츠,0,0
778,코란도투리스모,코란도,쌍용,0,0
779,포드 머스탱 2020년형,머스탱,포드,0,0
780,벤츠 S-클래스 W221,S-클래스,벤츠,0,W221
781,렉서스 NX300h,NX,렉서스,0,0
782,AD,0,0,0,0
783,쌍용 C 코란도 C200,코란도,쌍용,0,0
784,쉐보레/한국GM 알페온,알페온,쉐보레/한국GM,0,0
785,아베오,아베오,쉐보레/한국GM,0,0
786,현대 2 1열 포터 HR,1열 포터,현대,0,HR
787,기아 더마스터 모하비 HM,모하비,기아,0,HM
788,기아 프라이드,프라이드,기아,0,0
789,기아 K5 JK,K5,기아,0,0
790,캡티바,캡티바,홀덴,0,0
791,폭스바겐 Jetta,0,0,0,0
792,르노삼성 마스터,마스터,르노,0,0
793,코티나,0,0,0,0
794,기타,0,0,0,0
795,현대 2 2열 포터 HR,2열 포터,현대,0,HR
796,르노삼성 노바 SM5 L43,SM5,르노삼성,0,0
797,렉서스 RX 2019년형,0,0,0,0
798,벤츠 더뉴 GLE-클래스 W167,GLE-클래스,벤츠,0,0
799,벤츠 E-클래스 카브리올레 A213,E-클래스,벤츠,0,카브리올레 A213
800,그랜져5G,0,0,0,0
801,현대 그랜저 XG,그랜저,현대,0,XG
802,기아 뉴카렌스,카렌스,기아,뉴,0
803,재규어 X타입,X타입,재규어,0,0
804,제네시스 GV70,제네시스,현대,0,0
805,폭스바겐 -,0,0,0,0
806,기아 R 카니발 VQ,카니발,기아,R,VQ
807,BMW3시리즈,0,0,0,0
808,기아 K3 GT,K3 GT,기아,0,0
809,임팔라,임팔라,쉐보레,0,0
810,포르쉐 카이맨 S,카이맨,포르쉐,0,0
811,기아 더뉴 쏘렌토 UM,쏘렌토,기아,더뉴,UM
812,푸조 2008,2008,푸조,0,0
813,벤츠 GLA-클래스,GLA-클래스,벤츠,0,0
814,기아 K3 GT YD,K3 GT,기아,0,0
815,BMW 1 시리즈,1 시리즈,BMW,0,0
816,토요타 프리우스 2019년형,프리우스,토요타,0,0
817,랜드로버 벨라,0,0,0,0
818,제네시스G70,제네시스,현대,0,0
819,BMW5시리즈,0,0,0,0
820,제네시스 EQ900 HI,EQ900,제네시스,0,0
821,현대 뉴 그랜저 XG,그랜저,현대,뉴,XG
822,현대 마이티 WQ,0,0,0,0
823,비이스만 GT 2020년형,0,0,0,0
824,혼다 파일럿,파일럿,혼다,0,0
825,미니 컨트리맨,컨트리맨,미니,0,0
826,4시리스,0,0,0,0
827,파일럿,파일럿,혼다,0,0
828,현대 투싼 JM,투싼,현대,0,JM
829,폭스바겐 티구안 2018년형,티구안,폭스바겐,0,0
830,현대 싼타페 SM,싼타페,현대,0,SM
831,벤츠 C-클래스 쿠페 C204,C-클래스,벤츠,0,0
832,그라나다,0,0,0,0
833,쌍용 W 체어맨 W200,체어맨,쌍용,0,0
834,혼다 시빅,시빅,혼다,0,0
835,재규어XF,XF,재규어,0,0
836,기아 그랜드 카니발 VQ,카니발,기아,그랜드,VQ
837,볼보 S90 2019년형,S90,볼보,0,0
838,볼보 XC90 2020년형,XC90,볼보,0,0
839,벤츠 B-클래스 W247,B-클래스,벤츠,0,W247
840,링컨 MKS 2019년형,MKS,링컨,0,0
841,닷지 니트로 2020년형,니트로,닷지,0,0
842,벤츠 B-클래스,B-클래스,벤츠,0,0
843,다이하쓰 미라 2020년형,미라,다이하쓰,0,0
844,HGHGHGH,0,0,0,0
845,토요타 프리우스C,프리우스C,토요타,0,0
846,볼보 FH500 2020년형,0,0,0,0
847,벤츠 C220,0,0,0,0
848,FDFFF,0,0,0,0
849,벤츠 B-클래스 W245,B-클래스,벤츠,0,0
850,undefined BOBOBOBO,0,0,0,0
851,HALEYCAR  ,0,0,0,0
852,헤일리차  ,0,0,0,0
853,undefined 333333,0,0,0,0
854,undefined 특수차량,0,0,0,0
855,기아 카렌스2,카렌스,기아,2,0
856,undefined THE NEW MASTER,0,0,0,0
857,TESTSEST,STS,캐딜락,0,0
858,쉐보레/한국GM 아베오 T300,아베오,쉐보레/한국GM,0,T300
859,인피니티 G 시리즈 2009년형,G 시리즈,인피니티,0,0
860,링컨 컨티넨탈,컨티넨탈,링컨,0,0
861,현대 더뉴 i40 VF,i40,현대,0,0
862,르노삼성 ZE SM3 L38,SM3,르노삼성,0,0
863,아우디 A5 2020년형,A5,아우디,0,0
864,볼보 FH500,0,0,0,0
865,벤츠 CLK-클래스 C209/A209,CLK-클래스,벤츠,0,0
866,스마트 포투 2018년형,포투,스마트,0,0
867,캐딜락 CTS,CTS,캐딜락,0,0
868,볼보 XC40 2016년형,XC40,볼보,0,0
869,람보르기니 레벤톤 2020년형,레벤톤,람보르기니,0,0
870,폭스바겐 골프 2020년형,골프,폭스바겐,0,0
871,닷지 바이퍼 2020년형,바이퍼,닷지,0,0
872,쉐보레/한국GM 올란도,올란도,쉐보레,0,0
873,링컨 LS 2020년형,0,0,0,0
874,BMW 2 시리즈,2 시리즈,BMW,0,0
875,혼다 어코드 2016년형,어코드,혼다,0,0
876,현대 i40 VF,i40,현대,0,0
877,람보르기니 레벤톤 2019년형,레벤톤,람보르기니,0,0
878,테슬라 모델 X 2019년형,모델 X,테슬라,0,0
879,쉐보레/한국GM 아베오,아베오,쉐보레/한국GM,0,0
880,쉐보레/한국GM 윈스톰,윈스톰,쉐보레/한국GM,0,0
881,벤츠 new S-Class,0,0,0,0
882,쉐보레 콜로라도 2019년형,콜로라도,홀덴,0,0
883,벤츠 E-클래스 W213,E-클래스,벤츠,0,0
884,기아 프리미어 K7 YG F/L,K7,기아,프리미어,YG
885,New 액센트,0,0,0,0
886,쉐보레/한국GM 마티즈,마티즈,쉐보레/한국GM,0,0
887,아반떼XD,아반떼,현대,0,XD
888,현대 쏘나타 DN8 센슈어스,쏘나타,현대,0,DN8
889,기아 더뉴 HEV K5 JF,K5,기아,0,0
890,쉐보레/한국GM 라보,라보,쉐보레/한국GM,0,0
891,현대 F/L 투싼 TL,TL,아큐라,0,0
892,벤츠 E-클래스 E220d,E-클래스,벤츠,0,0
893,벤츠 E-클래스 E450,E-클래스,벤츠,0,0
894,오피러스,오피러스,기아,0,0
895,기아 모하비 더마스터 HM,모하비,기아,0,HM
896,기아 트럭 2열 봉고 3 PU,2열 봉고,기아,0,PU
897,제네시스 F/L G90 HI,제네시스,현대,0,0
898,기아 더뉴 모하비 HM,모하비,기아,0,HM
899,메가트럭,0,0,0,0
900,현대 1열 포터 2 HR,1열 포터,현대,0,HR
901,쌍용 티볼리에어,티볼리,쌍용,에어,0
902,308SW,308SW,푸조,0,0
903,기아 EV 니로,니로,기아,EV,0
904,기아 이노베이션 로체 MG,로체,기아,이노베이션,MG
905,현대 2열 포터 2 HR,2열 포터,현대,0,HR
906,기아 더 뉴 하이브리드 니로 DE,니로,기아,더 뉴,DE
907,르노삼성 르노 마스터 버스,마스터,르노,0,버스
908,혼다 파일럿 2020년형,파일럿,혼다,0,0
909,캐시카이,캐시카이,닛산,0,0
910,벤츠 E-클래스 E300d,E-클래스,벤츠,0,0
911,쌍용 아머 티볼리 X110,티볼리,쌍용,0,X110
912,현대 마이티,0,0,0,0
913,기아 CUV 스토닉 YB,스토닉,기아,0,YB
914,혼다 오딧세이,오딧세이,혼다,0,0
915,소형버스 LESTAR,ES,렉서스,0,0
916,쎄라토,쎄라토,기아,0,0
917,쌍용 베리 뉴 티볼리,티볼리,쌍용,베리 뉴,0
918,포니,0,0,0,0
919,기아 스팅어 CK,스팅어,기아,0,CK
920,기아 트럭 1열 봉고 3 PU,1열 봉고,기아,0,PU
921,기아 하이브리드 K5 TF,K5,기아,0,0
922,볼보 S60 2020년형,S60,볼보,0,0
923,쌍용 뉴W 체어맨 W200,체어맨,쌍용,0,0
924,BMW X3,X3,BMW,0,0
925,기아 쏘울 부스터 EV SK3,K3,기아,부스터 EV,SK3
926,벤츠 CLS-클래스 C257,CLS-클래스,벤츠,0,0
927,폭스바겐 파사트 2014년형,파사트,폭스바겐,0,0
928,캐딜락 에스컬레이드 2019년형,에스컬레이드,캐딜락,0,0
929,토요타 아발론 2019년형,아발론,토요타,0,0
930,undefined undefined,0,0,0,0
931,푸조 3008 2020년형,3008,푸조,0,0
932,링컨 MKZ,MKZ,링컨,0,0
933,벤츠 C-클래스 W205/C205,C-클래스,벤츠,0,0
934,NX300,NX,렉서스,0,0
935,르노삼성 트위지,트위지,르노삼성,0,0
936,볼보 S80,S80,볼보,0,0
937,링컨 MKZ 2016년형,MKZ,링컨,0,0
938,현대 스타렉스 A1,스타렉스,현대,0,A1
939,쉐보레/한국GM 올 뉴 말리부 V400,말리부,쉐보레/한국GM,0,0
940,뉴체어맨,체어맨,쌍용,뉴,0
941,아우디 A6 2014년형,A6,아우디,0,0
942,쉐보레/한국GM SS 카마로 6세대,카마로,쉐보레,SS,6세대
943,벤츠 E-클래스 E300 4MATIC,E-클래스,벤츠,0,0
944,렉서스 ES 2012년형,ES,렉서스,0,0
945,2011액센트 위트,0,0,0,0
946,벤츠 M-클래스,M-클래스,벤츠,0,0
947,BMW X4 F26,X4,BMW,0,F26
948,라보,라보,쉐보레/한국GM,0,0
949,BMW 5 시리즈 E39,5 시리즈,BMW,0,0
950,기아 PHEV 니로 DE,니로,기아,PHEV,DE
951,볼보 V40,V40,볼보,0,0
952,쉐보레/한국GM 볼트 2020년형,볼트,쉐보레/한국GM,0,2
953,현대트럭메가,0,0,0,0
954,폭스바겐 파사트 2008년형,2008,푸조,0,0
955,C4칵투스,C4,시트로엥,0,0
956,기아 쏘울 부스터 SK3,K3,기아,부스터,SK3
957,포드 익스플로러 2016년형,익스플로러,포드,0,0
958,벤츠 AMG GT C190,0,0,0,0
959,벤츠 S-클래스 2019년형,S-클래스,벤츠,0,0
960,벤츠 AMG GT,0,0,0,0
961,아우디 A6 2013년형,A6,아우디,0,0
962,벤츠 B-클래스 W246,B-클래스,벤츠,0,W246
963,현대 아반떼 XD,아반떼,현대,0,XD
964,쌍용 로디우스,로디우스,쌍용,0,0
965,폭스바겐CC,CC,폭스바겐,0,0
966,쉐보레 카마로,카마로,쉐보레,0,0
967,카렌스,카렌스,기아,0,0
968,렉서스 RX 350,0,0,0,0
969,NIRO,0,0,0,0
970,랜드로버 레인지로버 보그 2017년형,레인지로버 보그,랜드로버,0,0
971,S550,550,페라리,0,0
972,랜드로버 디펜더 2019년형,디펜더,랜드로버,0,0
973,기아 쏘울,쏘울,기아,0,0
974,기아 쎄라토 LD,쎄라토,기아,0,LD
975,푸조 3008,3008,푸조,0,0
976,미니 컨트리맨 2020년형,컨트리맨,미니,0,0
977,링컨 MKT 2019년형,MKT,링컨,0,0
978,마쯔다 5 2020년형,0,0,0,0
979,렉서스 GS 2018년형,GS,렉서스,0,0
980,랜드로버 디스커버리 스포츠 2019년형,디스커버리 스포츠,랜드로버,0,0
981,닷지 그랜드 캐러밴,그랜드 캐러밴,닷지,0,0
982,닷지 니트로 2019년형,니트로,닷지,0,0
983,마쯔다 2 (데미오) 2019년형,2 (데미오),마쯔다,0,0
984,링컨 MKC 2016년형,MKC,링컨,0,0
985,렉서스 CT 2020년형,CT,렉서스,0,0
986,베르나,베르나,현대,0,0
987,볼보 XC60 2019년형,XC60,볼보,0,0
988,닛산 로그 2020년형,로그,닛산,0,0
989,랜드로버 디스커버리 2020년형,디스커버리,랜드로버,0,0
990,다이하쓰 마테리아 2020년형,마테리아,다이하쓰,0,0
991,닛산 370Z,370Z,닛산,0,0
992,링컨 MKS 2017년형,MKS,링컨,0,0
993,로터스 2-일레븐 2019년형,2-일레븐,로터스,0,0
994,비이스만 로드스터,로드스터,비이스만,0,0
995,트위지,트위지,르노삼성,0,0
996,볼보 C70,C70,볼보,0,0
997,폭스바겐 아테온,아테온,폭스바겐,0,0
998,레조,0,0,0,0
999,링컨 MKC,MKC,링컨,0,0
1000,다이하쓰 미라,미라,다이하쓰,0,0
1001,렉서스 CT 2019년형,CT,렉서스,0,0
1002,렉서스 UX 2020년형,UX,렉서스,0,0
1003,기아 뉴 쏘렌토 BL,쏘렌토,기아,뉴,BL
1004,쌍용 액티언 스포츠,액티언 스포츠,쌍용,0,0
1005,혼다 어코드 2020년형,어코드,혼다,0,0
1006,로체이노베이션,로체,기아,이노베이션,0
1007,S450,S4,아우디,0,0
1008,뉴베르나,베르나,현대,뉴,0
1009,아반떼MD,아반떼,현대,0,MD
1010,지프 랭글러,랭글러,지프,0,0
1011,현대 EV 아이오닉 AE,아이오닉,현대,EV,AE
1012,C220d 4matic,0,0,0,0
1013,르노삼성 Neo SM3 L38,SM3,르노삼성,0,0
1014,벤츠 new CLS-Class,0,0,0,0
1015,마칸,마칸,포르쉐,0,0
1016,쌍용 더뉴 렉스턴 스포츠 Q150,렉스턴 스포츠,쌍용,0,0
1017,현대 HEV 아반떼 HD,아반떼,현대,0,HD
1018,아이오닉하이브리드,아이오닉,현대,0,0
1019,포커스해치백,포커스,포드,0,0
1020,현대 뉴 클릭 TB,클릭,현대,뉴,TB
1021,아우디 A3 2010년형,A3,아우디,0,0
1022,르노삼성 SM7 Ex2,SM7,르노삼성,0,Ex2
1023,현대 더뉴 제네시스 쿠페 BK,제네시스 쿠페,현대,0,0
1024,현대 맥스크루즈,맥스크루즈,현대,0,0
1025,옵티마,옵티마,기아,0,0
1026,기아 쏘렌토 BL,쏘렌토,기아,0,BL
1027,LF쏘나타,쏘나타,현대,0,LF
1028,폭스바겐 폴로 2014년형,폴로,폭스바겐,0,0
1029,카렌스2,카렌스,기아,2,0
1030,혼다 어코드 2008년형,2008,푸조,0,0
1031,미니 컨트리맨 2017년형,컨트리맨,미니,0,0
1032,마티즈2,마티즈,쉐보레/한국GM,2,0
1033,링컨MKS,MKS,링컨,0,0
1034,포르쉐 파나메라 2019년형,파나메라,포르쉐,0,0
1035,닛산 350Z,350Z,닛산,0,0
1036,BMWX1,X1,BMW,0,0
1037,르노삼성 SM3 N17,SM3,르노삼성,0,0
1038,쌍용 코란도 투리스모 A170,코란도 투리스모,쌍용,0,A170
1039,토요타 프리우스,프리우스,토요타,0,0
1040,쉐보레/한국GM 스파크 M300,스파크,쉐보레/한국GM,0,M300
1041,벤츠 GLK-클래스,GLK-클래스,벤츠,0,0
1042,포커스세단,포커스,포드,0,0
1043,혼다 파일럿 2019년형,파일럿,혼다,0,0
1044,그랜져 XG,0,0,0,0
1045,푸조 308SW,308SW,푸조,0,0
1046,BMW F/L 1 시리즈 F20,1 시리즈,BMW,F/L,F20
1047,기아 카렌스 2 RS,카렌스,기아,2,RS
1048,540i,0,0,0,0
1049,르노삼성 네오 QM5 H45,QM5,르노삼성,0,0
1050,현대 더 뉴 아이오닉,아이오닉,현대,0,0
1051,제네시스G80스포츠,제네시스,현대,0,0
1052,BMW 6 시리즈 GT,6 시리즈 GT,BMW,0,0
1053,아우디 A7,A7,아우디,0,0
1054,쉐보레/대우 더뉴 스파크 M400,스파크,쉐보레/한국GM,0,M400
1055,현대 PHEV 아이오닉 AE,아이오닉,현대,PHEV,AE
1056,쉐보레/대우 마티즈,마티즈,쉐보레/한국GM,0,0
1057,IS,IS,렉서스,0,0
1058,트라제XG,트라제XG,현대,0,0
1059,쉐보레/대우 크루즈,크루즈,홀덴,0,0
1060,현대 클릭 TB,클릭,현대,0,TB
1061,소나타 뉴라이즈,0,0,0,0
1062,혼다 오딧세이 2020년형,오딧세이,혼다,0,0
1063,쉐보레/대우 더 뉴 말리부 V400,말리부,쉐보레/한국GM,0,0
1064,닛산 X-Trail,0,0,0,0
1065,BMW 4 시리즈,4 시리즈,BMW,0,0
1066,쉐보레/대우 임팔라 10세대,임팔라,쉐보레,0,10세대
1067,포드 토러스,토러스,포드,0,0
1068,소나타하이브리드,0,0,0,0
1069,쉐보레/대우 더뉴 트랙스 U200,트랙스,쉐보레/한국GM,0,0
1070,BMW X5 F15,X5,BMW,0,0
1071,미니 2열 쿠퍼 2014년형,2열 쿠퍼,미니,0,0
1072,쉐보레/대우 크루즈 J300,크루즈,홀덴,0,J300
1073,쉐보레/대우 올란도,올란도,쉐보레,0,0
1074,3008,3008,푸조,0,0
1075,체어맨W,체어맨,쌍용,W,0
1076,쥬크,0,0,0,0
1077,머스탱,머스탱,포드,0,0
1078,쉐보레/대우 말리부,말리부,쉐보레/한국GM,0,0
1079,쉐보레/대우 라세티,라세티,쉐보레/한국GM,0,0
1080,BMW 7 시리즈,7 시리즈,BMW,0,0
1081,토요타 프리우스 2020년형,프리우스,토요타,0,0
1082,닛산 큐브,큐브,닛산,0,0
1083,혼다 어코드 2009년형,0,0,0,0
1084,쉐보레/대우 캡티바,캡티바,홀덴,0,0
1085,쉐보레/대우 트랙스,트랙스,쉐보레/한국GM,0,0
1086,현대 뉴 베르나 LC,베르나,현대,0,0
1087,쌍용 체어맨,체어맨,쌍용,0,0
1088,뉴프라이드,프라이드,기아,0,0
1089,캐딜락 CT6 2019년형,CT6,캐딜락,0,0
1090,타운카,타운카,링컨,0,0
1091,쉐보레/대우 스파크,스파크,쉐보레/한국GM,0,0
1092,NX300h,NX,렉서스,0,0
1093,뉴아반떼XD,아반떼,현대,뉴,XD
1094,쉐보레/대우 올란도 J309,올란도,쉐보레,0,J309
1095,기아 쎄라토,쎄라토,기아,0,0
1096,쉐보레/대우 뉴 라보,라보,쉐보레/한국GM,뉴,0
1097,HR-V,HR-V,혼다,0,0
1098,쉐보레/대우 임팔라,임팔라,쉐보레,0,0
1099,현대 트라제XG,트라제XG,현대,0,0
1100,쉐보레/대우 윈스톰,윈스톰,쉐보레/한국GM,0,0
1101,혼다 CR-Z,CR-Z,혼다,0,0
1102,트라고,0,0,0,0
1103,혼다 어큐라,0,0,0,0
1104,5008,5008,푸조,0,0
1105,프리랜더,프리랜더,랜드로버,0,0
1106,스마트,0,0,0,0
1107,SL클래스,0,0,0,0
1108,쌍용 액티언 스포츠 Q100,액티언 스포츠,쌍용,0,0
1109,베리타스VERITAS,베리타스,쉐보레/한국GM,0,0
1110,벤츠 SL-클래스,SL-클래스,벤츠,0,0
1111,닷지 챌린저,챌린저,닷지,0,0
1112,벤츠 S-클래스 2018년형,S-클래스,벤츠,0,0
1113,쉐보레/대우 볼트 2019년형,볼트,쉐보레/한국GM,0,2
1114,닷지램픽업,픽업,GMC,0,0
1115,오디세이,0,0,0,0
1116,BMW 3 시리즈 F30/31/34,3 시리즈,BMW,0,F30/31/34
1117,푸조 508,508,푸조,0,0
1118,뉴비틀 Cabriolet,비틀,폭스바겐,0,0
1119,현대 테라칸 HP,테라칸,현대,0,HP
1120,쉐보레/대우 볼트 2020년형,볼트,쉐보레/한국GM,0,2
1121,스카니아,0,0,0,0
1122,타코마,0,0,0,0
1123,쉐보레/대우 스파크 M300,스파크,쉐보레/한국GM,0,M300
1124,쉐보레/대우 크리에이티브 마티즈 M300,마티즈,쉐보레/한국GM,0,0
1125,윈스톰맥스,윈스톰,쉐보레/한국GM,맥스,0
1126,폭스바겐 폴로,폴로,폭스바겐,0,0
1127,볼보 V60 2019년형,V60,볼보,0,0
1128,쉐보레/대우 프리미어 라세티 J300,라세티,쉐보레/한국GM,프리미어,J300
1129,BMWNEW7시리즈,0,0,0,0
1130,RX 450h,0,0,0,0
1131,LS500,0,0,0,0
1132,벤츠 GLE-클래스 2017년형,GLE-클래스,벤츠,0,0
1133,530i,0,0,0,0
1134,혼다 CR-V 2020년형,CR-V,혼다,0,0
1135,큐브,큐브,닛산,0,0
1136,쉐보레/대우 트랙스 U200,트랙스,쉐보레/한국GM,0,0
1137,Golf TDI,0,0,0,0
1138,쉐보레/대우 뉴 라세티 J200,라세티,쉐보레/한국GM,0,0
1139,푸조 206 2006년형,0,0,0,0
1140,볼보 XC90 2019년형,XC90,볼보,0,0
1141,EF쏘나타,쏘나타,현대,0,EF
1142,액티언스포츠,액티언,쌍용,0,0
1143,508SW,508SW,푸조,0,0
1144,C4피카소,C4,시트로엥,0,0
1145,볼보 S40,S40,볼보,0,0
1146,기아 오피러스 GH,오피러스,기아,0,GH
1147,혼다 CR-V 2019년형,CR-V,혼다,0,0
1148,S400,S40,볼보,0,0
1149,볼보 XC90 2006년형,XC90,볼보,0,0
1150,쉐보레/대우 토스카,토스카,쉐보레/한국GM,0,0
1151,쌍용 슈퍼 렉스턴 Y200,0,0,0,0
1152,쉐보레/대우 알페온 VS300,알페온,쉐보레/한국GM,0,0
1153,CTS,CTS,캐딜락,0,0
1154,현대 HEV 아이오닉 AE,아이오닉,현대,HEV,AE
1155,GLK클래스,0,0,0,0
1156,캐딜락 XT5 2019년형,XT5,캐딜락,0,0
1157,체어맨H,체어맨,쌍용,H,0
1158,크레인,0,0,0,0
1159,클릭,클릭,현대,0,0
1160,2012프라이드,프라이드,기아,0,0
1161,G330,0,0,0,0
1162,뉴오피러스,오피러스,기아,뉴,0
1163,쌍용 렉스턴 2 Y200,0,0,0,0
1164,폭스바겐 골프 2015년형,골프,폭스바겐,0,0
1165,420D,0,0,0,0
1166,쉐보레/대우 볼트,볼트,쉐보레/한국GM,0,0
1167,푸조 207GT,207,푸조,0,0
1168,BMW 6 시리즈,6 시리즈,BMW,0,0
1169,쉐보레/대우 올 뉴 말리부 V400,말리부,쉐보레/한국GM,0,0
1170,벤츠 E-클래스 W212/C207/A207,E-클래스,벤츠,0,0
1171,쌍용 뉴 무쏘 FJ,무쏘,쌍용,뉴,FJ
1172,118D,0,0,0,0
1173,레인지로버,레인지로버,랜드로버,0,0
1174,현대 에쿠스 LZ,에쿠스,현대,0,LZ
1175,현대 쏘나타 EF,쏘나타,현대,0,EF
1176,E63 amg,0,0,0,0
1177,520i,0,0,0,0
1178,르노삼성 올뉴 SM7 L47,SM7,르노삼성,올뉴,L47
1179,BMWNEW5시리즈,0,0,0,0
1180,쉐보레/대우 이쿼녹스,이쿼녹스,쉐보레/한국GM,0,0
1181,르노삼성 QM5,QM5,르노삼성,0,0
1182,GLE 350D 4MATICS,0,0,0,0
1183,디스커버리,디스커버리,랜드로버,0,0
1184,F150,0,0,0,0
1185,525D,0,0,0,0
1186,쉐보레/대우 말리부 V300,말리부,쉐보레/한국GM,0,V300
1187,기아 하이브리드 포르테 TD,포르테,토요타,0,TD
1188,지프 루비콘 2012년형,루비콘,지프,0,0
1189,기아 카니발 2 KV-II,카니발,기아,2,KV-II
1190,포르테해치백(5-door),포르테,토요타,0,0
1191,레니게이드,레니게이드,지프,0,0
1192,볼보 C30,C30,볼보,0,0
1193,기아 모닝 SA,모닝,기아,0,SA
1194,기아 EV 레이 TAM,레이,기아,EV,TAM
1195,릿지라인,0,0,0,0
1196,링컨MKZ,MKZ,링컨,0,0
1197,푸조 207,207,푸조,0,0
1198,쉐보레/대우 F/L 말리부 V400,말리부,쉐보레/한국GM,0,0
1199,엑스트레일,0,0,0,0
1200,아우디 A7 2014년형,A7,아우디,0,0
1201,유콘 데날리,유콘,GMC,0,0
1202,아우디 Q5 2016년형,Q5,아우디,0,0
1203,재규어 XE,XE,재규어,0,0
1204,쉐보레/대우 토스카 V250,토스카,쉐보레/한국GM,0,0
1205,BMWM5,M5,BMW,0,0
1206,E200카브리올레,0,0,0,0
1207,랜드로버 레인지로버 스포츠,레인지로버 스포츠,랜드로버,0,0
1208,BMW 3 시리즈 E90/91/92/93,3 시리즈,BMW,0,E90/91/92/93
1209,기아 더뉴 K3 YD,K3,기아,더뉴,YD
1210,K5터보GDi,K5,기아,0,0
1211,기아 더뉴 쏘울 PS,쏘울,기아,더뉴,PS
1212,기아 포르테 쿱,포르테 쿱,기아,0,0
1213,기아 하이브리드 니로 DE,니로,기아,0,DE
1214,컨티넨탈,컨티넨탈,링컨,0,0
1215,르노 클리오,클리오,르노,0,0
1216,랜드로버 레인지로버 이보크,레인지로버 이보크,랜드로버,0,0
1217,재규어 F페이스,F페이스,재규어,0,0
1218,시로코,시로코,폭스바겐,0,0
1219,지프 레니게이드,레니게이드,지프,0,0
1220,지프 레니게이드 2019년형,레니게이드,지프,0,0
1221,아우디 A6 2019년형,A6,아우디,0,0
1222,쉐보레/대우 라보,라보,쉐보레/한국GM,0,0
1223,토요타프리우스C,프리우스C,토요타,0,0
1224,마스터,마스터,르노,0,0
1225,체이서,0,0,0,0
1226,K3Koup,K3,기아,0,0
1227,S90,S90,볼보,0,0
1228,BMW 3 시리즈  GT,3 시리즈,BMW,0,0
1229,볼보 XC70,XC70,볼보,0,0
1230,쌍용 액티언,액티언,쌍용,0,0
1231,토요타 시에나,시에나,토요타,0,0
1232,ATS,ATS,캐딜락,0,0
1233,현대 (구) 제네시스 BH,제네시스,현대,0,BH
1234,쌍용 코란도 투리스모,코란도 투리스모,쌍용,0,0
1235,렉서스 ES 2019년형,ES,렉서스,0,0
1236,LF소나타,0,0,0,0
1237,폭스바겐 티구안 2019년형,티구안,폭스바겐,0,0
1238,리베로,0,0,0,0
1239,벤츠 S-클래스 2014년형,S-클래스,벤츠,0,0
1240,볼보 XC90 2018년형,XC90,볼보,0,0
1241,포르테쿠페,포르테,토요타,0,0
1242,링컨 MKX 2019년형,MKX,링컨,0,0
1243,벤츠 CLS-클래스 2019년형,CLS-클래스,벤츠,0,0
1244,벤츠 GLA-클래스 2019년형,GLA-클래스,벤츠,0,0
1245,닛산패스파인더,패스파인더,닛산,0,0
1246,기아 트럭 봉고 1열 3 PU,0,0,0,0
1247,볼보 XC60 2018년형,XC60,볼보,0,0
1248,기아 트럭 봉고 3 PU,0,0,0,0
1249,볼보 XC 2018년형,0,0,0,0
1250,포터 2 HR,0,0,0,0
1251,QM6 HZG,QM6,르노삼성,0,0
1252,더뉴 K5 JF,K5,기아,0,0
1253,더뉴 아반떼 AD,아반떼,현대,더뉴,AD
1254,더뉴 i30 GD,i30,현대,0,0
1255,렉서스 ES 350,ES,렉서스,0,0
1256,K5 ,K5,기아,0,0
1257,레이 TAM 더뉴,레이,기아,더뉴,TAM
1258,램밴,0,0,0,0
1259,330i,0,0,0,0
1260,STS,STS,캐딜락,0,0
1261,아반떼 sport,아반떼,현대,0,0
1262,Audi S6,S6,아우디,0,0
1263,508,508,푸조,0,0
1264,갤로퍼2,갤로퍼,현대,0,0
1265,벤츠ML시리즈,0,0,0,0
1266,B클래스,0,0,0,0
1267,Passat Variant,0,0,0,0
1268,M37,M3,BMW,0,0
1269,올뉴카렌스,카렌스,기아,올뉴,0
1270,뉴EF쏘나타,쏘나타,현대,뉴,EF
1271,툰드라,툰드라,토요타,0,0
1272,C200ML,0,0,0,0
1273,젠트라,젠트라,쉐보레/한국GM,0,0
1274,Golf GTD,0,0,0,0
1275,액티언,액티언,쌍용,0,0
1276,에쿠스리무진,에쿠스,현대,0,0
1277,올뉴마티즈,마티즈,쉐보레/한국GM,올뉴,0
1278,올뉴크루즈,크루즈,홀덴,올뉴,0
1279,디스커버리3,디스커버리,랜드로버,0,0
1280,INFINITI M35,M3,BMW,0,0
1281,2011폭스바겐Jetta,0,0,0,0
1282,레인지로버스포츠,레인지로버,랜드로버,0,0
1283,BMWnew3시리즈,0,0,0,0
1284,미니컨트리맨,컨트리맨,미니,0,0
1285,렉서스 LS시리즈,0,0,0,0
1286,i30cw,i30,현대,0,0
1287,지프체로키,체로키,지프,0,0
1288,무쏘스포츠(SUT),스포츠,르노,0,0
1289,푸조 308MCP,308,푸조,0,0
1290,535d,0,0,0,0
1291,크루즈5,크루즈,홀덴,0,0
1292,카니발2,카니발,기아,2,0
1293,디스커버리스포츠,디스커버리,랜드로버,0,0
1294,벨라,0,0,0,0
1295,G4 렉스턴,렉스턴,쌍용,G4,0
1296,에스페로,0,0,0,0
1297,지프랭글러,랭글러,지프,0,0
1298,E페이스,E페이스,재규어,0,0
1299,GLS클래스,0,0,0,0
1300,SQ5,Q5,아우디,0,0
1301,BMWZ3,Z3,BMW,0,0
1302,뉴그랜져 XG,0,0,0,0
1303,C200카브리올레,0,0,0,0
1304,쏘나타3,쏘나타,현대,0,0
1305,스펙트라,0,0,0,0
1306,BMW NEW X5,X5,BMW,0,0
1307,갤로퍼,갤로퍼,현대,0,0
1308,BMW 3시리즈컨버터블,0,0,0,0
1309,컴패스,컴패스,지프,0,0
1310,무쏘,무쏘,쌍용,0,0
1311,335XI,0,0,0,0
1312,A45 AMG,A4,아우디,0,0
1313,이보크,0,0,0,0
1314,E240,0,0,0,0
1315,E 350 coupe,0,0,0,0
1316,NX200T,0,0,0,0
1317,F파입,0,0,0,0
1318,Audi A4 Cabriolet,A4,아우디,0,0
1319,sm5 new impression,0,0,0,0
1320,그랜드 스타렉스,스타렉스,현대,0,0
1321,Audi R8,R8,아우디,0,0
1322,올 뉴 마티즈,마티즈,쉐보레/한국GM,0,0
1323,현대 i30cw,i30,현대,0,0
1324,New SM7,SM7,르노삼성,0,0
1325,체어맨 W,체어맨,쌍용,W,0
1326,뉴코란도,코란도,쌍용,뉴,0
1327,렉서스 LS 460,0,0,0,0
1328,올뉴K5,K5,기아,0,0
1329,렉서스 GS 350,GS,렉서스,0,0
1330,프리우스V,프리우스,토요타,0,0
1331,올 뉴 카니발,카니발,기아,뉴,0
1332,렉스턴 스포츠,렉스턴 스포츠,쌍용,0,0
1333,뉴 쏘렌토R,쏘렌토,기아,뉴,0
1334,ES 300h,ES,렉서스,0,0
1335,카니발 리무진,카니발,기아,0,0
1336,sm5 노바,0,0,0,0
1337,BMW 3시리즈,0,0,0,0
1338,NEW SM6,SM6,르노삼성,0,0
1339,코란도 스포츠,코란도 스포츠,쌍용,0,0
1340,마티즈 크리에이티브,마티즈,쉐보레/한국GM,크리에이티브,0
1341,뉴 카니발,카니발,기아,뉴,0
1342,뉴 스포티지 R,스포티지,기아,R,0
1343,올 뉴 스포티지,스포티지,기아,뉴,0
1344,올 뉴 카렌스,카렌스,기아,뉴,0
1345,Audi TT Coupe,TT,아우디,0,0
1346,싼타페 더스타일,싼타페,현대,0,0
1347,코란도 투리스모,코란도 투리스모,쌍용,0,0
1348,뉴 오피러스,오피러스,기아,뉴,0
1349,소나타 하이브리드,0,0,0,0
1350,기아로체이노베이션,로체,기아,이노베이션,0
1351,SM6 탈리스만,SM6,르노삼성,0,0
1352,뉴 스포티지,스포티지,기아,뉴,0
1353,BMW X2,X2,BMW,0,0
1354,BMW X3 G01,X3,BMW,0,G01
1355,벤츠 쿠페 GLC-클래스 C253,GLC-클래스,벤츠,0,0
1356,렉서스 RX 2021년형,0,0,0,0
1357,토요타 RAV4 2021년형,RAV4,토요타,0,0
1358,렉서스 ES 2021년형,ES,렉서스,0,0
1359,아우디 스포트백(4도어) A5 8W6,A5,아우디,0,0
1360,아우디 Q5,Q5,아우디,0,0
1361,미니 쿠퍼,0,0,0,0
1362,렉서스 UX,UX,렉서스,0,0
1363,제네시스 더 뉴 G70 IK,제네시스,현대,0,0
1364,BMW X5 M,X5 M,BMW,0,0
1365,렉서스 ES 2020년형,ES,렉서스,0,0
1366,BMW 7 시리즈 G11/12,7 시리즈,BMW,0,G11/12
1367,포르쉐 카이엔,카이엔,포르쉐,0,0
1368,BMW X4,X4,BMW,0,0
1369,링컨 에비에이터 U611,에비에이터,링컨,0,U611
1370,포르쉐 911 2021년형,911,포르쉐,0,0
1371,폭스바겐 제타 2016년형,제타,폭스바겐,0,0
1372,쌍용 올 뉴 G4 렉스턴 Y400,렉스턴,쌍용,올 뉴 G4,Y400
1373,미니 뉴 컨트리맨 F60,컨트리맨,미니,0,0
1374,테슬라 모델 X,모델 X,테슬라,0,0
1375,지프 그랜드 체로키 2020년형,그랜드 체로키,지프,0,0
1376,아우디 A4 B9,A4,아우디,0,B9
1377,폭스바겐 시로코 2013년형,시로코,폭스바겐,0,0
1378,BMW X6 M F96,X6 M,BMW,0,0
1379,벤츠 GLC-클래스 X253,GLC-클래스,벤츠,0,0
1380,시트로엥 DS7 2020년형,DS7,시트로엥,0,0
1381,벤츠 S-클래스 W222,S-클래스,벤츠,0,W222
1382,미니 클럽맨,클럽맨,미니,0,0
1383,아우디 Q5 FY,Q5,아우디,0,0
1384,제네시스 세부 분류,제네시스,현대,0,0
1385,포르쉐 쿠페 카이엔 9Y0,카이엔,포르쉐,0,0
1386,벤츠 SLC-클래스 C231,SLC-클래스,벤츠,0,0
1387,쉐보레/한국GM 블레이저,블레이저,쉐보레,0,0
1388,BMW New F/L X1 F48,X1,BMW,New F/L,F48
1389,BMW X7,X7,BMW,0,0
1390,포르쉐 카이엔 9Y0,카이엔,포르쉐,0,9Y0
1391,BMW X6 G06,X6,BMW,0,G06
1392,르노삼성 더 뉴 SM6 LFD,SM6,르노삼성,0,0
1393,현대 PHEV 쏘나타 LF,쏘나타,현대,PHEV,LF
1394,벤츠 CLA-클래스 C117,CLA-클래스,벤츠,0,0
1395,BMW X7 G07,X7,BMW,0,G07
1396,쉐보레/한국GM 알페온 VS300,알페온,쉐보레/한국GM,0,0
1397,BMW X2 F39,X2,BMW,0,F39
1398,캐딜락 XT5 2021년형,XT5,캐딜락,0,0
1399,BMW 그란쿠페(4도어) 8 시리즈 G16,8 시리즈,BMW,0,0
1400,토요타 아발론 2020년형,아발론,토요타,0,0
1401,아우디 S7 2021년형,S7,아우디,0,0
1402,BMW X4 G02,X4,BMW,0,G02
1403,아우디 Q3 F3,Q3,아우디,0,F3
1404,벤츠 GT-클래스 S AMG C190,GT-클래스,벤츠,0,0
1405,BMW M5 F90,M5,BMW,0,0
1406,BMW Z4,Z4,BMW,0,0
1407,BMW X5 G05,X5,BMW,0,0
1408,BMW 3 시리즈  GT F34,3 시리즈,BMW,0,0
1409,마세라티 르반떼 2018년형,르반떼,마세라티,0,0
1410,폭스바겐 제타 2021년형,제타,폭스바겐,0,0
1411,쉐보레/한국GM 캡티바,캡티바,홀덴,0,0
1412,랜드로버 디펜더,디펜더,랜드로버,0,0
1413,링컨 에비에이터,에비에이터,링컨,0,0
1414,BMW M3,M3,BMW,0,0
1415,볼보 XC60 2021년형,XC60,볼보,0,0
1416,BMW X1,X1,BMW,0,0
1417,쉐보레/한국GM 3세대 F/L 이쿼녹스,이쿼녹스,쉐보레/한국GM,3세대 F/L,0
1418,포르쉐 카이엔 958,카이엔,포르쉐,0,0
1419,벤츠 A-클래스 세단 V177,A-클래스,벤츠,0,세단 V177
1420,볼보 3세대 S60,S60,볼보,0,0
1421,지프 루비콘 2021년형,루비콘,지프,0,0
1422,레인지로버 디스크버리 카라무,레인지로버,랜드로버,0,0
1423,캐딜락 XT6 2021년형,XT6,캐딜락,0,0
1424,벤츠 세부 분류,0,0,0,0
1425,벤츠 A-클래스 해치백 W177,A-클래스,벤츠,0,해치백 W177
1426,포르쉐 911,911,포르쉐,0,0
1427,벤츠 GLB-클래스,GLB-클래스,벤츠,0,0
1428,BMW M4,M4,BMW,0,0
1429,시트로엥 DS3 2012년형,DS3,시트로엥,0,0
1430,아우디 A8 D4/4H,A8,아우디,0,D4/4H
1431,피아트 500,0,0,0,0
1432,볼보 XC60 2014년형,XC60,볼보,0,0
1433,포르쉐 911 2020년형,911,포르쉐,0,0
1434,폭스바겐 투아렉,투아렉,폭스바겐,0,0
1435,닛산 주크,주크,닛산,0,0
1436,아우디 Q7 2021년형,Q7,아우디,0,0
1437,폭스바겐 투아렉 2021년형,투아렉,폭스바겐,0,0
1438,아우디 A7 4K8,A7,아우디,0,4K8
1439,포르쉐  타이칸,타이칸,포르쉐,0,0
1440,랜드로버 뉴 레인지로버 이보크,레인지로버 이보크,랜드로버,0,0
1441,벤츠 GT-클래스 GT63 S AMG 4DOOR X290,GT-클래스,벤츠,0,0
1442,재규어 XJ 2014년형,XJ,재규어,0,0
1443,폭스바겐 제타,제타,폭스바겐,0,0
1444,벤츠 GT-클래스 GT43 AMG 4DOOR X290,GT-클래스,벤츠,0,0
1445,볼보 크로스 컨트리 V90,V90,볼보,크로스 컨트리,0
1446,벤츠 GT-클래스 GT63 AMG 4DOOR X290,GT-클래스,벤츠,0,0
1447,혼다 오딧세이 2019년형,오딧세이,혼다,0,0
1448,미니 쿠퍼 컨버터블,쿠퍼 컨버터블,미니,0,0
1449,미니 SE (EV) 2열 쿠퍼 F56,2열 쿠퍼,미니,0,0
1450,볼보 더 뉴 S90,S90,볼보,더 뉴,0
1451,현대 투스카니,투스카니,현대,0,0
1452,랜드로버 레인지로버 벨라,레인지로버 벨라,랜드로버,0,0
1453,벤츠 더뉴 GLE-클래스 V167,GLE-클래스,벤츠,0,V167
1454,볼보 XC40 2020년형,XC40,볼보,0,0
1455,르노 캡쳐 ,0,0,0,0
1456,폭스바겐 티구안 2012년형,티구안,폭스바겐,0,0
1457,랜드로버 디펜더 2020년형,디펜더,랜드로버,0,0
1458,재규어 F타입,F타입,재규어,0,0
1459,닛산 알티마 L32/U32,알티마,닛산,0,L32/U32
1460,포르쉐 911 2014년형,911,포르쉐,0,0
1461,인피니티 G 시리즈,G 시리즈,인피니티,0,0
1462,포드 F-시리즈,F-시리즈,포드,0,0
1463,포드 5세대 익스플로러,익스플로러,포드,0,0
1464,마세라티 르반떼 2020년형,르반떼,마세라티,0,0
1465,렉서스 ES 2008년형,2008,푸조,0,0
1466,아우디 더 뉴 A6 C8,A6,아우디,더 뉴,C8
1467,미니3도어,0,0,0,0
1468,아우디 더 뉴 A7 4G8,A7,아우디,더 뉴,4G8
1469,아우디 SQ,SQ,아우디,0,0
1470,에어로타운,0,0,0,0
1471,쉐보레/한국GM 임팔라,임팔라,쉐보레,0,0
1472,BMW 4 시리즈 F32/33/36,4 시리즈,BMW,0,F32/33/36
1473,현대 맥스크루즈 NC,맥스크루즈,현대,0,0
1474,마세라티 콰트로포르테 2018년형,콰트로포르테,마세라티,0,0
1475,노브스,0,0,0,0
1476,지프 랭글러 2021년형,랭글러,지프,0,0
1477,링컨 코세어,코세어,링컨,0,0
1478,미니 컨트리맨 R60,컨트리맨,미니,0,0
1479,벤츠 E-클래스 쿠페 C213,E-클래스,벤츠,0,0
1480,푸조 5008 2021년형,5008,푸조,0,0
1481,쉐보레 콜로라도 2021년형,콜로라도,홀덴,0,0
1482,랜드로버 디스커버리 스포츠 2016년형,디스커버리 스포츠,랜드로버,0,0
1483,벤츠 더뉴 GLS-클래스 X167,GLS-클래스,벤츠,0,0
1484,미니 2열 쿠퍼,2열 쿠퍼,미니,0,0
1485,포드 5세대 F/L 익스플로러,익스플로러,포드,0,0
1486,르노삼성 캡처,캡처,르노삼성,0,0
1487,포드 쿠가 2015년형,쿠가,포드,0,0
1488,렉서스 RX 2020년형,0,0,0,0
1489,인피니티 Q 시리즈,Q 시리즈,인피니티,0,0
1490,폭스바겐 티구안 2020년형,티구안,폭스바겐,0,0
1491,캐딜락 에스컬레이드 2020년형,에스컬레이드,캐딜락,0,0
1492,벤츠 F/L 쿠페 GLC-클래스 C253,GLC-클래스,벤츠,0,0
1493,폭스바겐 아테온 2020년형,아테온,폭스바겐,0,0
1494,볼보 XC60 2020년형,XC60,볼보,0,0
1495,벤츠 F/L GLC-클래스 X253,GLC-클래스,벤츠,0,0
1496,쉐보레/한국GM 임팔라 10세대,임팔라,쉐보레,0,10세대
1497,혼다 어코드 2021년형,어코드,혼다,0,0
1498,미니 쿠퍼 F55/F56,0,0,0,0
1499,아우디 A5,A5,아우디,0,0
1500,렉서스 GS 2021년형,GS,렉서스,0,0
1501,벤츠 SLS AMG,SLS AMG,벤츠,0,0
1502,렉서스 NX,NX,렉서스,0,0
1503,포르쉐 더 뉴 파나메라 971,파나메라,포르쉐,더 뉴,971
1504,람보르기니 우라칸,우라칸,람보르기니,0,0
1505,BMW X6 M,X6 M,BMW,0,0
1506,벤츠 CL-클래스 C216,CL-클래스,벤츠,0,0
1507,닷지 듀랑고 2021년형,듀랑고,닷지,0,0
1508,벤츠 S-클래스 C222 S65 AMG 쿠페,S-클래스,벤츠,0,0
1509,랜드로버 레인지로버 2015년형,레인지로버,랜드로버,0,0
1510,BMW X4 M 40d G02,X4 M,BMW,0,40d G02
1511,재규어 XF,XF,재규어,0,0
1512,렉서스 GS 2013년형,GS,렉서스,0,0
1513,현대 더뉴 맥스크루즈 NC,맥스크루즈,현대,더뉴,0
1514,벤츠 GLC-클래스 63 AMG X253,GLC-클래스,벤츠,0,0
1515,포르쉐 파나메라 971,파나메라,포르쉐,0,971
1516,혼다 오딧세이 2021년형,오딧세이,혼다,0,0
1517,벤츠 E-클래스 올트레인 X213,E-클래스,벤츠,0,올트레인 X213
1518,재규어 XF 2020년형,XF,재규어,0,0
1519,볼보 XC40 2021년형,XC40,볼보,0,0
1520,닷지 램 픽업 2021년형,램 픽업,닷지,0,0
1521,BMW X3 E83,X3,BMW,0,E83
1522,포르쉐 카이맨,카이맨,포르쉐,0,0
1523,포르쉐 마칸 2021년형,마칸,포르쉐,0,0
1524,벤츠 CLK-클래스,CLK-클래스,벤츠,0,0
1525,벤츠 GLA-클래스 X156: GLA45 AMG,GLA-클래스,벤츠,0,0
1526,닛산 올 뉴 알티마 L34,알티마,닛산,올 뉴,L34
1527,재규어 XJ 2012년형,XJ,재규어,0,0
1528,랜드로버 레인지로버 보그 2021년형,레인지로버 보그,랜드로버,0,0
1529,알파로메오줄리아,0,0,0,0
1530,푸조 뉴 508,508,푸조,0,0
1531,랜드로버 디스커버리 2021년형,디스커버리,랜드로버,0,0
1532,지프 글라디에이터 JT,글라디에이터,지프,0,JT
1533,아우디 Q7 2020년형,Q7,아우디,0,0
1534,랜드로버 디스커버리 2018년형,디스커버리,랜드로버,0,0
1535,BMW 8 시리즈,8 시리즈,BMW,0,0
1536,아우디 Q3,Q3,아우디,0,0
1537,벤츠 CLS-클래스 W218,CLS-클래스,벤츠,0,0
1538,쉐보레/한국GM 올뉴 크루즈 J400,크루즈,홀덴,올뉴,J400
1539,벤츠 GLB-클래스 X247,GLB-클래스,벤츠,0,X247
1540,푸조 2008 2021년형,2008,푸조,0,0
1541,쉐보레/한국GM 뉴 크루즈 J300,크루즈,홀덴,뉴,J300
1542,렉서스 RX,0,0,0,0
1543,미니 뉴 쿠퍼 컨버터블 F57,쿠퍼 컨버터블,미니,0,0
1544,BMW Z4 E89,Z4,BMW,0,E89
1545,지프 레니게이드 2021년형,레니게이드,지프,0,0
1546,토요타 프리우스 2018년형,프리우스,토요타,0,0
1547,랜드로버 디스커버리 2019년형,디스커버리,랜드로버,0,0
1548,렉서스 GS 2015년형,GS,렉서스,0,0
1549,기아 올뉴 카렌스 RP,카렌스,기아,올뉴,RP
1550,폭스바겐 티구안 2015년형,티구안,폭스바겐,0,0
1551,벤츠 CLA-클래스 C117: CLA45 AMG,CLA-클래스,벤츠,0,0
1552,벤츠 GLK-클래스 X204,GLK-클래스,벤츠,0,X204
1553,랜드로버 디스커버리 스포츠 2017년형,디스커버리 스포츠,랜드로버,0,0
1554,람보르기니 우르스,우르스,람보르기니,0,0
1555,캐딜락 CT5,CT5,캐딜락,0,0
1556,폭스바겐 골프 2010년형,골프,폭스바겐,0,0
1557,BMW 액티브투어러(5인승) 2 시리즈 F45,2 시리즈,BMW,0,0
1558,BMW X3 F25,X3,BMW,0,0
1559,캐딜락 CT6 2021년형,CT6,캐딜락,0,0
1560,BMW M2 F87,M2,BMW,0,F87
1561,폭스바겐 아테온 2021년형,아테온,폭스바겐,0,0
1562,애스턴마틴 DBX,DBX,애스턴마틴,0,0
1563,쏠라티,0,0,0,0
1564,롤스로이스 고스트,고스트,롤스로이스,0,0
1565,BMW M6,M6,BMW,0,0
1566,폭스바겐 투아렉 2015년형,투아렉,폭스바겐,0,0
1567,지프 체로키 2020년형,체로키,지프,0,0
1568,포르쉐 파나메라,파나메라,포르쉐,0,0
1569,쉐보레 콜로라도 2020년형,콜로라도,홀덴,0,0
1570,벤츠 G-클래스,G-클래스,벤츠,0,0
1571,마세라티 르반떼 2019년형,르반떼,마세라티,0,0
1572,아우디 F/L A6 C7,A6,아우디,F/L,C7
1573,캐딜락 CT6 2016년형,CT6,캐딜락,0,0
1574,랜드로버 디스커버리 스포츠 2021년형,디스커버리 스포츠,랜드로버,0,0
1575,크라이슬러 300C 2013년형,300C,크라이슬러,0,0
1576,인피니티 G 시리즈 2020년형,G 시리즈,인피니티,0,0
1577,지프 레니게이드 2015년형,레니게이드,지프,0,0
1578,폭스바겐 티구안 2014년형,티구안,폭스바겐,0,0
1579,링컨 노틸러스 2021년형,노틸러스,링컨,0,0
1580,캐딜락 CT5 2021년형,CT5,캐딜락,0,0
1581,지프 체로키 2021년형,체로키,지프,0,0
1582,기아 HEV K5 JK,K5,기아,0,0
1583,포르쉐 718,718,포르쉐,0,0
1584,혼다 CR-V 2010년형,CR-V,혼다,0,0
1585,BMW X1 E84,X1,BMW,0,E84
1586,BMW 6 시리즈 E63/64,6 시리즈,BMW,0,E63/64
1587,BMW 5 시리즈 GT F07,5 시리즈 GT,BMW,0,0
1588,랜드로버 디스커버리 2014년형,디스커버리,랜드로버,0,0
1589,아우디 A8 D5,A8,아우디,0,0
1590,혼다 파일럿 2018년형,파일럿,혼다,0,0
1591,쉐보레/한국GM 프리미엄6 토스카 V292,토스카,쉐보레/한국GM,프리미엄6,V292
1592,볼보 XC60 2017년형,XC60,볼보,0,0
1593,인피니티 Q 시리즈 2018년형,Q 시리즈,인피니티,0,0
1594,롤스로이스 컬리넌,컬리넌,롤스로이스,0,0
1595,맥라렌 GT,0,0,0,0
1596,캐딜락 SRX,SRX,캐딜락,0,0
1597,벤츠 더뉴 B-클래스 W246,B-클래스,벤츠,더뉴,W246
1598,캐딜락 CTS 쿠페,CTS 쿠페,캐딜락,0,0
1599,BMW 세부 분류,0,0,0,0
1600,기아 텔루라이드,텔루라이드,기아,0,0
1601,스바루 아웃백 2010년형,아웃백,스바루,0,0
1602,현대 i30 GD,i30,현대,0,0
1603,쌍용 체어맨 W100,체어맨,쌍용,W,W100
1604,플라잉스퍼,0,0,0,0
1605,렉서스 LS 2011년형,0,0,0,0
1606,볼보 EC60E,0,0,0,0
1607,토요타 아발론,아발론,토요타,0,0
1608,볼보EC60E,0,0,0,0
1609,렉서스 NX 2015년형,NX,렉서스,0,0
1610,르노 클리오 2018년형,클리오,르노,0,0
1611,볼보XC40,XC40,볼보,0,0
1612,BMW M3 E90/92/93,M3,BMW,0,E90/92/93
1613,BMW M5,M5,BMW,0,0
1614,아우디 A6 C6,A6,아우디,0,C6
1615,벤츠 마이바흐 XL222,마이바흐,벤츠,0,XL222
1616,아우디 Q7 2017년형,Q7,아우디,0,0
1617,토요타 도요타86,도요타86,토요타,0,0
1618,지프 체로키 2019년형,체로키,지프,0,0
1619,르노삼성 마스터 버스,마스터,르노,0,버스
1620,지프 루비콘 2018년형,루비콘,지프,0,0
1621,지프 레니게이드 2020년형,레니게이드,지프,0,0
1622,랜드로버 레인지로버 스포츠 2012년형,레인지로버 스포츠,랜드로버,0,0
1623,렉서스 LS 2021년형,0,0,0,0
1624,랜드로버 레인지로버 보그 2019년형,레인지로버 보그,랜드로버,0,0
1625,현대 아반떼 J2,아반떼,현대,0,J2
1626,아우디 S8 2021년형,S8,아우디,0,0
1627,재규어 XJ,XJ,재규어,0,0
1628,인피니티 QX,QX,인피니티,0,0
1629,벤츠 E-클래스 F/L W212,E-클래스,벤츠,0,F/L W212
1630,맥라렌 570S,570S,맥라렌,0,0
1631,BMW X4 M,X4 M,BMW,0,0
1632,벤츠 M-클래스 W166,M-클래스,벤츠,0,0
1633,BMW 1 시리즈 E82,1 시리즈,BMW,0,E82
1634,올뉴마이티,0,0,0,0
1635,벤츠 E-클래스 카브리올레 A207,E-클래스,벤츠,0,0
1636,아우디 S6,S6,아우디,0,0
1637,랜드로버 디펜더 2021년형,디펜더,랜드로버,0,0
1638,BMW 6 시리즈 F06/12/13,6 시리즈,BMW,0,F06/12/13
1639,아우디 TT,TT,아우디,0,0
1640,혼다 파일럿 2017년형,파일럿,혼다,0,0
1641,마세라티 콰트로포르테,콰트로포르테,마세라티,0,0
1642,BMW X5 E53,X5,BMW,0,0
1643,폭스바겐 골프 2011년형,골프,폭스바겐,0,0
1644,페라리 812 슈퍼패스트,812 슈퍼패스트,페라리,0,0
1645,아우디 TT 2015년형,TT,아우디,0,0
1646,마쯔다 MX 2021년형,MX,마쯔다,0,0
1647,르노삼성 ZOE,ZOE,르노,0,0
1648,렉서스 ES 2015년형,ES,렉서스,0,0
1649,포르쉐 911 2016년형,911,포르쉐,0,0
1650,아우디 S7,S7,아우디,0,0
1651,혼다 어코드 2017년형,어코드,혼다,0,0
1652,벤츠 SL-클래스 R230,SL-클래스,벤츠,0,R230
1653,렉서스 NX 2020년형,NX,렉서스,0,0
1654,현대 뉴 엑센트 X3,엑센트,현대,0,0
1655,캐딜락 CT6 2020년형,CT6,캐딜락,0,0
1656,혼다 오딧세이 2018년형,오딧세이,혼다,0,0
1657,미니,0,0,0,0
1658,BMW Z4 G29,Z4,BMW,0,G29
1659,볼보 S90 2021년형,S90,볼보,0,0
1660,지프 체로키 2017년형,체로키,지프,0,0
1661,볼보 S90 2020년형,S90,볼보,0,0
1662,현대 제네시스 쿠페 BK,제네시스 쿠페,현대,0,0
1663,재규어 E페이스,E페이스,재규어,0,0
1664,폭스바겐 골프 2012년형,골프,폭스바겐,0,0
1665,링컨 네비게이터 2018년형,네비게이터,링컨,0,0
1666,폭스바겐 투아렉 2020년형,투아렉,폭스바겐,0,0
1667,마이티,0,0,0,0
1668,BMW 6 시리즈 G32,6 시리즈,BMW,0,G32
1669,시트로엥 C5 에어크로스 2021년형,C5 에어크로스,시트로엥,0,0
1670,링컨 컨티넨탈 2021년형,컨티넨탈,링컨,0,0
1671,푸조 308,308,푸조,0,0
1672,벤츠 마이바흐 X222,마이바흐,벤츠,0,X222
1673,기아 더뉴 K9 KH,K9,기아,더뉴,KH
1674,아우디 Q7 2016년형,Q7,아우디,0,0
1675,닛산 올 뉴 알티마 F/L L33,알티마,닛산,올 뉴,F/L L33
1676,마세라티 기블리 2016년형,기블리,마세라티,0,0
1677,지프 랭글러 2014년형,랭글러,지프,0,0
1678,혼다 어코드 2013년형,어코드,혼다,0,0
1679,재규어 XF 2019년형,XF,재규어,0,0
1680,대우  레죠,0,0,0,0
1681,토요타 캠리 2017년형,캠리,토요타,0,0
1682,벤츠 쿠페 GLC-클래스 63 AMG C253,GLC-클래스,벤츠,0,0
1683,BMW 그란쿠페(4도어) 2 시리즈 F44,2 시리즈,BMW,0,0
1684,아우디 RS5 2014년형,RS5,아우디,0,0
1685,폭스바겐 골프 2014년형,골프,폭스바겐,0,0
1686,아우디 S8 2020년형,S8,아우디,0,0
1687,벤츠 SL-클래스 R231,SL-클래스,벤츠,0,R231
1688,기아 하이브리드 K7 VG,K7,기아,하이브리드,VG
1689,벤츠 G-클래스 W463: G63 AMG 6x6,G-클래스,벤츠,0,W463: G63 AMG 6x6
1690,벤츠 The New G-클래스 W464,G-클래스,벤츠,The New,W464
1691,렉서스 IS,IS,렉서스,0,0
1692,아우디 E-tron 2021년형,E-tron,아우디,0,0
1693,펠리세이드,0,0,0,0
1694,람보르기니 가야드로,가야드로,람보르기니,0,0
1695,미니 쿠퍼 R56,0,0,0,0
1696,아우디 스포트백(4도어) A5,A5,아우디,0,0
1697,아우디 E-tron,E-tron,아우디,0,0
1698,렉서스 ES 2018년형,ES,렉서스,0,0
1699,혼다 레전드 2008년형,2008,푸조,0,0
1700,링컨 MKZ 2021년형,MKZ,링컨,0,0
1701,토요타 RAV4 2015년형,RAV4,토요타,0,0
1702,토요타 프리우스 2015년형,프리우스,토요타,0,0
1703,미쓰비시 아웃랜더,아웃랜더,미쓰비시,0,0
1704,벤츠 C-클래스 세단 W205,C-클래스,벤츠,0,0
1705,랜드로버 레인지로버 2010년형,레인지로버,랜드로버,0,0
1706,지프 랭글러 2020년형,랭글러,지프,0,0
1707,폭스바겐 골프 2017년형,골프,폭스바겐,0,0
1708,토요타 캠리 2016년형,캠리,토요타,0,0
1709,닛산 큐브 Z12,큐브,닛산,0,Z12
1710,스마트 포투 2016년형,포투,스마트,0,0
1711,랜드로버 레인지로버 스포츠 2018년형,레인지로버 스포츠,랜드로버,0,0
1712,링컨 노틸러스 2020년형,노틸러스,링컨,0,0
1713,푸조 5008,5008,푸조,0,0
1714,인피니티 Q 시리즈 2015년형,Q 시리즈,인피니티,0,0
1715,혼다 CR-V 2015년형,CR-V,혼다,0,0
1716,랜드로버 레인지로버 스포츠 2021년형,레인지로버 스포츠,랜드로버,0,0
1717,포르쉐 박스터 2014년형,박스터,포르쉐,0,0
1718,재규어 XE 2019년형,XE,재규어,0,0
1719,롤스로이스 고스트 2018년형,고스트,롤스로이스,0,0
1720,포르쉐 카레라GT 2016년형,카레라GT,포르쉐,0,0
1721,인피니티 M 시리즈,M 시리즈,인피니티,0,0
1722,캐딜락 에스컬레이드 2021년형,에스컬레이드,캐딜락,0,0
1723,아우디 쿠페 A5,0,0,0,0
1724,재규어 XF 2015년형,XF,재규어,0,0
1725,크라이슬러 300C 2012년형,300C,크라이슬러,0,0
1726,현대 제네시스 G330,제네시스,현대,0,0
1727,벤츠 S-클래스 C222 쿠페,S-클래스,벤츠,0,0
1728,토요타 캠리 2021년형,캠리,토요타,0,0
1729,아우디 E-tron 2020년형,E-tron,아우디,0,0
1730,벤츠 S-클래스 C222 S63 AMG 쿠페,S-클래스,벤츠,0,0
1731,포르쉐 파나메라 2016년형,파나메라,포르쉐,0,0
1732,벤츠 EQC-클래스,EQC-클래스,벤츠,0,0
1733,BMW 1 시리즈 F20,1 시리즈,BMW,0,F20
1734,아우디 Q5 8R,Q5,아우디,0,0
1735,포드 퓨전 2014년형,퓨전,포드,0,0
1736,닷지 캘리버 2011년형,캘리버,닷지,0,0
1737,마세라티 콰트로포르테 2016년형,콰트로포르테,마세라티,0,0
1738,현대 i30 FD,i30,현대,0,0
1739,아우디 A3 8V,A3,아우디,0,8V
1740,마쯔다 RX,0,0,0,0
1741,랜드로버 레인지로버 보그 2016년형,레인지로버 보그,랜드로버,0,0
1742,BMW M1,M1,BMW,0,0
1743,포르쉐 카레라GT 2017년형,카레라GT,포르쉐,0,0
1744,누비라2,0,0,0,0
1745,볼보 V90 2021년형,V90,볼보,0,0
1746,벤츠 GLA-클래스 X156,GLA-클래스,벤츠,0,0
1747,인피니티 QX 2018년형,QX,인피니티,0,0
1748,벤츠 SLC-클래스,SLC-클래스,벤츠,0,0
1749,인피니티 QX 2019년형,QX,인피니티,0,0
1750,피아트 500X,500X,피아트,0,0
1751,쉐보레/한국GM 토스카,토스카,쉐보레/한국GM,0,0
1752,링컨 MKZ 2020년형,MKZ,링컨,0,0
1753,혼다 어코드 2010년형,어코드,혼다,0,0
1754,포르쉐 파나메라 2021년형,파나메라,포르쉐,0,0
1755,E트론,0,0,0,0
1756,재규어 F페이스 2018년형,F페이스,재규어,0,0
1757,기아 F/L (출시예정) 스팅어 CK,스팅어,기아,0,CK
1758,렉서스 CT 2014년형,CT,렉서스,0,0
1759,링컨 MKX,MKX,링컨,0,0
1760,볼보 V90 2020년형,V90,볼보,0,0
1761,아우디 S8,S8,아우디,0,0
1762,스바루 아웃백,아웃백,스바루,0,0
1763,랜드로버 레인지로버 2021년형,레인지로버,랜드로버,0,0
1764,혼다 어코드 2018년형,어코드,혼다,0,0
1765,볼보 V40 2016년형,V40,볼보,0,0
1766,볼보 크로스 컨트리 V60,V60,볼보,크로스 컨트리,0
1767,랜드로버 레인지로버 보그 2012년형,레인지로버 보그,랜드로버,0,0
1768,기아 프리미엄 오피러스 GH,오피러스,기아,프리미엄,GH
1769,인피니티 QX 2021년형,QX,인피니티,0,0
1770,렉서스 NX 2021년형,NX,렉서스,0,0
1771,포르쉐 박스터,박스터,포르쉐,0,0
1772,재규어 XE 2015년형,XE,재규어,0,0
1773,닛산 X-TRAIL,X-TRAIL,닛산,0,0
1774,렉서스 LX,LX,렉서스,0,0
1775,폭스바겐 티구안 2008년형,2008,푸조,0,0
1776,인피니티 QX 2020년형,QX,인피니티,0,0
1777,인피니티 Q 시리즈 2020년형,Q 시리즈,인피니티,0,0
1778,BMW 7 시리즈 E65/66/67/68,7 시리즈,BMW,0,0
1779,벤츠 CLS-클래스 W219,CLS-클래스,벤츠,0,0
1780,렉서스 CT 2021년형,CT,렉서스,0,0
1781,포르쉐 파나메라 2020년형,파나메라,포르쉐,0,0
1782,혼다 어코드 2015년형,어코드,혼다,0,0
1783,페라리 488,488,페라리,0,0
1784,닛산 맥시마 A36,맥시마,닛산,0,0
1785,랜드로버 레인지로버 스포츠 2015년형,레인지로버 스포츠,랜드로버,0,0
1786,현대 제네시스 쿠페,제네시스 쿠페,현대,0,0
1787,폭스바겐 파사트 2015년형,파사트,폭스바겐,0,0
1788,벤츠 스프린터,스프린터,토요타,0,0
1789,쉐보레/한국GM 뉴 라세티 J200,라세티,쉐보레/한국GM,0,0
1790,푸조 5008 2020년형,5008,푸조,0,0
1791,볼보 XC60 2016년형,XC60,볼보,0,0
1792,렉서스 NX 2017년형,NX,렉서스,0,0
1793,BMW X6 M F86,X6 M,BMW,0,0
1794,BMW 7 시리즈 E38,7 시리즈,BMW,0,E38
1795,랜드로버 레인지로버 보그 2018년형,레인지로버 보그,랜드로버,0,0
1796,쌍용 뉴 체어맨 W100,체어맨,쌍용,W,W100
1797,벤츠 스프린터 907/910,스프린터,토요타,0,907/910
1798,링컨 네비게이터 2021년형,네비게이터,링컨,0,0
1799,BMW 3 시리즈 E46,3 시리즈,BMW,0,E46
1800,벤츠 EQC-클래스 N293,EQC-클래스,벤츠,0,N293
1801,시트로엥 C4 칵투스,C4 칵투스,시트로엥,0,0
1802,태풍전기차,0,0,0,0
1803,렉서스 CT,CT,렉서스,0,0
1804,캐딜락 XT5 2017년형,XT5,캐딜락,0,0
1805,닛산 맥시마,맥시마,닛산,0,0
1806,재규어 XJ6 2007년형,0,0,0,0
1807,링컨 컨티넨탈 2020년형,컨티넨탈,링컨,0,0
1808,혼다 파일럿 2016년형,파일럿,혼다,0,0
1809,르노삼성 QM5 H45,QM5,르노삼성,0,0
1810,벤츠 S-클래스 W222 AMG,S-클래스,벤츠,0,W222 AMG
1811,벤츠 GL-클래스,GL-클래스,벤츠,0,0
1812,재규어 XF 2010년형,XF,재규어,0,0
1813,포르쉐 파나메라 2012년형,파나메라,포르쉐,0,0
1814,아우디 Q3 8U,Q3,아우디,0,8U
1815,폭스바겐 골프 2016년형,골프,폭스바겐,0,0
1816,폭스바겐 CC 2010년형,CC,폭스바겐,0,0
1817,쉐보레/한국GM EV 스파크 M300,스파크,쉐보레/한국GM,0,M300
1818,현대파비스,0,0,0,0
1819,SCANIA,SC,렉서스,0,0
1820,V90,V90,볼보,0,0
1821,쉐보레 트래버스 2세대,트래버스,쉐보레,2세대,2세대
1822,르노삼성 뉴제너레이션 SM3 N17,SM3,르노삼성,0,0
1823,렉서스 RX 2016년형,0,0,0,0
1824,현대 갤로퍼,갤로퍼,현대,0,0
1825,렉서스 ES 2014년형,ES,렉서스,0,0
1826,렉서스 IS 2017년형,IS,렉서스,0,0
1827,BMW M8 G15,M8,BMW,0,0
1828,아우디 A7 4G8,A7,아우디,0,4G8
1829,현대 숏바디 갤로퍼 M,갤로퍼,현대,숏바디,M
1830,벤츠 A-클래스 W176: A45 AMG,A-클래스,벤츠,0,0
1831,벤틀리 벤테이가 2021년형,벤테이가,벤틀리,0,0
1832,V90CC,V90,볼보,0,0
1833,재규어 E페이스 2019년형,E페이스,재규어,0,0
1834,아우디 RS7,RS7,아우디,0,0
1835,현댜파비스,0,0,0,0
1836,링컨 MKZ 2019년형,MKZ,링컨,0,0
1837,랜드로버 디스커버리 2012년형,디스커버리,랜드로버,0,0
1838,폭스바겐 제타 2013년형,제타,폭스바겐,0,0
1839,지프 루비콘,루비콘,지프,0,0
1840,렉서스 RX 2007년형,0,0,0,0
1841,토요타 수프라 2020년형,수프라,토요타,0,0
1842,포르쉐 박스터 2015년형,박스터,포르쉐,0,0
1843,링컨 에비에이터 2020년형,에비에이터,링컨,0,0
1844,폭스바겐 파사트 2018년형,파사트,폭스바겐,0,0
1845,인피니티 Q 시리즈 2016년형,Q 시리즈,인피니티,0,0
1846,링컨 코세어 2021년형,코세어,링컨,0,0
1847,폭스바겐 투아렉 2014년형,투아렉,폭스바겐,0,0
1848,폭스바겐 시로코 2012년형,시로코,폭스바겐,0,0
1849,캐딜락 CTS 2016년형,CTS,캐딜락,0,0
1850,포르쉐 파나메라 2013년형,파나메라,포르쉐,0,0
1851,볼보 S80 2015년형,S80,볼보,0,0
1852,포르쉐 마칸 2020년형,마칸,포르쉐,0,0
1853,닛산 알티마 L33,알티마,닛산,0,L33
1854,폭스바겐 폴로 2013년형,폴로,폭스바겐,0,0
1855,벤틀리 벤테이가 2020년형,벤테이가,벤틀리,0,0
1856,토요타 수프라,수프라,토요타,0,0
1857,볼보 S80 2013년형,S80,볼보,0,0
1858,포르쉐 세부 분류,0,0,0,0
1859,아우디 Q5 2013년형,Q5,아우디,0,0
1860,현대 다이너스티,다이너스티,현대,0,0
1861,포드 머스탱 2021년형,머스탱,포드,0,0
1862,시트로엥 DS3,DS3,시트로엥,0,0
1863,벤츠 E-클래스 웨건 S213,E-클래스,벤츠,0,웨건 S213
1864,렉서스 ES 2009년형,0,0,0,0
1865,혼다 레전드,레전드,혼다,0,0
1866,BMW M8,M8,BMW,0,0
1867,랜드로버 디스커버리 2013년형,디스커버리,랜드로버,0,0
1868,포르쉐 카이엔 2020년형,카이엔,포르쉐,0,0
1869,벤츠 더뉴 C-클래스 쿠페 C205,C-클래스,벤츠,0,0
1870,토요타 도요타86 2021년형,도요타86,토요타,0,0
1871,링컨 컨티넨탈 2017년형,컨티넨탈,링컨,0,0
1872,아우디 Q5 2017년형,Q5,아우디,0,0
1873,랜드로버 디스커버리 스포츠 2018년형,디스커버리 스포츠,랜드로버,0,0
1874,폭스바겐 파사트 2013년형,파사트,폭스바겐,0,0
1875,인피니티 QX 2017년형,QX,인피니티,0,0
1876,링컨 MKC 2018년형,MKC,링컨,0,0
1877,재규어 XJ 2010년형,XJ,재규어,0,0
1878,BMW X5 M E70,X5 M,BMW,0,0
1879,랜드로버 레인지로버 스포츠 2020년형,레인지로버 스포츠,랜드로버,0,0
1880,닷지 챌린저 2019년형,챌린저,닷지,0,0
1881,링컨 MKX 2016년형,MKX,링컨,0,0
1882,랜드로버 프리랜더,프리랜더,랜드로버,0,0
1883,재규어 F페이스 2019년형,F페이스,재규어,0,0
1884,랜드로버 레인지로버 이보크 L538,레인지로버 이보크,랜드로버,0,0
1885,르노삼성 세부 분류,0,0,0,0
1886,렉서스 RX 2012년형,0,0,0,0
1887,토요타 캠리 2018년형,캠리,토요타,0,0
1888,랜드로버 레인지로버 보그 2014년형,레인지로버 보그,랜드로버,0,0
1889,BMW i8,i8,BMW,0,0
1890,토요타 프리우스 2021년형,프리우스,토요타,0,0
1891,링컨 에비에이터 2021년형,에비에이터,링컨,0,0
1892,쉐보레/한국GM 3세대 이쿼녹스,이쿼녹스,쉐보레/한국GM,3세대,0
1893,포르쉐 718 2016년형,718,포르쉐,0,0
1894,렉서스 CT 2015년형,CT,렉서스,0,0
1895,기아 HEV 포르테 쿱 XK,포르테 쿱,기아,0,0
1896,BMW X6 F16,X6,BMW,0,F16
1897,지프 랭글러 2015년형,랭글러,지프,0,0
1898,렉서스 SC,SC,렉서스,0,0
1899,폭스바겐 CC 2016년형,CC,폭스바겐,0,0
1900,마세라티 기블리 2018년형,기블리,마세라티,0,0
1901,토요타 툰드라,툰드라,토요타,0,0
1902,토요타 FJ크루져 2013년형,FJ크루져,토요타,0,0
1903,링컨 LS,0,0,0,0
1904,쌍용 H 체어맨 W100,체어맨,쌍용,W,W100
1905,지프 랭글러 2016년형,랭글러,지프,0,0
1906,포르쉐 마칸 2015년형,마칸,포르쉐,0,0
1907,쉐보레/한국GM X 젠트라 T255,젠트라,쉐보레/한국GM,0,0
1908,테슬라 모델3,0,0,0,0
1909,렉서스 ES 2010년형,ES,렉서스,0,0
1910,쉐보레/한국GM 카마로,카마로,쉐보레,0,0
1911,닛산 캐시카이,캐시카이,닛산,0,0
1912,재규어 I페이스 2020년형,I페이스,재규어,0,0
1913,렉서스 GS,GS,렉서스,0,0
1914,링컨 네비게이터,네비게이터,링컨,0,0
1915,렉서스 IS 2014년형,IS,렉서스,0,0
1916,혼다 인사이트 2019년형,인사이트,혼다,0,0
1917,벤츠 CLS-클래스 W218: CLS63 AMG,CLS-클래스,벤츠,0,0
1918,아우디 Q5 2015년형,Q5,아우디,0,0
1919,푸조 3008 2017년형,3008,푸조,0,0
1920,쉐보레/한국GM 라세티,라세티,쉐보레/한국GM,0,0
1921,현대 쏠라티 EU,0,0,0,0
1922,BMW i3,i3,BMW,0,0
1923,렉서스 LX 2017년형,LX,렉서스,0,0
1924,쉐보레 임팔라 2018년형,임팔라,쉐보레,0,0
1925,르노삼성 (출시예정) XM3 LJL,XM3,르노삼성,0,0
1926,닷지 램 픽업 2020년형,램 픽업,닷지,0,0
1927,기아 뉴 카니발 VQ,카니발,기아,뉴,VQ
1928,현대 7세대(출시예정) 아반떼 CN7,아반떼,현대,0,CN7
1929,랜드로버 프리랜더 2011년형,프리랜더,랜드로버,0,0
1930,닛산 리프,리프,닛산,0,0
1931,지프 레니게이드 2017년형,레니게이드,지프,0,0
1932,마세라티 르반떼,르반떼,마세라티,0,0
1933,아우디 S7 2013년형,S7,아우디,0,0
1934,벤츠 CL-클래스,CL-클래스,벤츠,0,0
1935,포르쉐 카이엔 2010년형,카이엔,포르쉐,0,0
1936,포르쉐파나메라4S,파나메라,포르쉐,0,0
1937,현대 롱바디 갤로퍼 M,갤로퍼,현대,롱바디,M
1938,랜드로버 디스커버리 스포츠 2020년형,디스커버리 스포츠,랜드로버,0,0
1939,랜드로버 레인지로버 보그 2020년형,레인지로버 보그,랜드로버,0,0
1940,농업용트랙터M6-108,M6,BMW,0,0
1941,다이너스티,다이너스티,현대,0,0
1942,아우디 R8,R8,아우디,0,0
1943,랜드로버 디스커버리 2015년형,디스커버리,랜드로버,0,0
1944,포르쉐 마칸 2018년형,마칸,포르쉐,0,0
1945,제네시스 GV70 JK1,제네시스,현대,0,0
1946,푸조 2008 2015년형,2008,푸조,0,0
1947,BMW M3 F80,M3,BMW,0,F80
1948,링컨 MKX 2021년형,MKX,링컨,0,0
1949,푸조 208,208,푸조,0,0
1950,볼보 V40 2017년형,V40,볼보,0,0
1951,벤틀리 뮬산 2019년형,뮬산,벤틀리,0,0
1952,테슬라,0,0,0,0
1953,볼보 XC40 2019년형,XC40,볼보,0,0
1954,시트로엥 C4 피카소,C4 피카소,시트로엥,0,0
1955,현대 쏠라티,0,0,0,0
1956,포르쉐 카이엔 2014년형,카이엔,포르쉐,0,0
1957,닛산 캐시카이 Z11,캐시카이,닛산,0,0
1958,포르쉐 카이맨 2011년형,카이맨,포르쉐,0,0
1959,아우디 Q7 2014년형,Q7,아우디,0,0
1960,아우디 F/L A3 8V,A3,아우디,F/L,8V
1961,링컨 MKZ 2015년형,MKZ,링컨,0,0
1962,제네시스 2세대 G80 RG3,제네시스,현대,0,RG3
1963,캐딜락 에스컬레이드 2017년형,에스컬레이드,캐딜락,0,0
1964,푸조 307,307,푸조,0,0
1965,페라리 F40 2018년형,F40,페라리,0,0
1966,혼다 CR-V 2018년형,CR-V,혼다,0,0
1967,렉서스 LS 2018년형,0,0,0,0
1968,렉서스 LC,LC,렉서스,0,0
1969,인피니티 QX 2014년형,QX,인피니티,0,0
1970,시트로엥 DS7,DS7,시트로엥,0,0
1971,폭스바겐 티구안 2016년형,티구안,폭스바겐,0,0
1972,혼다 오딧세이 2015년형,오딧세이,혼다,0,0
1973,미니쿠퍼 JCW,0,0,0,0
1974,캐딜락 XT5 2020년형,XT5,캐딜락,0,0
1975,페라리 포르토피노,포르토피노,페라리,0,0
1976,아우디 세부 분류,0,0,0,0
1977,볼보 2세대 크로스컨트리 S60,S60,볼보,0,0
1978,링컨 MKT 2020년형,MKT,링컨,0,0
1979,비이스만 로드스터 2020년형,로드스터,비이스만,0,0
1980,뷰익 센츄리 2021년형,센츄리,토요타,0,0
1981,스마트 포투 2020년형,포투,스마트,0,0
1982,비이스만 GT 2021년형,0,0,0,0
1983,크라이슬러 비전 2021년형,비전,크라이슬러,0,0
1984,토요타 아발론 2021년형,아발론,토요타,0,0
1985,시트로엥 C4 피카소 2020년형,C4 피카소,시트로엥,0,0
1986,쉐보레/한국GM 2 마티즈 M150,마티즈,쉐보레/한국GM,0,0
1987,링컨 MKC 2020년형,MKC,링컨,0,0
1988,폭스바겐 아테온 2019년형,아테온,폭스바겐,0,0
1989,포르쉐 718 2020년형,718,포르쉐,0,0
1990,기아 더뉴 아웃도어 카니발 YP,카니발,기아,더뉴 아웃도어,YP
1991,현대 출시예정 아반떼 CN7,아반떼,현대,0,CN7
1992,마세라티 콰트로포르테 2020년형,콰트로포르테,마세라티,0,0
1993,비이스만 GT,0,0,0,0
1994,캐딜락 CTS 2019년형,CTS,캐딜락,0,0
1995,포르쉐 718 2019년형,718,포르쉐,0,0
1996,토요타 시에나 2019년형,시에나,토요타,0,0
1997,쉐보레/한국GM 윈스톰 C100,윈스톰,쉐보레/한국GM,0,C100
1998,쉐보레/한국GM 더뉴 아베오 T300,아베오,쉐보레/한국GM,더뉴,T300
1999,비이스만 로드스터 2019년형,로드스터,비이스만,0,0
2000,푸조 3008 2018년형,3008,푸조,0,0
2001,포르쉐 박스터 2020년형,박스터,포르쉐,0,0
2002,BMW X6 E71/72,X6,BMW,0,E71/72
2003,마세라티 기블리 2019년형,기블리,마세라티,0,0
2004,폭스바겐 투아렉 2012년형,투아렉,폭스바겐,0,0
2005,25.5T 덤프트럭,0,0,0,0
2006,덤프트럭 25.5T,0,0,0,0
2007,TM산타페,0,0,0,0
2008,쉐보레/한국GM 트래버스 2세대,트래버스,쉐보레,2세대,2세대
2009,테슬라 모델 3 2019년형,모델 3,테슬라,0,0
2010,아우디 A8 2020년형,A8,아우디,0,0
2011,기아 3세대 K5 DL3,K5,기아,0,0
2012,테슬라 모델 3 2020년형,모델 3,테슬라,0,0
2013,포드 익스플로러 2020년형,익스플로러,포드,0,0
2014,포르쉐 911 2015년형,911,포르쉐,0,0
2015,아우디 Q7 2019년형,Q7,아우디,0,0
2016,렉서스 IS 2009년형,0,0,0,0
2017,닷지 램 픽업,램 픽업,닷지,0,0
2018,볼보 FH500 2019년형,0,0,0,0
2019,링컨 MKX 2020년형,MKX,링컨,0,0
2020,쌍용 카이런,카이런,쌍용,0,0
2021,닛산 패스파인더 2020년형,패스파인더,닛산,0,0
2022,닛산 엑스테라 2020년형,엑스테라,닛산,0,0
2023,포르쉐 박스터 2019년형,박스터,포르쉐,0,0
2024,현대 쿠페 아반떼 JK,아반떼,현대,0,0
2025,닛산 패스파인더,패스파인더,닛산,0,0
2026,아우디 Q5 2014년형,Q5,아우디,0,0
2027,볼보 V60 2020년형,V60,볼보,0,0
2028,벤틀리 컨티넨탈 플라잉스퍼 2008년형,컨티넨탈 플라잉스퍼,벤틀리,0,0
2029,IG,0,0,0,0
2030,렉서스 RX 2017년형,0,0,0,0
2031,랜드로버 디스커버리 2017년형,디스커버리,랜드로버,0,0
2032,쏘나타DN,쏘나타,현대,0,0
2033,재규어 XJ 2020년형,XJ,재규어,0,0
2034,동풍소콘 FENGON IX5,X5,BMW,0,0
2035,폭스바겐 CC 2011년형,CC,폭스바겐,0,0
2036,렉서스 ES 2013년형,ES,렉서스,0,0
2037,랜드로버 레인지로버 스포츠 2017년형,레인지로버 스포츠,랜드로버,0,0
2038,미니 컨트리맨 2019년형,컨트리맨,미니,0,0
2039,시트로엥 DS7 2018년형,DS7,시트로엥,0,0
2040,렉서스 IS 2016년형,IS,렉서스,0,0
2041,롤스로이스 레이스,레이스,롤스로이스,0,0
2042,닷지 니트로,니트로,닷지,0,0
2043,다이하쓰 마테리아 2019년형,마테리아,다이하쓰,0,0
2044,포르쉐 카이엔 2019년형,카이엔,포르쉐,0,0
2045,지프 랭글러 2019년형,랭글러,지프,0,0
2046,대우프리마25톤,0,0,0,0
2047,기아 프라이드 Y,프라이드,기아,0,Y
2048,아큐라 MDX,MDX,아큐라,0,0
2049,볼보 FH500 2012년형,0,0,0,0
2050,BMW 미니,0,0,0,0
2051,벤츠 G-클래스 W464,G-클래스,벤츠,0,W464
2052,아우디 A8 2018년형,A8,아우디,0,0
2053,트럭 3 1열 봉고 PU,1열 봉고,기아,트럭 3,PU
2054,5 시리즈 G30/31,5 시리즈,BMW,0,0
2055,링컨 컨티넨탈 2019년형,컨티넨탈,링컨,0,0
2056,오스틴 FX,0,0,0,0
2057,시트로엥 DS 2020년형,0,0,0,0
2058,아큐라 ZDX 2020년형,ZDX,아큐라,0,0
2059,인피니티 JX 2020년형,JX,인피니티,0,0
2060,닛산 NV밴 2020년형,NV밴,닛산,0,0
2061,푸조 308SW 2020년형,308SW,푸조,0,0
2062,아큐라 RDX 2020년형,RDX,아큐라,0,0
2063,마쯔다 MPV 2020년형,MPV,마쯔다,0,0
2064,닛산 GTR,GTR,닛산,0,0
2065,현대 뉴 그레이스 AH,그레이스,현대,0,0
2066,쉐보레 HHR 2020년형,HHR,쉐보레,0,0
2067,BMW Z3 E36/7,Z3,BMW,0,E36/7
2068,푸조 307SW 2019년형,307SW,푸조,0,0
2069,마쯔다 2 (데미오) 2020년형,2 (데미오),마쯔다,0,0
2070,링컨 MKS,MKS,링컨,0,0
2071,테스트???,0,0,0,0
2072,토요타 알파드,알파드,토요타,0,0
2073,푸조 508SW 2019년형,508SW,푸조,0,0
2074,렉서스 LC 2020년형,LC,렉서스,0,0
2075,랜드로버 프리랜더 2019년형,프리랜더,랜드로버,0,0
2076,현대 라비타,라비타,현대,0,0
2077,렉서스 RC,RC,렉서스,0,0
2078,아큐라 MDX 2020년형,MDX,아큐라,0,0
2079,시트로엥 DS,0,0,0,0
2080,벤츠 AMG GT 43,0,0,0,0
2081,벤츠 S-클래스 W220,S-클래스,벤츠,0,W220
2082,아우디A6,A6,아우디,0,0
2083,IMHUNGRY,0,0,0,0
2084,TEST TEST TEST,ES,렉서스,0,0
2085,현대 LPi HEV 아반떼 HD,아반떼,현대,0,0
2086,인피니티 G 시리즈 2008년형,G 시리즈,인피니티,0,0
2087,벤츠 GT-클래스 X290 GT43 AMG 4DOOR,GT-클래스,벤츠,0,0
2088,아우디 A5 2014년형,A5,아우디,0,0
2089,BMW X1 F48,X1,BMW,0,F48
2090,아우디 A8 2016년형,A8,아우디,0,0
2091,아우디 A7 2016년형,A7,아우디,0,0
2092,마쯔다 AZ 2020년형,AZ,마쯔다,0,0
2093,폭스바겐 비틀 2016년형,비틀,폭스바겐,0,0
2094,포르쉐 카레라GT,카레라GT,포르쉐,0,0
2095,아우디 S4,S4,아우디,0,0
2096,지프 루비콘 2019년형,루비콘,지프,0,0
2097,람보르기니 디아블로,디아블로,람보르기니,0,0
2098,포드 익스플로러 2014년형,익스플로러,포드,0,0
2099,폭스바겐 파사트 2017년형,파사트,폭스바겐,0,0
2100,푸조 5008 2019년형,5008,푸조,0,0
2101,랜드로버 디스커버리 2016년형,디스커버리,랜드로버,0,0
2102,페라리 456 2019년형,456,페라리,0,0
2103,렉서스 UX 2018년형,UX,렉서스,0,0
2104,람보르기니 가야드로 2020년형,가야드로,람보르기니,0,0
2105,혼다 시빅 2019년형,시빅,혼다,0,0
2106,랜드로버 레인지로버 벨라 2018년형,레인지로버 벨라,랜드로버,0,0
2107,폭스바겐 제타 2014년형,제타,폭스바겐,0,0
2108,벤틀리 컨티넨탈 GT,컨티넨탈 GT,벤틀리,0,0
2109,렉서스 RX 2013년형,0,0,0,0
2110,쌍용 H뉴클래식 체어맨 W100,체어맨,쌍용,H뉴클래식,W100
2111,토요타 시에나 2014년형,시에나,토요타,0,0
2112,벤츠 S-클래스 2017년형,S-클래스,벤츠,0,0
2113,쉐보레/한국GM 2 다마스,다마스,쉐보레/한국GM,2,0
2114,지프 체로키 2018년형,체로키,지프,0,0
2115,벤츠 E-클래스 쿠페,E-클래스,벤츠,0,0
2116,미니 컨트리맨 2014년형,컨트리맨,미니,0,0
2117,쉐보레/한국GM 콜벳,콜벳,쉐보레,0,0
2118,벤츠 A-클래스 W177/V177,A-클래스,벤츠,0,0
2119,테슬라 모델 S 2019년형,모델 S,테슬라,0,0
2120,스마트 포투 2014년형,포투,스마트,0,0
2121,아우디 A6 2016년형,A6,아우디,0,0
2122,랜드로버 레인지로버 2016년형,레인지로버,랜드로버,0,0
2123,푸조 5008 2017년형,5008,푸조,0,0
2124,쉐보레/한국GM F/L 말리부 V400,말리부,쉐보레/한국GM,0,0
2125,랜드로버 레인지로버 이보크 2020년형,레인지로버 이보크,랜드로버,0,0
2126,미니 쿠퍼 2017년형,0,0,0,0
2127,볼보 S60 2019년형,S60,볼보,0,0
2128,벤츠 GLC-클래스 X253/C253,GLC-클래스,벤츠,0,0
2129,미니 쿠퍼 2015년형,0,0,0,0
2130,벤츠 S-클래스 2020년형,S-클래스,벤츠,0,0
2131,스마트 포투 2013년형,포투,스마트,0,0
2132,쉐보레/한국GM 캡티바 유로6,캡티바,홀덴,0,유로6
2133,미니 쿠퍼 2011년형,0,0,0,0
2134,지프 컴패스,컴패스,지프,0,0
2135,르노삼성 더뉴 QM6,QM6,르노삼성,0,0
2136,아우디 A5 2019년형,A5,아우디,0,0
2137,기아 더뉴 카니발 하이리무진 YP,카니발,기아,더뉴,YP
2138,벤츠 E-클래스 E350d,E-클래스,벤츠,0,0
2139,폭스바겐 비틀,비틀,폭스바겐,0,0
2140,BMW M2,M2,BMW,0,0
2141,렉서스 LS 2019년형,0,0,0,0
2142,벤츠 GLK-클래스 2013년형,GLK-클래스,벤츠,0,0
2143,아우디 A6 2018년형,A6,아우디,0,0
2144,쌍용 뉴 카이런,카이런,쌍용,뉴,0
2145,벤츠 M-클래스 2013년형,M-클래스,벤츠,0,0
2146,포드 F-시리즈 2012년형,F-시리즈,포드,0,0
2147,쉐보레/한국GM 볼트 2019년형,볼트,쉐보레/한국GM,0,2
2148,푸조 208 2016년형,208,푸조,0,0
2149,벤츠 GT-클래스 GT43 AMG 4DOOR,GT-클래스,벤츠,0,0
2150,벤츠 GT-클래스 GT63 AMG 4DOOR,GT-클래스,벤츠,0,0
2151,벤츠 E-클래스 E200,E-클래스,벤츠,0,0
2152,BMW M4 F82/83,M4,BMW,0,F82/83
2153,지프 체로키 2011년형,체로키,지프,0,0
2154,포르쉐 카이엔 2016년형,카이엔,포르쉐,0,0
2155,벤츠 GT 2019년형,0,0,0,0
2156,벤틀리 벤테이가,벤테이가,벤틀리,0,0
2157,미니 2열 쿠퍼 2020년형,2열 쿠퍼,미니,0,0
2158,포르쉐 카이엔 2017년형,카이엔,포르쉐,0,0
2159,스마트 포투 2019년형,포투,스마트,0,0
2160,아우디 A6 2017년형,A6,아우디,0,0
2161,시트로엥 DS 2016년형,0,0,0,0
2162,렉서스 NX 2016년형,NX,렉서스,0,0
2163,미니 쿠퍼 2019년형,0,0,0,0
2164,볼보 FH500 2016년형,0,0,0,0
2165,푸조 508 2020년형,508,푸조,0,0
2166,닛산 큐브 2011년형,큐브,닛산,0,0
2167,인피니티 M 시리즈 2013년형,M 시리즈,인피니티,0,0
2168,BMW Z4 E85/86,Z4,BMW,0,0
2169,현대 더뉴 벨로스터 FS,벨로스터,현대,더뉴,FS
2170,렉서스 NX 2018년형,NX,렉서스,0,0
2171,닛산 맥시마 2017년형,맥시마,닛산,0,0
2172,벤츠 마이바흐 2015년형,마이바흐,벤츠,0,0
2173,마쯔다 MX 2020년형,MX,마쯔다,0,0
2174,폭스바겐 파사트 2006년형,0,0,0,0
2175,볼보 V90 2019년형,V90,볼보,0,0
2176,BMW i3 I01,i3,BMW,0,0
2177,현대 테라칸,테라칸,현대,0,0
2178,푸조 2008 2020년형,2008,푸조,0,0
2179,기아 올뉴 쏘울 PS,쏘울,기아,올뉴,PS
2180,아우디 A4 2013년형,A4,아우디,0,0
2181,쉐보레 콜벳,콜벳,쉐보레,0,0
2182,랜드로버 레인지로버 2014년형,레인지로버,랜드로버,0,0
2183,시트로엥 C4 칵투스 2016년형,C4 칵투스,시트로엥,0,0
2184,닛산 알티마 2020년형,알티마,닛산,0,0
2185,벤츠 S-클래스 2015년형,S-클래스,벤츠,0,0
2186,볼보 XC90 2017년형,XC90,볼보,0,0
2187,쉐보레/한국GM 젠트라 T250,젠트라,쉐보레/한국GM,0,0
2188,포드 익스플로러 2017년형,익스플로러,포드,0,0
2189,볼보 XC60 2013년형,XC60,볼보,0,0
2190,재규어 XJS,XJS,재규어,0,0
2191,르노삼성 르노 마스터,마스터,르노,0,0
2192,미니 쿠퍼 2020년형,0,0,0,0
2193,벤츠 마이바흐 2019년형,마이바흐,벤츠,0,0
2194,롤스로이스 던 2019년형,던,롤스로이스,0,0
2195,마쯔다 6 (아텐자) 2019년형,6 (아텐자),마쯔다,0,0
2196,미니 쿠퍼 2006년형,0,0,0,0
2197,아우디 A4 2010년형,A4,아우디,0,0
2198,인피니티 Q 시리즈 2019년형,Q 시리즈,인피니티,0,0
2199,포드 익스플로러 2019년형,익스플로러,포드,0,0
2200,벤츠 E-클래스 W210,E-클래스,벤츠,0,W210
2201,지프 루비콘 2017년형,루비콘,지프,0,0
2202,아우디 A6 2015년형,A6,아우디,0,0
2203,스바루 레거시,레거시,스바루,0,0
2204,렉서스 UX 2019년형,UX,렉서스,0,0
2205,페라리 458,458,페라리,0,0
2206,벤츠 GLE-클래스 2015년형,GLE-클래스,벤츠,0,0
2207,렉서스 NX 2019년형,NX,렉서스,0,0
2208,푸조 3008 2012년형,3008,푸조,0,0
2209,볼보 V60 2018년형,V60,볼보,0,0
2210,벤츠 C-클래스 W204/C204,C-클래스,벤츠,0,W204
2211,캐딜락 ATS,ATS,캐딜락,0,0
2212,현대 쿠페 아반떼 MD,아반떼,현대,0,0
2213,쌍용 코란도 투리스모 A150,코란도 투리스모,쌍용,0,0
2214,렉서스 ES 2011년형,ES,렉서스,0,0
2215,아우디 A6 2012년형,A6,아우디,0,0
2216,폭스바겐 CC 2014년형,CC,폭스바겐,0,0
2217,벤츠 GLE-클래스 2016년형,GLE-클래스,벤츠,0,0
2218,볼보 S60 2018년형,S60,볼보,0,0
2219,기아 어드밴스 로체 MG,로체,기아,어드밴스,MG
2220,링컨 MKZ 2013년형,MKZ,링컨,0,0
2221,벤츠 마이바흐 2016년형,마이바흐,벤츠,0,0
2222,볼보 XC60 2015년형,XC60,볼보,0,0
2223,아우디 A6 2011년형,A6,아우디,0,0
2224,벤츠 S-클래스 2016년형,S-클래스,벤츠,0,0
2225,랜드로버 레인지로버 벨라 2019년형,레인지로버 벨라,랜드로버,0,0
2226,볼보 V40 2020년형,V40,볼보,0,0
2227,링컨 MKX 2015년형,MKX,링컨,0,0
2228,재규어 XF 2017년형,XF,재규어,0,0
2229,아우디 SQ 2015년형,SQ,아우디,0,0
2230,벤츠 M-클래스 2015년형,M-클래스,벤츠,0,0
2231,볼보 V40 2015년형,V40,볼보,0,0
2232,랜드로버 프리랜더 2007년형,프리랜더,랜드로버,0,0
2233,미니 쿠퍼 2018년형,0,0,0,0
2234,볼보 S90 2017년형,S90,볼보,0,0
2235,아우디 TT 2008년형,2008,푸조,0,0
2236,렉서스 CT 2012년형,CT,렉서스,0,0
2237,포드 토러스 2014년형,토러스,포드,0,0
2238,토요타 타코마 픽업 2016년형,타코마 픽업,토요타,0,0
2239,재규어 XF 2012년형,XF,재규어,0,0
2240,폭스바겐 제타 2011년형,제타,폭스바겐,0,0
2241,랜드로버 레인지로버 벨라 2020년형,레인지로버 벨라,랜드로버,0,0
2242,볼보 S90 2013년형,S90,볼보,0,0
2243,롤스로이스 던,던,롤스로이스,0,0
2244,쉐보레/대우 더넥스트 스파크 M400,스파크,쉐보레/한국GM,0,M400
2245,포르쉐 카이엔 2012년형,카이엔,포르쉐,0,0
2246,아우디 A7 2012년형,A7,아우디,0,0
2247,폭스바겐 파사트 2009년형,0,0,0,0
2248,마세라티 그란카브리오 2017년형,그란카브리오,마세라티,0,0
2249,인피니티 FX 2006년형,0,0,0,0
2250,GMC 유콘,유콘,GMC,0,0
2251,토요타 캠리 2012년형,캠리,토요타,0,0
2252,렉서스 IS 2006년형,0,0,0,0
2253,현대 그랜저 L,그랜저,현대,0,L
2254,미니 2열 쿠퍼 2019년형,2열 쿠퍼,미니,0,0
2255,알파로메오 브레라,브레라,알파로메오,0,0
2256,닛산 알티마 2017년형,알티마,닛산,0,0
2257,볼보 C70 2008년형,2008,푸조,0,0
2258,캐딜락 XT5 2018년형,XT5,캐딜락,0,0
2259,지프 루비콘 2020년형,루비콘,지프,0,0
2260,미니 쿠퍼 컨버터블 2018년형,쿠퍼 컨버터블,미니,0,0
2261,폭스바겐 CC 2012년형,CC,폭스바겐,0,0
2262,벤츠 GLC-클래스 X253/C253: GLC63 AMG,GLC-클래스,벤츠,0,0
2263,아우디 A7 2013년형,A7,아우디,0,0
2264,BMW M6 F06/12/13,M6,BMW,0,F06/12/13
2265,미니 쿠퍼 컨버터블 2019년형,쿠퍼 컨버터블,미니,0,0
2266,기아 엘란,엘란,기아,0,0
2267,포르쉐 카이엔 2015년형,카이엔,포르쉐,0,0
2268,포드 머스탱 2019년형,머스탱,포드,0,0
2269,쉐보레/대우 이쿼녹스 3세대,이쿼녹스,쉐보레/한국GM,3세대,0
2270,랜드로버 레인지로버 2019년형,레인지로버,랜드로버,0,0
2271,벤츠 S-클래스 2008년형,S-클래스,벤츠,0,0
2272,푸조 508 2015년형,508,푸조,0,0
2273,벤츠 GLK-클래스 2014년형,GLK-클래스,벤츠,0,0
2274,재규어 XKR 2013년형,XKR,재규어,0,0
2275,벤틀리 컨티넨탈 플라잉스퍼,컨티넨탈 플라잉스퍼,벤틀리,0,0
2276,아우디 A3 2018년형,A3,아우디,0,0
2277,포드 F-시리즈 2019년형,F-시리즈,포드,0,0
2278,아우디 R8 2015년형,R8,아우디,0,0
2279,볼보 S80 2014년형,S80,볼보,0,0
2280,아우디 A5 2015년형,A5,아우디,0,0
2281,렉서스 LX 2015년형,LX,렉서스,0,0
2282,렉서스 LS 2012년형,0,0,0,0
2283,쌍용 코란도 KH7,코란도,쌍용,0,KH7
2284,아우디 S3 2015년형,S3,아우디,0,0
2285,쉐보레/대우 아카디아,아카디아,쉐보레/한국GM,0,0
2286,캐딜락 ATS 2014년형,ATS,캐딜락,0,0
2287,벤츠 S-클래스 2012년형,S-클래스,벤츠,0,0
2288,재규어 XJ6 2006년형,0,0,0,0
2289,재규어 XE 2016년형,XE,재규어,0,0
2290,토요타 RAV4 2013년형,RAV4,토요타,0,0
2291,폭스바겐 비틀 2015년형,비틀,폭스바겐,0,0
2292,인피니티 M 시리즈 2015년형,M 시리즈,인피니티,0,0
2293,지프 사하라 2019년형,사하라,지프,0,0
2294,볼보 V40 2018년형,V40,볼보,0,0
2295,르노 마스터 2020년형,마스터,르노,0,0
2296,미니 쿠퍼 컨버터블 2014년형,쿠퍼 컨버터블,미니,0,0
2297,현대 올뉴 아반떼 J2,아반떼,현대,올뉴,J2
2298,볼보 S90 2018년형,S90,볼보,0,0
2299,아우디 A8 2012년형,A8,아우디,0,0
2300,포르쉐 카이엔 2018년형,카이엔,포르쉐,0,0
2301,포르쉐 파나메라 2018년형,파나메라,포르쉐,0,0
2302,렉서스 LS 2009년형,0,0,0,0
2303,포드 F-시리즈 2011년형,F-시리즈,포드,0,0
2304,아우디 A7 2015년형,A7,아우디,0,0
2305,토요타 시에나 2018년형,시에나,토요타,0,0
2306,닛산 무라노,무라노,닛산,0,0
2307,푸조 2008 2019년형,2008,푸조,0,0
2308,볼보 XC90 2016년형,XC90,볼보,0,0
2309,포드 익스플로러 2015년형,익스플로러,포드,0,0
2310,테슬라 모델 S 2020년형,모델 S,테슬라,0,0
2311,포드 이스케이프 2013년형,이스케이프,포드,0,0
2312,폭스바겐 비틀 2013년형,비틀,폭스바겐,0,0
2313,기아 프론티어 1열 봉고 W3,1열 봉고,기아,0,0
2314,기아 K3 쿱,K3 쿱,기아,0,0
2315,쌍용 무쏘 스포츠 FJ,무쏘 스포츠,쌍용,0,0
2316,닷지 다코타 2019년형,다코타,닷지,0,0
2317,아우디 올로드콰트로 2017년형,올로드콰트로,아우디,0,0
2318,볼보 S60 2016년형,S60,볼보,0,0
2319,쉐보레/대우 뉴 크루즈 J300,크루즈,홀덴,뉴,J300
2320,아우디 Q7 2010년형,Q7,아우디,0,0
2321,현대 트라제XG FO,트라제XG,현대,0,FO
2322,기아 신형 쏘울 SK3,K3,기아,0,SK3
2323,포르쉐 카이엔 2013년형,카이엔,포르쉐,0,0
2324,혼다 어코드 2014년형,어코드,혼다,0,0
2325,볼보 V40 2013년형,V40,볼보,0,0
2326,벤츠 M-클래스 2014년형,M-클래스,벤츠,0,0
2327,포르쉐 911 2019년형,911,포르쉐,0,0
2328,BMW 5 시리즈 G30,5 시리즈,BMW,0,0
2329,캐딜락 CT6 2018년형,CT6,캐딜락,0,0
2330,마세라티 콰트로포르테 2008년형,콰트로포르테,마세라티,0,0
2331,아우디 A4 2011년형,A4,아우디,0,0
2332,렉서스 LS 2007년형,0,0,0,0
2333,랜드로버 레인지로버 스포츠 2019년형,레인지로버 스포츠,랜드로버,0,0
2334,닛산 맥시마 2019년형,맥시마,닛산,0,0
2335,재규어 XJ 2017년형,XJ,재규어,0,0
2336,랜드로버 레인지로버 이보크 2019년형,레인지로버 이보크,랜드로버,0,0
2337,닛산 맥시마 2018년형,맥시마,닛산,0,0
2338,롤스로이스 레이스 2018년형,레이스,롤스로이스,0,0
2339,벤츠 E-클래스 W211,E-클래스,벤츠,0,W211
2340,벤츠 S-클래스 2013년형,S-클래스,벤츠,0,0
2341,포르쉐 911 2018년형,911,포르쉐,0,0
2342,쉐보레/대우 알페온,알페온,쉐보레/한국GM,0,0
2343,벤틀리 컨티넨탈 플라잉스퍼 2016년형,컨티넨탈 플라잉스퍼,벤틀리,0,0
2344,포드 몬데오 2017년형,몬데오,포드,0,0
2345,혼다 CR-V 2007년형,CR-V,혼다,0,0
2346,아우디 A6 2020년형,A6,아우디,0,0
2347,닛산 맥시마 2020년형,맥시마,닛산,0,0
2348,428i,0,0,0,0
2349,쉐보레/대우 아베오 T300,아베오,쉐보레/한국GM,0,T300
2350,렉서스 IS 2011년형,IS,렉서스,0,0
2351,벤츠 GL-클래스 X166,GL-클래스,벤츠,0,0
2352,아우디 A6 2010년형,A6,아우디,0,0
2353,재규어 F타입 2014년형,F타입,재규어,0,0
2354,포드 익스플로러 2018년형,익스플로러,포드,0,0
2355,포드 쿠가,쿠가,포드,0,0
2356,쉐보레/대우 올뉴 말리부 V400,말리부,쉐보레/한국GM,0,0
2357,쉐보레/대우 다마스,다마스,쉐보레/한국GM,0,0
2358,쉐보레/대우 윈스톰 C100,윈스톰,쉐보레/한국GM,0,C100
2359,NeoSM3L38,SM3,르노삼성,0,0
2360,포르쉐 카이엔 2009년형,카이엔,포르쉐,0,0
2361,미니 1열 쿠퍼,0,0,0,0
2362,아우디 A6 2008년형,2008,푸조,0,0
2363,아우디 Q3 2014년형,Q3,아우디,0,0
2364,렉서스 GS 2019년형,GS,렉서스,0,0
2365,푸조 306,306,푸조,0,0
2366,벤츠 S-클래스 2010년형,S-클래스,벤츠,0,0
2367,토요타 툰드라 2018년형,툰드라,토요타,0,0
2368,미니 1열 쿠퍼 2010년형,0,0,0,0
2369,랜드로버 레인지로버 2017년형,레인지로버,랜드로버,0,0
2370,포르쉐 파나메라 2015년형,파나메라,포르쉐,0,0
2371,쉐보레/대우 올뉴 크루즈 J400,크루즈,홀덴,올뉴,J400
2372,쉐보레/대우 캡티바 유로5,캡티바,홀덴,0,0
2373,쉐보레/대우 SS 카마로 6세대,카마로,쉐보레,SS,6세대
2374,폭스바겐 비틀 2014년형,비틀,폭스바겐,0,0
2375,재규어 XJ 2015년형,XJ,재규어,0,0
2376,볼보 S,0,0,0,0
2377,현대 (구) 제네시스,제네시스,현대,0,0
2378,현대 (구) 제네시스 DH,제네시스,현대,0,DH
2379,닛산 주크 2016년형,주크,닛산,0,0
2380,폭스바겐 제타 2012년형,제타,폭스바겐,0,0
2381,랜드로버 레인지로버 2018년형,레인지로버,랜드로버,0,0
2382,6그란쿠페,0,0,0,0
2383,911시리즈,911,포르쉐,0,0
2384,벤츠 CLS-클래스 2018년형,CLS-클래스,벤츠,0,0
2385,랜드로버 프리랜더 2014년형,프리랜더,랜드로버,0,0
2386,벤츠 E-클래스 2017년형,E-클래스,벤츠,0,0
2387,볼보 S 2019년형,0,0,0,0
2388,포르쉐 파나메라 2017년형,파나메라,포르쉐,0,0
2389,이스즈 뮤 2019년형,뮤,이스즈,0,0
2390,벤츠 E-클래스 2019년형,E-클래스,벤츠,0,0
2391,벤츠 GLC-클래스 2019년형,GLC-클래스,벤츠,0,0
2392,6시리즈G32,0,0,0,0
2393,현대 포터 2열 2 HR,0,0,0,0
2394,볼보 V70 2019년형,V70,볼보,0,0
2395,렉서스 LS 2005년형,0,0,0,0
2396,벤츠 E-클래스 2014년형,E-클래스,벤츠,0,0
2397,볼보 XC 2019년형,0,0,0,0
2398,벤츠 GLE-클래스 2019년형,GLE-클래스,벤츠,0,0
2399,쉐보레 카마로 2016년형,카마로,쉐보레,0,0
2400,벤츠 E-클래스 2018년형,E-클래스,벤츠,0,0
2401,미니 컨트리맨 2018년형,컨트리맨,미니,0,0
2402,벤츠 GLA-클래스 2018년형,GLA-클래스,벤츠,0,0
2403,레인지로버 스포츠 2019년형,레인지로버 스포츠,랜드로버,0,0
2404,G4 렉스턴 Y400,렉스턴,쌍용,G4,Y400
2405,F/L 투싼 TL,TL,아큐라,0,0
2406,뉴라이즈 HEV 쏘나타 LF,쏘나타,현대,뉴라이즈 HEV,LF
2407,CLS-클래스,CLS-클래스,벤츠,0,0
2408,더 K9 RJ,K9,기아,더,RJ
2409,4 시리즈,4 시리즈,BMW,0,0
2410,E-클래스,E-클래스,벤츠,0,0
2411,마티즈 2 M150,마티즈,쉐보레/한국GM,0,0
2412,골프 2014년형,골프,폭스바겐,0,0
2413,SM6 LFD,SM6,르노삼성,0,0
2414,GLC-클래스 2019년형,GLC-클래스,벤츠,0,0
2415,그랜저,그랜저,현대,0,0
2416,퓨전 2011년형,퓨전,포드,0,0
2417,Q 시리즈 2019년형,Q 시리즈,인피니티,0,0
2418,EV 코나 OS,코나,현대,EV,OS
2419,LS,0,0,0,0
2420,코나 OS,코나,현대,0,OS
2421,뉴라이즈 쏘나타 LF,쏘나타,현대,뉴라이즈,LF
2422,3 시리즈,3 시리즈,BMW,0,0
2423,렉스턴 스포츠 Q200,렉스턴 스포츠,쌍용,0,0
2424,더마스터 쏘렌토 UM,쏘렌토,기아,0,UM
2425,넥쏘 FE,넥쏘,현대,0,FE
2426,더뉴 카니발 YP,카니발,기아,더뉴,YP
2427,NX 2019년형,NX,렉서스,0,0
2428,S-클래스 2018년형,S-클래스,벤츠,0,0
2429,G70 IK,G70,제네시스,0,IK
2430,익스플로러 2019년형,익스플로러,포드,0,0
2431,카이엔 2016년형,카이엔,포르쉐,0,0
2432,X1 F48,X1,BMW,0,F48
2433,CT6 2019년형,CT6,캐딜락,0,0
2434,캠리 2019년형,캠리,토요타,0,0
2435,티구안 2019년형,티구안,폭스바겐,0,0
2436,올뉴 쏘렌토 UM,쏘렌토,기아,올뉴,UM
2437,5 시리즈,5 시리즈,BMW,0,0
2438,718 2019년형,718,포르쉐,0,0
2439,E-클래스 2019년형,E-클래스,벤츠,0,0
2440,G80 DH,G80,제네시스,0,DH
2441,GLE-클래스 2019년형,GLE-클래스,벤츠,0,0
2442,CLA-클래스 2019년형,CLA-클래스,벤츠,0,0
2443,올뉴 K7 YG,K7,기아,올뉴,YG
2444,올뉴 투싼 TL,TL,아큐라,0,0
2445,올뉴 카니발 YP,카니발,기아,올뉴,YP
2446,PHEV 아이오닉 AE,아이오닉,현대,PHEV,AE
2447,CUV 스토닉 YB,스토닉,기아,0,YB
2448,N 벨로스터 JS,벨로스터,현대,N,JS
2449,CLA-클래스 2017년형,CLA-클래스,벤츠,0,0
2450,HEV 그랜저 IG,그랜저,현대,HEV,IG
2451,Neo SM3 L38,SM3,르노삼성,0,0
2452,SS 카마로 6세대,카마로,쉐보레,SS,6세대
2453,스타렉스 TQ,스타렉스,현대,0,TQ
2454,CT,CT,렉서스,0,0
2455,노바 SM7 L47,SM7,르노삼성,노바,L47
2456,S-클래스,S-클래스,벤츠,0,0
2457,그랜저 ,그랜저,현대,0,0
2458,K3 YD,K3,기아,0,YD
2459,S ,0,0,0,0
2460,E-클래스 2017년형,E-클래스,벤츠,0,0
2461,쏘렌토 UM 더마스터,쏘렌토,기아,0,UM
2462,K7 YG 올뉴,K7,기아,올뉴,YG
2463,스팅어 CK,스팅어,기아,0,CK
2464,그랜저 IG HEV,그랜저,현대,HEV,IG
2465,제네시스 DH,제네시스,현대,0,DH
2466,E-클래스 ,E-클래스,벤츠,0,0
2467,이쿼녹스 3세대,이쿼녹스,쉐보레/한국GM,3세대,0
2468,E-클래스 2018년형,E-클래스,벤츠,0,0
2469,Q5 ,Q5,아우디,0,0
2470,티구안 2018년형,티구안,폭스바겐,0,0
2471,쏘나타 YF HEV,쏘나타,현대,HEV,YF
2472,X6 E71/72,X6,BMW,0,E71/72
2473,캠리 2018년형,캠리,토요타,0,0
2474,K5 JF 더뉴,K5,기아,0,0
2475,스포티지 ,스포티지,기아,0,0
2476,ES 2019년형,ES,렉서스,0,0
2477,아발론 2018년형,아발론,토요타,0,0
2478,CT 2017년형,CT,렉서스,0,0
2479,투싼 ,투싼,현대,0,0
2480,A8 2015년형,A8,아우디,0,0
2481,스포티지 QL 더볼드,스포티지,기아,더볼드,QL
2482,K9 RJ 더,K9,기아,더,RJ
2483,코나 ,코나,현대,0,0
2484,C-클래스 ,C-클래스,벤츠,0,0
2485,캠리 ,캠리,토요타,0,0
2486,아이오닉 ,아이오닉,현대,0,0
2487,렉스턴 Y400 G4,렉스턴,쌍용,G4,Y400
2488,모하비 ,모하비,기아,0,0
2489,모하비 HM 더뉴,모하비,기아,0,HM
2490,카니발 YP 더뉴,카니발,기아,더뉴,YP
2491,QM6 ,QM6,르노삼성,0,0
2492,G80 ,G80,제네시스,0,0
2493,K9 ,K9,기아,0,0
2494,코나 OS EV,코나,현대,EV,OS
2495,아반떼 AD,아반떼,현대,0,AD
2496,i30 PD,i30,현대,0,0
2497,CT ,CT,렉서스,0,0
2498,G70 ,G70,제네시스,0,0
2499,ES ,ES,렉서스,0,0
2500,CLS-클래스 2019년형,CLS-클래스,벤츠,0,0
2501,니로 DE PHEV,니로,기아,PHEV,DE
2502,C-클래스 2017년형,C-클래스,벤츠,0,0
2503,EQ900 HI,EQ900,제네시스,0,0
2504,S-클래스 2016년형,S-클래스,벤츠,0,0
2505,911,911,포르쉐,0,0
2506,카니발 ,카니발,기아,0,0
2507,쏘렌토 ,쏘렌토,기아,0,0
2508,르반떼 ,르반떼,마세라티,0,0
2509,EQ900 ,EQ900,제네시스,0,0
2510,싼타페 ,싼타페,현대,0,0
2511,파나메라 ,파나메라,포르쉐,0,0
2512,CLS-클래스 ,CLS-클래스,벤츠,0,0
2513,SM7 ,SM7,르노삼성,0,0
2514,렉스턴 ,렉스턴,쌍용,0,0
2515,SM6 ,SM6,르노삼성,0,0
2516,쏘나타 ,쏘나타,현대,0,0
2517,파사트 ,파사트,폭스바겐,0,0
2518,아반떼 ,아반떼,현대,0,0
2519,V50 ,V50,볼보,0,0
2520,스팅어 ,스팅어,기아,0,0
2521,X3 ,X3,BMW,0,0
2522,GLC-클래스 ,GLC-클래스,벤츠,0,0
2523,C-클래스,C-클래스,벤츠,0,0
2524,GLC-클래스,GLC-클래스,벤츠,0,0
2525,GLE-클래스,GLE-클래스,벤츠,0,0
2526,6 시리즈,6 시리즈,BMW,0,0
2527,ES,ES,렉서스,0,0
2528,체로키,체로키,지프,0,0
2529,SM6,SM6,르노삼성,0,0
2530,넥쏘,넥쏘,현대,0,0
2531,RX,0,0,0,0
2532,S,0,0,0,0
2533,7 시리즈,7 시리즈,BMW,0,0
2534,XC,0,0,0,0
2535,시빅,시빅,혼다,0,0
2536,티구안올스페이스,티구안,폭스바겐,0,0
2537,bB,bB,토요타,0,0
2538,420i,0,0,0,0
2539,미니5도어,0,0,0,0
2540,레인지로버 스포츠,레인지로버 스포츠,랜드로버,0,0
2541,MKC,MKC,링컨,0,0
2542,1 시리즈,1 시리즈,BMW,0,0
2543,SLC,LC,렉서스,0,0
2544,GLS-클래스,GLS-클래스,벤츠,0,0
2545,740i,0,0,0,0
2546,H2,H2,허머,0,0
2547,제네시스 쿠페,제네시스 쿠페,현대,0,0
2548,C 클래스,0,0,0,0
2549,Audi S8,S8,아우디,0,0
2550,CT200h,0,0,0,0
2551,박스터,박스터,포르쉐,0,0
2552,V클래스,0,0,0,0
2553,S 클래스,0,0,0,0
2554,체어맨W리무진,체어맨,쌍용,W,0
2555,SLK클래스,0,0,0,0
2556,투아렉,투아렉,폭스바겐,0,0
2557,E 클래스,0,0,0,0
2558,링컨MKX,MKX,링컨,0,0
2559,M3,M3,BMW,0,0
2560,르반떼,르반떼,마세라티,0,0
2561,BMWMINI,0,0,0,0
2562,Audi A8 6.0,A8,아우디,0,0
2563,G클래스,0,0,0,0
2564,i3,i3,BMW,0,0
2565,2011미니컨트리맨,컨트리맨,미니,0,0
2566,미니쿠퍼클럽맨,클럽맨,미니,0,0
2567,BMW 328i 컨버터블,0,0,0,0
2568,BMWM3,M3,BMW,0,0
2569,640i GT,0,0,0,0
2570,M240i,M2,BMW,0,0
2571,멕라렌 570S,570S,맥라렌,0,0
2572,BMWZ4,Z4,BMW,0,0
2573,New Beetle,0,0,0,0
2574,볼보XC70,XC70,볼보,0,0
2575,Q60,0,0,0,0
2576,GL클래스,0,0,0,0
2577,S클래스 쿠페,0,0,0,0
2578,9-3시리즈,0,0,0,0
2579,2011미니쿠퍼클럽맨,클럽맨,미니,0,0
2580,미니클럽맨,클럽맨,미니,0,0
2581,그란투리스모,그란투리스모,마세라티,0,0
2582,E400쿠페,0,0,0,0
2583,M550DX,550,페라리,0,0
2584,LC500,0,0,0,0
2585,XE,XE,재규어,0,0
2586,콰트로포르테,콰트로포르테,마세라티,0,0
2587,LS600hL,0,0,0,0
2588,s600,0,0,0,0
2589,뉴프리랜더,프리랜더,랜드로버,0,0
2590,몬데오,몬데오,포드,0,0
2591,시트로앵DS3,DS3,시트로엥,0,0
2592,530d,0,0,0,0
2593,2011미니쿠퍼,0,0,0,0
2594,클벳,0,0,0,0
2595,Audi TT Roadster,TT,아우디,0,0
2596,QX60,QX,인피니티,0,0
2597,혼다 S2000,S2000,혼다,0,0
2598,CLK클래스,0,0,0,0
2599,타르가,0,0,0,0
2600,RS5,RS5,아우디,0,0
2601,하이럭스서프,하이럭스,토요타,0,0
2602,XJ시리즈,XJ,재규어,0,0
2603,컨티넨탈 플라잉스퍼,컨티넨탈 플라잉스퍼,벤틀리,0,0
2604,크라이슬러 세브링SEDAN,세브링,크라이슬러,0,0
2605,D2,0,0,0,0
2606,컨티넨탈GT,컨티넨탈,링컨,0,0
2607,Q30s,Q3,아우디,0,0
2608,INFINITI G37 COUPE,0,0,0,0
2609,폭스바겐 Phaeton,0,0,0,0
2610,캘리포니아30,캘리포니아,페라리,0,0
2611,535i,0,0,0,0
2612,토요타86,0,0,0,0
2613,사이언xB,0,0,0,0
2614,마히바흐,0,0,0,0
2615,540FH,0,0,0,0
2616,RX450,0,0,0,0
2617,아웃랜더,아웃랜더,미쓰비시,0,0
2618,프리우스프라임,프리우스,토요타,0,0
2619,INFINITI G37 CONVERTIBLE,0,0,0,0
2620,M6,M6,BMW,0,0
2621,쿠가,쿠가,포드,0,0
2622,INFINITI FX35,0,0,0,0
2623,벤츠 My B,0,0,0,0
2624,m2,0,0,0,0
2625,피아트500C,0,0,0,0
2626,엑티브투어러,0,0,0,0
2627,제네시스 G80 스포츠,제네시스,현대,0,0
2628,C200 ML,0,0,0,0
2629,BMW NEW5시리즈,0,0,0,0
2630,i8,i8,BMW,0,0
2631,이스케이프,이스케이프,포드,0,0
2632,INFINITI G35 SEDAN,0,0,0,0
2633,BMW NEW7시리즈,0,0,0,0
2634,E300 Amg,0,0,0,0
2635,올 뉴 크루즈,크루즈,홀덴,뉴,0
2636,인피니티 m37,0,0,0,0
2637,BMW 6시리즈,0,0,0,0
2638,4 시리스,0,0,0,0
2639,포르테 해치백(5-door),포르테,토요타,0,0
2640,BMW 5시리즈,0,0,0,0
2641,포르테 쿠페,포르테,토요타,0,0
2642,폭스바겐 제타 2020년형,제타,폭스바겐,0,0
2643,푸조 2008 2017년형,2008,푸조,0,0
2644,재규어 XF 2016년형,XF,재규어,0,0
2645,제네시스BH,제네시스,현대,0,BH
2646,쉐보레/한국GM 뉴 다마스,다마스,쉐보레/한국GM,뉴,0
2647,쉐보레 카마로 2021년형,카마로,쉐보레,0,0
2648,렉서스 LS 2020년형,0,0,0,0
2649,IVECO ACIER 790,0,0,0,0
2650,인피니티 Q 시리즈 2014년형,Q 시리즈,인피니티,0,0
2651,지프 글라디에이터,글라디에이터,지프,0,0
2652,현대 마이티 ,0,0,0,0
2653,링컨 MKT 2018년형,MKT,링컨,0,0
2654,혼다 CR-V 2021년형,CR-V,혼다,0,0
2655,포드 F-시리즈 2015년형,F-시리즈,포드,0,0
2656,피아트 124 2017년형,124,피아트,0,0
2657,현대 슈퍼캡 1열 포터 AH,1열 포터,현대,슈퍼캡,AH
2658,닛산 X-TRAIL T32,X-TRAIL,닛산,0,T32
2659,현대 더블캡 뉴 2열 포터 AU,2열 포터,현대,더블캡 뉴,AU
2660,쌍용 뉴 렉스턴 Y200,0,0,0,0
2661,푸조 607 2007년형,0,0,0,0
2662,링컨 MKX 2017년형,MKX,링컨,0,0
2663,토요타 입섬 2020년형,입섬,토요타,0,0
2664,쉐보레 익스프레스밴,익스프레스밴,쉐보레,0,0
2665,기아 옵티마,옵티마,기아,0,0
2666,포드 F-시리즈 2016년형,F-시리즈,포드,0,0
2667,지프 체로키 2007년형,0,0,0,0
2668,폭스바겐 투아렉 2019년형,투아렉,폭스바겐,0,0
2669,재규어 XJ 2007년형,0,0,0,0
2670,렉서스 RX 2018년형,0,0,0,0
2671,토요타 시에나 2017년형,시에나,토요타,0,0
2672,포드 몬데오 2021년형,몬데오,포드,0,0
2673,봉고1.2T,0,0,0,0
2674,카이엔 쿠페,카이엔,포르쉐,0,0
2675,미니쿠퍼2세대,0,0,0,0
2676,포르쉐 911 2010년형,911,포르쉐,0,0
2677,지프 그랜드 체로키,그랜드 체로키,지프,0,0
2678,재규어 XF 2021년형,XF,재규어,0,0
2679,폭스바겐 페이톤 2009년형,0,0,0,0
2680,푸조 208 2014년형,208,푸조,0,0
2681,마이티 2.5톤 카고 슈퍼캡,0,0,0,0
2682,토요타 RAV4 2016년형,RAV4,토요타,0,0
2683,인피니티 G 시리즈 2007년형,G 시리즈,인피니티,0,0
2684,재규어 F페이스 2016년형,F페이스,재규어,0,0
2685,현대자동차 포터2,0,0,0,0
2686,벤츠 쿠페 GLE-클래스 C292,GLE-클래스,벤츠,0,0
2687,포르쉐 파나메라 970,파나메라,포르쉐,0,970
2688,현대 슈퍼캡 뉴 1열 포터 AU,1열 포터,현대,슈퍼캡 뉴,AU
2689,포드 이스케이프,이스케이프,포드,0,0
2690,토요타 프리우스C 2019년형,프리우스C,토요타,0,0
2691,마이브MI,0,0,0,0
2692,마세라티 기블리 2015년형,기블리,마세라티,0,0
2693,재규어 XF 2013년형,XF,재규어,0,0
2694,토요타 아발론 2018년형,아발론,토요타,0,0
2695,토요타 캠리 2011년형,캠리,토요타,0,0
2696,미쓰비시 랜서 2009년형,0,0,0,0
2697,현대 올뉴마이티,0,0,0,0
2698,랜드로버 프리랜더 2013년형,프리랜더,랜드로버,0,0
2699,토요타 캠리 2014년형,캠리,토요타,0,0
2700,토요타 프리우스 2012년형,프리우스,토요타,0,0
2701,쌍용 액티언 C100,액티언,쌍용,0,C100
2702,재규어 S타입 2008년형,2008,푸조,0,0
2703,볼보 XC70 2013년형,XC70,볼보,0,0
2704,기아 더뉴 카렌스 RP,카렌스,기아,더뉴,RP
2705,아반테,0,0,0,0
2706,볼보 V40 2014년형,V40,볼보,0,0
2707,미니쿠퍼 ,0,0,0,0
2708,폭스바겐 파사트 2010년형,파사트,폭스바겐,0,0
2709,지프 체로키 2014년형,체로키,지프,0,0
2710,인피니티 QX 2015년형,QX,인피니티,0,0
2711,캐딜락 XT6 2020년형,XT6,캐딜락,0,0
2712,현대5톤덤프트럭,0,0,0,0
2713,BMW New 4 시리즈 G22,4 시리즈,BMW,New,G22
2714,재규어 XK,XK,재규어,0,0
2715,푸조 3008 2019년형,3008,푸조,0,0
2716,현대 올뉴마이티 윙바디,0,0,0,0
2717,한성8.5톤플러스카고,0,0,0,0
2718,캐딜락 SRX 2011년형,SRX,캐딜락,0,0
2719,포르쉐 카이엔 957,카이엔,포르쉐,0,0
2720,포드 토러스 2013년형,토러스,포드,0,0
2721,토요타 시에나 2015년형,시에나,토요타,0,0
2722,폭스바겐 폴로 2015년형,폴로,폭스바겐,0,0
2723,폭스바겐 제타 2015년형,제타,폭스바겐,0,0
2724,포르쉐 마칸 2016년형,마칸,포르쉐,0,0
2725,푸조 308 2017년형,308,푸조,0,0
2726,인피니티 M 시리즈 2008년형,M 시리즈,인피니티,0,0
2727,지프 랭글러 2012년형,랭글러,지프,0,0
2728,아우디 컨버터블 A5,A5,아우디,0,0
2729,닛산 알마다,알마다,닛산,0,0
2730,혼다 시빅 2015년형,시빅,혼다,0,0
2731,랜드로버 레인지로버 2008년형,레인지로버,랜드로버,0,0
2732,기아 옵티마 MS,옵티마,기아,0,MS
2733,벤틀리 컨티넨탈 플라잉스퍼 2019년형,컨티넨탈 플라잉스퍼,벤틀리,0,0
2734,현대 베르나 MC,베르나,현대,0,MC
2735,혼다 S660 2021년형,S660,혼다,0,0
2736,렉서스 ES 2007년형,0,0,0,0
2737,인피니티 세부 분류,0,0,0,0
2738,크라이슬러 200 2017년형,0,0,0,0
2739,지프 컴패스 2011년형,컴패스,지프,0,0
2740,랜드로버 디스커버리 2011년형,디스커버리,랜드로버,0,0
2741,이-에어로타운,0,0,0,0
2742,시트로엥 C4 칵투스 2018년형,C4 칵투스,시트로엥,0,0
2743,기아 스팩트라,스팩트라,기아,0,0
2744,인피니티 Q 시리즈 2017년형,Q 시리즈,인피니티,0,0
2745,포드 이스케이프 2008년형,이스케이프,포드,0,0
2746,푸조 208 2015년형,208,푸조,0,0
2747,아우디 TT 2014년형,TT,아우디,0,0
2748,동풍소콘 펜곤 ix5,펜곤 ix5,동풍소콘,0,0
2749,레스타,0,0,0,0
2750,인피니티 M 시리즈 2010년형,M 시리즈,인피니티,0,0
2751,포르쉐 911 2007년형,0,0,0,0
2752,포드 포커스 2013년형,포커스,포드,0,0
2753,르노 마스터 2021년형,마스터,르노,0,0
2754,폭스바겐 투아렉 2016년형,투아렉,폭스바겐,0,0
2755,벤츠 A-클래스 해치백 W177: A45 AMG,A-클래스,벤츠,0,0
2756,아우디 S7 2020년형,S7,아우디,0,0
2757,랜드로버 레인지로버 보그 2010년형,레인지로버 보그,랜드로버,0,0
2758,이스타나,0,0,0,0
2759,포드 이스케이프 2011년형,이스케이프,포드,0,0
2760,푸조 3008 2011년형,3008,푸조,0,0
2761,캐딜락 CTS 2015년형,CTS,캐딜락,0,0
2762,BMW미니 컨트리맨,컨트리맨,미니,0,0
2763,쉐보레/한국GM 매그너스 V200,매그너스,쉐보레/한국GM,0,0
2764,쉐보레/한국GM 매그너스,매그너스,쉐보레/한국GM,0,0
2765,미니 뉴 클럽맨 F54,클럽맨,미니,0,0
2766,포드 몬데오 2015년형,몬데오,포드,0,0
2767,푸조 407,407,푸조,0,0
2768,허머 H2,H2,허머,0,0
2769,랜드로버 디스커버리 2008년형,디스커버리,랜드로버,0,0
2770,포드 몬데오 2016년형,몬데오,포드,0,0
2771,GOIF 2.0 TDI,0,0,0,0
2772,ADFS,0,0,0,0
2773,폭스바겐 골프 2018년형,골프,폭스바겐,0,0
2774,지프 루비콘 2013년형,루비콘,지프,0,0
2775,쉐보레 익스프레스밴 2007년형,익스프레스밴,쉐보레,0,0
2776,현대 뉴 스타렉스 A1,스타렉스,현대,0,A1
2777,쌍용 무쏘 스포츠,무쏘 스포츠,쌍용,0,0
2778,피아트 124,124,피아트,0,0
2779,시트로엥 DS3 2015년형,DS3,시트로엥,0,0
2780,크라이슬러 PT크루저,PT크루저,크라이슬러,0,0
2781,링컨 MKS 2011년형,MKS,링컨,0,0
2782,벤츠 CL-클래스 C216: CL63 AMG,CL-클래스,벤츠,0,0
2783,푸조 208 2012년형,208,푸조,0,0
2784,폭스바겐 CC 2009년형,0,0,0,0
2785,랜드로버 레인지로버 2013년형,레인지로버,랜드로버,0,0
2786,쌍용 세부 분류,0,0,0,0
2787,지프 체로키 2015년형,체로키,지프,0,0
2788,스마트 포투,포투,스마트,0,0
2789,마이티3.5TON,0,0,0,0
2790,시트로엥 C4 피카소 2021년형,C4 피카소,시트로엥,0,0
2791,쌍용 뉴 코란도 KJ,코란도,쌍용,뉴,KJ
2792,지프 레니게이드 2016년형,레니게이드,지프,0,0
2793,현대 베르나,베르나,현대,0,0
2794,유니버스,0,0,0,0
2795,재규어 XJ 2018년형,XJ,재규어,0,0
2796,쉐보레/한국GM 젠트라,젠트라,쉐보레/한국GM,0,0
2797,링컨 MKC 2019년형,MKC,링컨,0,0
2798,랜드로버 디스커버리 스포츠 2012년형,디스커버리 스포츠,랜드로버,0,0
2799,혼다 오딧세이 2014년형,오딧세이,혼다,0,0
2800,쉐보레 체비밴,체비밴,쉐보레,0,0
2801,렉서스 CT 2017년형,CT,렉서스,0,0
2802,지프 체로키 2016년형,체로키,지프,0,0
2803,아우디 쿠페 A5 8W6,0,0,0,0
2804,쉐보레/한국GM 마티즈 클래식,마티즈,쉐보레/한국GM,0,클래식
2805,재규어 XF 2011년형,XF,재규어,0,0
2806,인피니티 G 시리즈 2013년형,G 시리즈,인피니티,0,0
2807,랜드로버 레인지로버 스포츠 2014년형,레인지로버 스포츠,랜드로버,0,0
2808,쉐보레 실버라도 픽업,실버라도 픽업,쉐보레,0,0
2809,기아 2 카렌스 RS,카렌스,기아,2,RS
2810,토요타 프리우스 2016년형,프리우스,토요타,0,0
2811,스바루 임프레자,임프레자,스바루,0,0
2812,폭스바겐 아테온 2017년형,아테온,폭스바겐,0,0
2813,마이티카고,0,0,0,0
2814,아우디 Q7 2013년형,Q7,아우디,0,0
2815,푸조 2008 2016년형,2008,푸조,0,0
2816,2007년 대우 레조,0,0,0,0
2817,렉서스 GS 2017년형,GS,렉서스,0,0
2818,렉서스 IS 2008년형,2008,푸조,0,0
2819,랜드로버 레인지로버 스포츠 2010년형,레인지로버 스포츠,랜드로버,0,0
2820,시트로엥 DS5 2014년형,DS5,시트로엥,0,0
2821,푸조 2008 2018년형,2008,푸조,0,0
2822,렉서스 LX 2012년형,LX,렉서스,0,0
2823,혼다 CR-V 2014년형,CR-V,혼다,0,0
2824,지프 체로키 2012년형,체로키,지프,0,0
2825,포드 토러스 2017년형,토러스,포드,0,0
2826,메가트럭 4.5,0,0,0,0
2827,2.5T 마이티,0,0,0,0
2828,토요타 RAV4 2017년형,RAV4,토요타,0,0
2829,랜드로버 레인지로버 스포츠 2016년형,레인지로버 스포츠,랜드로버,0,0
2830,포르쉐 911 2017년형,911,포르쉐,0,0
2831,아우디 R8 2020년형,R8,아우디,0,0
2832,랜드로버 디스커버리 스포츠 2015년형,디스커버리 스포츠,랜드로버,0,0
2833,닛산 Select 로그 S35,S3,아우디,0,0
2834,벤츠 C-클래스 쿠페 C205,C-클래스,벤츠,0,0
2835,푸조 205 2015년형,205,푸조,0,0
2836,볼보 XC70 2015년형,XC70,볼보,0,0
2837,링컨 MKS 2014년형,MKS,링컨,0,0
2838,현대 트랜스폼 베르나 MC,베르나,현대,트랜스폼,MC
2839,현대 5톤,0,0,0,0
2840,말리브,0,0,0,0
2841,벤틀리 컨티넨탈 GT 2012년형,컨티넨탈 GT,벤틀리,0,0
2842,혼다 시빅 2017년형,시빅,혼다,0,0
2843,혼다 어코드 2011년형,어코드,혼다,0,0
2844,볼보 1세대 XC90,XC90,볼보,1세대,0
2845,미니 쿠퍼 R58,0,0,0,0
2846,재규어 E페이스 2018년형,E페이스,재규어,0,0
2847,카운티,0,0,0,0
2848,기아 K3 쿱 YK,K3 쿱,기아,0,YK
2849,크라이슬러 300C 2010년형,300C,크라이슬러,0,0
2850,재규어 XE 2017년형,XE,재규어,0,0
2851,스팩트라,스팩트라,기아,0,0
2852,기아 2 카니발 KV-II,카니발,기아,2,KV-II
2853,노부스 5톤 크레인만 썬팅,0,0,0,0
2854,mq4,0,0,0,0
2855,미니쿠퍼 D,0,0,0,0
2856,폭스바겐 비틀 2008년형,2008,푸조,0,0
2857,대우45인승버스전체썬팅,0,0,0,0
2858,02포크레인,0,0,0,0
2859,현대5톤,0,0,0,0
2860,현대 투스카니 GK,투스카니,현대,0,GK
2861,마세라티 그란투리스모 2015년형,그란투리스모,마세라티,0,0
2862,대우프리마,0,0,0,0
2863,랜드로버 레인지로버 스포츠 2008년형,레인지로버 스포츠,랜드로버,0,0
2864,현대 7세대 아반떼 CN7,아반떼,현대,0,CN7
2865,쌍용 뉴 로디우스,로디우스,쌍용,뉴,0
2866,벤츠 A-클래스 W176,A-클래스,벤츠,0,W176
2867,토요타 캠리 2009년형,0,0,0,0
2868,닛산 무라노 Z51,무라노,닛산,0,0
2869,혼다 어코드 2012년형,어코드,혼다,0,0
2870,기아 4세대(출시예정) 카니발 KA4,카니발,기아,0,0
2871,인피니티 G 쿠페 2011년형,G 쿠페,인피니티,0,0
2872,카니발 9인승,카니발,기아,0,0
2873,지프 체로키 2013년형,체로키,지프,0,0
2874,푸조 208 2019년형,208,푸조,0,0
2875,폭스바겐 비틀 2012년형,비틀,폭스바겐,0,0
2876,쉐보레/한국GM 마티즈 M100,마티즈,쉐보레/한국GM,0,0
2877,5TON매가트럭,0,0,0,0
2878,벤츠 E-클래스 쿠페 C207,E-클래스,벤츠,0,0
2879,쉐보레/한국GM 이쿼녹스 3세대 F/L,이쿼녹스,쉐보레/한국GM,3세대 F/L,0
2880,허머 H3,H3,허머,0,0
2881,현대2.5T 마이티2,0,0,0,0
2882,마이티3.5T,0,0,0,0
2883,피아트 500X 2016년형,500X,피아트,0,0
2884,재규어 S타입,S타입,재규어,0,0
2885,렉서스 GS 2008년형,2008,푸조,0,0
2886,랜드로버 레인지로버 보그 2009년형,레인지로버 보그,랜드로버,0,0
2887,포드 토러스 2010년형,토러스,포드,0,0
2888,르노 마스터 2019년형,마스터,르노,0,0
2889,포르쉐 파나메라 2014년형,파나메라,포르쉐,0,0
2890,푸조 3008 2013년형,3008,푸조,0,0
2891,캐딜락 세부 분류,0,0,0,0
2892,혼다 CR-V 2009년형,CR-V,혼다,0,0
2893,혼다 HR-V,HR-V,혼다,0,0
2894,현대 아반떼 CN7,아반떼,현대,0,CN7
2895,스즈키 짐니,짐니,스즈키,0,0
2896,크라이슬러 300C 2008년형,300C,크라이슬러,0,0
2897,혼다 CR-V 2016년형,CR-V,혼다,0,0
2898,닷지 램 픽업 2017년형,램 픽업,닷지,0,0
2899,재규어 F페이스 2021년형,F페이스,재규어,0,0
2900,혼다 HR-V 2021년형,HR-V,혼다,0,0
2901,아우디 Q5 2012년형,Q5,아우디,0,0
2902,다이하쓰 코펜,코펜,다이하쓰,0,0
2903,BMW 미니쿠퍼  컨트리맨,컨트리맨,미니,0,0
2904,함코7.5톤 트럭,0,0,0,0
2905,마이티큐티,0,0,0,0
2906,폭스바겐 비틀 2007년형,0,0,0,0
2907,인피니티 G 시리즈 2010년형,G 시리즈,인피니티,0,0
2908,인피니티 G 시리즈 2011년형,G 시리즈,인피니티,0,0
2909,포드 E-시리즈 2021년형,E-시리즈,포드,0,0
2910,매가트럭 5TON,0,0,0,0
2911,미니쿠페,0,0,0,0
2912,쉐보레/한국GM 라세티 J200,라세티,쉐보레/한국GM,0,0
2913,올뉴마이티WQ3.5,Q3,아우디,0,0
2914,재규어 XJ6,XJ6,재규어,0,0
2915,마이티 윙바디,0,0,0,0
2916,포르쉐 카이맨 2021년형,카이맨,포르쉐,0,0
2917,벤츠 GLS-클래스 X166,GLS-클래스,벤츠,0,0
2918,지프 사하라,사하라,지프,0,0
2919,기아 스포티지 NB7,스포티지,기아,0,NB7
2920, 마이티3.5,0,0,0,0
2921,캐딜락 CTS 2021년형,CTS,캐딜락,0,0
2922,마이티 3.5톤,0,0,0,0
2923,기아 봉고 버스 CT,봉고 버스,기아,0,0
2924,포드 S-MAX 2008년형,S-MAX,포드,0,0
2925,폭스바겐 파사트 2020년형,파사트,폭스바겐,0,0
2926,아우디 Q3 2012년형,Q3,아우디,0,0
2927,메가트럭5톤,0,0,0,0
2928,현대 그랜저 LX,그랜저,현대,0,0
2929,볼보 S80 2012년형,S80,볼보,0,0
2930,폭스바겐 투아렉 2013년형,투아렉,폭스바겐,0,0
2931,아우디 S6 2019년형,S6,아우디,0,0
2932,랜드로버 레인지로버 이보크 2018년형,레인지로버 이보크,랜드로버,0,0
2933,혼다 시빅 2008년형,2008,푸조,0,0
2934,재규어 F페이스 2017년형,F페이스,재규어,0,0
2935,크라이슬러 캐러밴 2012년형,캐러밴,크라이슬러,0,0
2936,링컨 MKX 2011년형,MKX,링컨,0,0
2937,폭스바겐 CC 2015년형,CC,폭스바겐,0,0
2938,BMW New i3 I01,i3,BMW,0,0
2939,미니 쿠퍼 2013년형,0,0,0,0
2940,닛산 알티마 2016년형,알티마,닛산,0,0
2941,페라리 F430,F430,페라리,0,0
2942,펜콘 IX5,X5,BMW,0,0
2943,현대 점보 스타렉스 A1,스타렉스,현대,0,A1
2944,볼보 C30 2008년형,2008,푸조,0,0
2945,폭스바겐 파사트 2007년형,0,0,0,0
2946,현대 쏘나타 DN8 하이브리드,쏘나타,현대,0,DN8
2947,닷지 캘리버 2009년형,0,0,0,0
2948,푸조 308 2013년형,308,푸조,0,0
2949,쉐보레 C/K 1500 2012년형,C/K 1500,쉐보레,0,0
2950,테슬 라,0,0,0,0
2951,볼보 XC60 2012년형,XC60,볼보,0,0
2952,렉서스 RX 2006년형,0,0,0,0
2953,488 스파이더,스파이더,알파로메오,0,0
2954,현대4.5톤,0,0,0,0
2955,현대5톤메가트럭,0,0,0,0
2956,포드 머스탱 2012년형,머스탱,포드,0,0
2957,대우 노부스,0,0,0,0
2958,쌍용 뉴 로디우스 유로,로디우스,쌍용,뉴,유로
2959,닛산 알티마 2014년형,알티마,닛산,0,0
2960,C4 GREND PICASO,C4,시트로엥,0,0
2961,포드 토러스 2009년형,0,0,0,0
2962,링컨 타운카 2007년형,0,0,0,0
2963,대우 레스타,0,0,0,0
2964,칸 렉스턴 스포츠 Q200,렉스턴 스포츠,쌍용,0,0
2965,2 1열 포터 HR,1열 포터,현대,0,HR
2966,혼다 S660 2015년형,S660,혼다,0,0
2967,C35S5,C35,동풍소콘,0,0
2968,미니 컨트리맨 2016년형,컨트리맨,미니,0,0
2969,지프 랭글러 2017년형,랭글러,지프,0,0
2970,아반떼XD스포츠,아반떼,현대,0,0
2971,랄라루ㅜㅜㅜㅜㅜ,0,0,0,0
2972,랜드로버 레인지로버 이보크 2016년형,레인지로버 이보크,랜드로버,0,0
2973,아우디 S3 2016년형,S3,아우디,0,0
2974,아우디 A4 2012년형,A4,아우디,0,0
2975,닛산 로그,로그,닛산,0,0
2976,벤츠 스프린터 F/L 906,스프린터,토요타,0,F/L 906
2977,아우디 A4 2014년형,A4,아우디,0,0
2978,링컨 MKZ 2010년형,MKZ,링컨,0,0
2979,캐딜락 DTS,DTS,캐딜락,0,0
2980,BMW Z8,Z8,BMW,0,0
2981,캐딜락 BLS 2020년형,BLS,캐딜락,0,0
2982,푸조 508SW 2020년형,508SW,푸조,0,0
2983,아우디 A1 2019년형,A1,아우디,0,0
2984,GMC 벤츄라 2020년형,벤츄라,GMC,0,0
2985,현대 그레이스,그레이스,현대,0,0
2986,혼다 어코드 2007년형,0,0,0,0
2987,폭스바겐 티구안 2009년형,0,0,0,0
2988,GMC 사바나밴 2020년형,사바나밴,GMC,0,0
2989,마세라티 4200 GT 2020년형,4200 GT,마세라티,0,0
2990,OUTBACK,0,0,0,0
2991,아큐라 RL,RL,아큐라,0,0
2992,쉐보레/한국GM 카마로 5세대,카마로,쉐보레,0,0
2993,아우디 A8 2009년형,0,0,0,0
2994,포드 F-시리즈 2013년형,F-시리즈,포드,0,0
2995,머큐리 마운티니어,마운티니어,머큐리,0,0
2996,아우디 A8 2006년형,0,0,0,0
2997,지프 컴패스 2019년형,컴패스,지프,0,0
2998,아우디 A3 2016년형,A3,아우디,0,0
2999,포드 머스탱 2016년형,머스탱,포드,0,0
3000,쌍용 무쏘,무쏘,쌍용,0,0
3001,렉서스 GS 2009년형,0,0,0,0
3002,토요타 RAV4 2014년형,RAV4,토요타,0,0
3003,GMC 사파리 2019년형,사파리,GMC,0,0
3004,GMC 벤츄라 2019년형,벤츄라,GMC,0,0
3005,BMW 2 시리즈 F22/23,2 시리즈,BMW,0,F22
3006,크라이슬러 퍼시피카 2019년형,퍼시피카,크라이슬러,0,0
3007,이스즈 V크로스,V크로스,이스즈,0,0
3008,인피니티 FX 2009년형,0,0,0,0
3009,푸조 307 2008년형,2008,푸조,0,0
3010,재규어 XJ 2016년형,XJ,재규어,0,0
3011,벤츠 A-클래스 W177,A-클래스,벤츠,0,0
3012,벤츠 A-클래스 W177: A45 AMG,A-클래스,벤츠,0,0
3013,랜드로버 레인지로버 보그 2015년형,레인지로버 보그,랜드로버,0,0
3014,토요타 RAV4 2011년형,RAV4,토요타,0,0
3015,벤츠 SLK-클래스 2010년형,SLK-클래스,벤츠,0,0
3016,렉서스 IS 2007년형,0,0,0,0
3017,마세라티 기블리 2017년형,기블리,마세라티,0,0
3018,벤츠 GLS-클래스 2019년형,GLS-클래스,벤츠,0,0
3019,닛산 로그 2017년형,로그,닛산,0,0
3020,토요타 도요타86 2015년형,도요타86,토요타,0,0
3021,아우디 R8 2008년형,2008,푸조,0,0
3022,현대 아이오닉 HEV,아이오닉,현대,HEV,0
3023,벤츠 GLE-클래스 2020년형,GLE-클래스,벤츠,0,0
3024,아우디 A4 2020년형,A4,아우디,0,0
3025,BMW Z4 M,Z4 M,BMW,0,0
3026,현대 더 뉴 아이오닉 PHEV,아이오닉,현대,PHEV,0
3027,스바루 포레스터 2011년형,포레스터,스바루,0,0
3028,벤츠 SLC-클래스 2019년형,SLC-클래스,벤츠,0,0
3029,아우디 Q7 2007년형,0,0,0,0
3030,르노삼성 더 뉴 QM6,QM6,르노삼성,0,0
3031,아우디 A8 2013년형,A8,아우디,0,0
3032,벤츠 스프린터 2018년형,스프린터,토요타,0,0
3033,벤츠 C-클래스 W203,C-클래스,벤츠,0,W203
3034,기아 카렌스 RS,카렌스,기아,0,RS
3035,BMW i8 I12,i8,BMW,0,0
3036,벤츠 GLS-클래스 2016년형,GLS-클래스,벤츠,0,0
3037,피아트,0,0,0,0
3038,르노 클리오 2020년형,클리오,르노,0,0
3039,캐딜락 ATS 2015년형,ATS,캐딜락,0,0
3040,지프 랭글러 2018년형,랭글러,지프,0,0
3041,렉서스 LS 2006년형,0,0,0,0
3042,아우디 S4 2011년형,S4,아우디,0,0
3043,bmw Z4,Z4,BMW,0,0
3044,옵티마리갈,옵티마,기아,0,0
3045,캐딜락 SRX 2010년형,SRX,캐딜락,0,0
3046,벤틀리 뮬산,뮬산,벤틀리,0,0
3047,푸조 3008 2015년형,3008,푸조,0,0
3048,다이하쓰 미라지노 2018년형,미라지노,다이하쓰,0,0
3049,미니 쿠퍼 2014년형,0,0,0,0
3050,포드 퓨전 2013년형,퓨전,포드,0,0
3051,토요타 코롤라,코롤라,토요타,0,0
3052,아우디 A4 2015년형,A4,아우디,0,0
3053,기아 올뉴카렌스,카렌스,기아,올뉴,0
3054,벤츠 E-클래스 E400 4MATIC,E-클래스,벤츠,0,0
3055,링컨 MKS 2015년형,MKS,링컨,0,0
3056,벤츠 E-클래스 E220d 4MATIC,E-클래스,벤츠,0,0
3057,폭스바겐 파사트 2012년형,파사트,폭스바겐,0,0
3058,리오,리오,기아,0,0
3059,캐딜락 에스컬레이드 2018년형,에스컬레이드,캐딜락,0,0
3060,토요타 하이랜더,하이랜더,토요타,0,0
3061,bmw 420D,0,0,0,0
3062,스바루 포레스터 2015년형,포레스터,스바루,0,0
3063,BMW M5 F10,M5,BMW,0,0
3064,토요타 시에나 2012년형,시에나,토요타,0,0
3065,미니 2열 쿠퍼 2017년형,2열 쿠퍼,미니,0,0
3066,푸조 308 2014년형,308,푸조,0,0
3067,닷지 램 밴 2020년형,램 밴,닷지,0,0
3068,현대 뉴 1열 포터 AU,1열 포터,현대,0,AU
3069,닛산 알티마 2015년형,알티마,닛산,0,0
3070,벤자,벤자,토요타,0,0
3071,링컨 MKZ 2014년형,MKZ,링컨,0,0
3072,닷지 듀랑고 2019년형,듀랑고,닷지,0,0
3073,폭스바겐 시로코 2014년형,시로코,폭스바겐,0,0
3074,카이엔GTS,카이엔,포르쉐,0,0
3075,랜드로버 레인지로버 이보크 2012년형,레인지로버 이보크,랜드로버,0,0
3076,DB9,DB,애스턴마틴,0,0
3077,사브 900 2007년형,0,0,0,0
3078,인피니티 FX,0,0,0,0
3079,재규어 XJ 2008년형,2008,푸조,0,0
3080,아우디 Q5 2011년형,Q5,아우디,0,0
3081,bmw 420i,0,0,0,0
3082,르노 클리오 2019년형,클리오,르노,0,0
3083,혼다 시빅 2013년형,시빅,혼다,0,0
3084,스바루 아웃백 2011년형,아웃백,스바루,0,0
3085,폭스바겐 아테온 2018년형,아테온,폭스바겐,0,0
3086,벤틀리 뮬산 2020년형,뮬산,벤틀리,0,0
3087,닛산 370Z Z34,370Z,닛산,0,0
3088,올즈모빌 88LSS 2019년형,88LSS,올즈모빌,0,0
3089,르노 모뒤스 2020년형,모뒤스,르노,0,0
3090,GMC 벤츄라,벤츄라,GMC,0,0
3091,로터스 에보라,에보라,로터스,0,0
3092,링컨 MKT 2017년형,MKT,링컨,0,0
3093,랜드로버 레인지로버 이보크 2015년형,레인지로버 이보크,랜드로버,0,0
3094,푸조 3008 2010년형,3008,푸조,0,0
3095,렉서스 IS 2015년형,IS,렉서스,0,0
3096,렉서스 CT 2011년형,CT,렉서스,0,0
3097,크라이슬러 LHS 2006년형,0,0,0,0
3098,싼타모,싼타모,현대,0,0
3099,마쯔다 MX,MX,마쯔다,0,0
3100,쉐보레 익스프레스밴 2006년형,익스프레스밴,쉐보레,0,0
3101,폭스바겐 티구안 2011년형,티구안,폭스바겐,0,0
3102,인피니티 Q 시리즈 2010년형,Q 시리즈,인피니티,0,0
3103,현대 티뷰론,티뷰론,현대,0,0
3104,스마트 포투 2011년형,포투,스마트,0,0
3105,미니쿠퍼컨퍼터블,0,0,0,0
3106,포드 토러스 2016년형,토러스,포드,0,0
3107,랜드로버 디스커버리 2009년형,디스커버리,랜드로버,0,0
3108,지프 그랜드체로키,체로키,지프,0,0
3109,닷지 다코타,다코타,닷지,0,0
3110,볼보 S60 2015년형,S60,볼보,0,0
3111,피아트 500 2015년형,0,0,0,0
3112,혼다 시빅 2010년형,시빅,혼다,0,0
3113,렉서스 GS시리즈,GS,렉서스,0,0
3114,링컨 MKS 2016년형,MKS,링컨,0,0
3115,LM,0,0,0,0
3116,마세라티 그란투리스모,그란투리스모,마세라티,0,0
3117,퓨전,퓨전,포드,0,0
3118,마세라티 르반떼 2017년형,르반떼,마세라티,0,0
3119,링컨시리즈,0,0,0,0
3120,링컨 MKS 2013년형,MKS,링컨,0,0
3121,기아 하이브리드 포르테 쿱 XK,포르테 쿱,기아,0,0
3122,미니 클럽맨 2010년형,클럽맨,미니,0,0
3123,토요타 캠리 2008년형,2008,푸조,0,0
3124,아우디 Q3 2015년형,Q3,아우디,0,0
3125,Scion,0,0,0,0
3126,쉐보레/대우 젠트라,젠트라,쉐보레/한국GM,0,0
3127,쉐보레/대우 EV 스파크 M300,스파크,쉐보레/한국GM,0,M300
3128,포드 토러스 2008년형,2008,푸조,0,0
3129,지프 컴패스 2018년형,컴패스,지프,0,0
3130,크라이슬러 200 2016년형,0,0,0,0
3131,폭스바겐 페이톤 2011년형,페이톤,폭스바겐,0,0
3132,쉐보레/대우 올뉴 마티즈 M200/250,0,0,0,0
3133,쉐보레/대우 뉴 다마스,다마스,쉐보레/한국GM,뉴,0
3134,현대 뉴 투스카니 GK,투스카니,현대,뉴,GK
3135,쉐보레/대우 라세티 J200,라세티,쉐보레/한국GM,0,0
3136,프레지오,0,0,0,0
3137,매그너스,매그너스,쉐보레/한국GM,0,0
3138,폭스바겐 투아렉 2006년형,0,0,0,0
3139,쉐보레/대우 프리미엄6 토스카 V292,토스카,쉐보레/한국GM,프리미엄6,V292
3140,쉐보레/대우 캡티바 유로6,캡티바,홀덴,0,유로6
3141,지프 컴패스 2020년형,컴패스,지프,0,0
3142,캐딜락 CTS 2008년형,2008,푸조,0,0
3143,쉐보레/대우 마티즈 클래식,마티즈,쉐보레/한국GM,0,클래식
3144,볼보 V60 2015년형,V60,볼보,0,0
3145,시트로엥 C4 피카소 2016년형,C4 피카소,시트로엥,0,0
3146,미쓰비시 RVR,RVR,미쓰비시,0,0
3147,포드 이스케이프 2015년형,이스케이프,포드,0,0
3148,혼다 어코드 2006년형,0,0,0,0
3149,엘란트라,엘란,기아,0,0
3150,링컨 MKS 2008년형,2008,푸조,0,0
3151,재규어 XKR,XKR,재규어,0,0
3152,렉서스 LS 2013년형,0,0,0,0
3153,쉐보레/대우 맥스 윈스톰 C105,윈스톰,쉐보레/한국GM,0,0
3154,미니 컨트리맨 2015년형,컨트리맨,미니,0,0
3155,아우디 A5 2013년형,A5,아우디,0,0
3156,재규어 XJ 2019년형,XJ,재규어,0,0
3157,더비틀,비틀,폭스바겐,0,0
3158,재규어 F페이스 2020년형,F페이스,재규어,0,0
3159,투스카니,투스카니,현대,0,0
3160,인피니티 G 쿠페 2007년형,G 쿠페,인피니티,0,0
3161,쉐보레/대우 아베오,아베오,쉐보레/한국GM,0,0
3162,쉐보레/대우 베리타스,베리타스,쉐보레/한국GM,0,0
3163,랜드로버 디스커버리 스포츠 2014년형,디스커버리 스포츠,랜드로버,0,0
3164,르노 마스터 2018년형,마스터,르노,0,0
3165,이스즈 뮤,뮤,이스즈,0,0
3166,미니 쿠퍼 2009년형,0,0,0,0
3167,볼보 XC90 2014년형,XC90,볼보,0,0
3168,닛산 무라노 2009년형,무라노,닛산,0,0
3169,혼다 인사이트 2010년형,인사이트,혼다,0,0
3170,911터보,911,포르쉐,0,0
3171,118i,0,0,0,0
3172,쉐보레 카마로 2019년형,카마로,쉐보레,0,0
3173,SLS,0,0,0,0
3174,재규어 XJR,XJR,재규어,0,0
3175,토요타 셀리카,셀리카,토요타,0,0
3176,쌍용 로디우스 유로,로디우스,쌍용,0,유로
3177,닷지 듀랑고 2018년형,듀랑고,닷지,0,0
3178,X-TREK,0,0,0,0
3179,벤츠 E-클래스 W123,E-클래스,벤츠,0,W123
3180,포르쉐 카레라GT 2019년형,카레라GT,포르쉐,0,0
3181,대우트럭(24톤),0,0,0,0
3182,혼다 시빅 2012년형,시빅,혼다,0,0
3183,푸조 308 2016년형,308,푸조,0,0
3184,닛산 마치,마치,닛산,0,0
3185,볼보 XC70 2016년형,XC70,볼보,0,0
3186,지프 랭글러 2011년형,랭글러,지프,0,0
3187,쉐보레/대우 매그너스,매그너스,쉐보레/한국GM,0,0
3188,벤츠 S-클래스 2006년형,S-클래스,벤츠,0,0
3189,뷰익 리갈 2014년형,리갈,뷰익,0,0
3190,볼보 V40 2019년형,V40,볼보,0,0
3191,벤츠 M-클래스 2012년형,M-클래스,벤츠,0,0
3192,포드 F-시리즈 2018년형,F-시리즈,포드,0,0
3193,인피니티 EX,EX,인피니티,0,0
3194,랜드크루져,랜드크루져,토요타,0,0
3195,폭스바겐 티구안 2017년형,티구안,폭스바겐,0,0
3196,아우디 A8 2015년형,A8,아우디,0,0
3197,GLS500,0,0,0,0
3198,INFINITI EX35,EX,인피니티,0,0
3199,볼보V50,V50,볼보,0,0
3200,포르쉐 카이맨 2008년형,2008,푸조,0,0
3201,닛산 주크 2017년형,주크,닛산,0,0
3202,벤츠 GLE-클래스 2014년형,GLE-클래스,벤츠,0,0
3203,쉐보레/대우 더뉴 아베오 T300,아베오,쉐보레/한국GM,더뉴,T300
3204,페라리 488 2018년형,488,페라리,0,0
3205,닛산 큐브 2012년형,큐브,닛산,0,0
3206,렉서스 RX 400h,0,0,0,0
3207,M30d,M3,BMW,0,0
3208,쉐보레/대우 카마로,카마로,쉐보레,0,0
3209,프레스토,0,0,0,0
3210,혼다 크로스로드 2013년형,크로스로드,혼다,0,0
3211,닛산 엑스테라 2019년형,엑스테라,닛산,0,0
3212,링컨 MKX 2012년형,MKX,링컨,0,0
3213,GS450h,S4,아우디,0,0
3214,파워텍,0,0,0,0
3215,볼보 S60 2006년형,0,0,0,0
3216,미니쿠퍼쿠페,0,0,0,0
3217,다이하츠코펜,코펜,다이하쓰,0,0
3218,어울림모터스 스피라 2018년형,스피라,어울림모터스,0,0
3219,아우디 Q7 2012년형,Q7,아우디,0,0
3220,혼다 오딧세이 2017년형,오딧세이,혼다,0,0
3221,포드 익스플로러 2013년형,익스플로러,포드,0,0
3222,C-HR,C-HR,토요타,0,0
3223,미니 1열 쿠퍼 2019년형,0,0,0,0
3224,렉서스 GS 2006년형,0,0,0,0
3225,쌍용 렉스턴 스포츠 Q150,렉스턴 스포츠,쌍용,0,0
3226,닛산 알티마 2019년형,알티마,닛산,0,0
3227,아우디 A3 2015년형,A3,아우디,0,0
3228,토요타 시에나 2016년형,시에나,토요타,0,0
3229,랜드로버 프리랜더 2018년형,프리랜더,랜드로버,0,0
3230,아우디 A7 2019년형,A7,아우디,0,0
3231,링컨 MKZ 2018년형,MKZ,링컨,0,0
3232,Touareg,0,0,0,0
3233,렉서스 RX 2010년형,0,0,0,0
3234,벤츠 E-클래스 2015년형,E-클래스,벤츠,0,0
3235,닛산 알티마 2018년형,알티마,닛산,0,0
3236,현대 포터 2 HR,0,0,0,0
3237,벤츠 S-클래스 2011년형,S-클래스,벤츠,0,0
3238,벤츠 E-클래스 2016년형,E-클래스,벤츠,0,0
3239,SM7 Ex2,SM7,르노삼성,0,Ex2
3240,XC 2019년형,0,0,0,0
3241,더뉴 스파크 M400,스파크,쉐보레/한국GM,0,M400
3242,RX 2019년형,0,0,0,0
3243,더뉴 트랙스 U200,트랙스,쉐보레/한국GM,0,0
3244,PHEV 니로 DE,니로,기아,PHEV,DE
3245,올뉴 K3 BD,K3,기아,올뉴,BD
3246,임팔라 10세대,임팔라,쉐보레,0,10세대
3247,더뉴 아반떼 MD,아반떼,현대,더뉴,MD
3248,5 시리즈 GT,5 시리즈 GT,BMW,0,0
3249,더볼드 스포티지 QL,스포티지,기아,더볼드,QL
3250,F/L 말리부 V400,말리부,쉐보레/한국GM,0,0
3251,더프라임 싼타페 DM,싼타페,현대,더프라임,DM
3252,스타렉스 A1,스타렉스,현대,0,A1
3253,투싼 TL F/L,TL,아큐라,0,0
3254,쏘나타 LF 뉴라이즈,쏘나타,현대,뉴라이즈,LF
3255,SM5 L43 노바,SM5,르노삼성,0,0
3256,K3 ,K3,기아,0,0
3257,아반떼 AD 더뉴,아반떼,현대,더뉴,AD
3258,NX ,NX,렉서스,0,0
3259,말리부 V400 F/L,말리부,쉐보레/한국GM,0,0
3260,스타렉스 TQ 더뉴그랜드,스타렉스,현대,더뉴그랜드,TQ
3261,아반떼 MD 더뉴,아반떼,현대,더뉴,MD
3262,쏘렌토 XM R,쏘렌토,기아,R,XM
3263,X3 G01,X3,BMW,0,G01
3264,디스커버리 2015년형,디스커버리,랜드로버,0,0
3265,모닝 JA 올뉴,모닝,기아,올뉴,JA
3266,티볼리 ,티볼리,쌍용,0,0
3267,E-클래스 2015년형,E-클래스,벤츠,0,0
3268,K7 ,K7,기아,0,0
3269,SM5 L43 뉴신형,SM5,르노삼성,0,0
3270,트랙스 ,트랙스,쉐보레/한국GM,0,0
3271,SM5 ,SM5,르노삼성,0,0
3272,니로 ,니로,기아,0,0
3273,봉고 ,0,0,0,0
3274,RX ,0,0,0,0
3275,5 시리즈 ,5 시리즈,BMW,0,0
3276,말리부 ,말리부,쉐보레/한국GM,0,0
3277,크루즈 ,크루즈,홀덴,0,0
3278,EOS,0,0,0,0
3279,말리부 undefined,말리부,쉐보레/한국GM,0,0
3280,싼타페 undefined,싼타페,현대,0,0
3281,그랜저 undefined,그랜저,현대,0,0
3282,F-시리즈,F-시리즈,포드,0,0
3283,그란투리스모 (GT),그란투리스모,마세라티,0,0
3284,NX,NX,렉서스,0,0
3285,볼트,볼트,쉐보레/한국GM,0,0
3286,R8,R8,아우디,0,0
3287,A8,A8,아우디,0,0
3288,닷지다코타,다코타,닷지,0,0
3289,G25,0,0,0,0
3290,B-클래스,B-클래스,벤츠,0,0
3291,쿠퍼 (1열),쿠퍼,미니,0,0
3292,INFINITI G35 COUPE,0,0,0,0
3293,아우디 A4 Saloon,A4,아우디,0,0
3294,쿠퍼 (2열),쿠퍼,미니,0,0
3295,VQ35,Q3,아우디,0,0
3296,벤츄라밴,벤츄라,GMC,0,0
3297,X타입,X타입,재규어,0,0
3298,A3,A3,아우디,0,0
3299,오딧세이,오딧세이,혼다,0,0
3300,트랜짓,트랜짓,포드,0,0
3301,뉴그랜버드,0,0,0,0
3302,Q 시리즈,Q 시리즈,인피니티,0,0
3303,피카소C4,C4,시트로엥,0,0
3304,렉서스 SC 430,SC,렉서스,0,0
3305,F-Type,0,0,0,0
3306,닛산무라노,무라노,닛산,0,0
3307,랭글러 시리즈,랭글러,지프,0,0
3308,2011 미니쿠퍼컨퍼터블,0,0,0,0
3309,XC 시리즈,0,0,0,0
3310,B 클래스,0,0,0,0
3311,포투,포투,스마트,0,0
3312,200,0,0,0,0
3313,220D,0,0,0,0
3314,그랜드보이저,보이저,크라이슬러,0,0
3315,S타입,S타입,재규어,0,0
3316,노부스,0,0,0,0
3317,레가시,0,0,0,0
3318,크레도스,0,0,0,0
3319,허슬러,허슬러,스즈키,0,0
3320,SRX,SRX,캐딜락,0,0
3321,DS5,DS5,시트로엥,0,0
3322,c300,0,0,0,0
3323,렌서,0,0,0,0
3324,IS250C 컨퍼터블,IS,렉서스,0,0
3325,유노스로드스터,유노스로드스터,마쯔다,0,0
3326,칼로스,0,0,0,0
3327,G2크루즈,크루즈,홀덴,0,0
3328,뉴무쏘,무쏘,쌍용,뉴,0
3329,리오SF,리오,기아,0,SF
3330,뮬산,뮬산,벤틀리,0,0
3331,벤츠GLK,0,0,0,0
3332,젠트라 X,젠트라,쉐보레/한국GM,X,0
3333,혼다INSIGHT,0,0,0,0
3334,아토스,0,0,0,0
3335,벤츠220,0,0,0,0
3336,9-5시리즈,0,0,0,0
3337,BB,0,0,0,0
3338,그레이스,그레이스,현대,0,0
3339,혼다 NSX,NSX,혼다,0,0
3340,밴,0,0,0,0
3341,브로엄,0,0,0,0
3342,뉴스펙트라윙,0,0,0,0
3343,벤츠 CL Class,0,0,0,0
3344,푸조 206RC,206,푸조,0,0
3345,페라리458스페셜,458,페라리,0,0
3346,BH090,0,0,0,0
3347,FJ크루져,FJ크루져,토요타,0,0
3348,스테이츠맨,스테이츠맨,홀덴,0,0
3349,렉서스 GS 430,GS,렉서스,0,0
3350,짐니,짐니,스즈키,0,0
3351,아우디AllroadQurttro,0,0,0,0
3352,지프커맨더,커맨더,지프,0,0
3353,넥시아,0,0,0,0
3354,라비타,라비타,현대,0,0
3355,현대 제네시스쿠페,제네시스,현대,0,0
3356,인피니티m37,0,0,0,0
3357,도요타 코롤라,코롤라,토요타,0,0
3358,크로스투어,크로스투어,혼다,0,0
3359,2012 프라이드,프라이드,기아,0,0
3360,E400 쿠페,0,0,0,0
3361,디스커버리 스포츠,디스커버리 스포츠,랜드로버,0,0
3362,도요타 시에나,시에나,토요타,0,0
3363,그랜져 5G,0,0,0,0
3364,E200 카브리올레,0,0,0,0
3365,뉴 카렌스,카렌스,기아,뉴,0
3366,벤츠 new SL-Class,0,0,0,0
3367,옵티마 리갈,옵티마,기아,0,0
3368,BMW new3시리즈,0,0,0,0
3369,현대 NEW에쿠스,에쿠스,현대,0,0
3370,2011 액센트 위트,0,0,0,0
3371,렉서스 RX시리즈,0,0,0,0
3372,BMW MINI,0,0,0,0
3373,2011 미니 컨트리맨,컨트리맨,미니,0,0
3374,인피니티 FX50,0,0,0,0
3375,크루즈 5,크루즈,홀덴,0,0
3376,SM7 노바,SM7,르노삼성,노바,0
3377,그랜트 채로키,0,0,0,0
3378,C200 카브리올레,0,0,0,0
3379,G2 크루즈,크루즈,홀덴,0,0
3380,현대트럭 메가,0,0,0,0
3381,6 그란쿠페,0,0,0,0
3382,뉴 프라이드,프라이드,기아,0,0
3383,에쿠스 리무진,에쿠스,현대,0,0
3384,GS  F Sport,GS,렉서스,0,0
3385,S7,S7,아우디,0,0
