,name,maker,model,kind
0,E클래스,벤츠,E-클래스,"['Coupe', 'Sedan']"
1,넥소,현대,넥쏘,['Mid-Large suv']
2,봉고3,기아,,
3,포터2,현대,,
4,E220,벤츠,E-클래스,"['Coupe', 'Sedan']"
5,SOUL,기아,쏘울,['Small suv']
6,그랜져,현대,그랜저,['Sedan']
7,더뉴소렌토,기아,쏘렌토,['Mid-Large suv']
8,포터,현대,,
9,E300,벤츠,E-클래스,"['Coupe', 'Sedan']"
10,GLA,벤츠,GLA-클래스,['Small suv']
11,S클래스,벤츠,S-클래스,"['Coupe', 'Sedan']"
12,GLE,벤츠,GLE-클래스,['Mid-Large suv']
13,320d,BMW,3 시리즈,['Sedan']
14,YF소나타,현대,쏘나타,['Sedan']
15,그랜져TG,현대,그랜저,['Sedan']
16,C클래스,벤츠,C-클래스,"['Coupe', 'Sedan']"
17,C220,벤츠,C-클래스,"['Coupe', 'Sedan']"
18,현대 그랜져,현대,그랜저,['Sedan']
19,현대 포터2,현대,,
20,기아 더뉴소렌토,기아,쏘렌토,['Mid-Large suv']
21,벤츠 new E-Class,벤츠,E-클래스,"['Coupe', 'Sedan']"
22,벤츠 new C-Class,벤츠,C-클래스,"['Coupe', 'Sedan']"
23,BMW 7시리즈,BMW,7 시리즈,['Sedan']
24,BMW3시리즈,BMW,3 시리즈,['Sedan']
25,벤츠 new S-Class,벤츠,S-클래스,"['Coupe', 'Sedan']"
26,NIRO,기아,니로,['Small suv']
27,소나타 뉴라이즈,현대,쏘나타,['Sedan']
28,소나타하이브리드,현대,쏘나타,['Sedan']
29,오디세이,혼다,오딧세이,['van']
30,LF소나타,현대,쏘나타,['Sedan']
31,렉스턴,쌍용,렉스턴,['Mid-Large suv']
32,K7,기아,K7,['Sedan']
33,투싼,현대,투싼,['Mid-Large suv']
34,그랜저 IG,현대,그랜저,['Sedan']
35,레이,기아,레이,['Sedan']
36,더뉴그랜저(IG),현대,그랜저,['Sedan']
37,쏘나타 dn8,현대,쏘나타,['Sedan']
38,G90,제네시스,G90,['Sedan']
39,제네시스,현대,제네시스,['Sedan']
40,팰리세이드,현대,팰리세이드,['Mid-Large suv']
41,기아 어반 모닝 JA,기아,모닝,['Sedan']
42,티볼리,쌍용,티볼리,['Small suv']
43,모닝,기아,모닝,['Sedan']
44,현대 투싼,현대,투싼,['Mid-Large suv']
45,아반떼,현대,아반떼,"['Coupe', 'Sedan']"
46,현대 싼타페 DM,현대,싼타페,['Mid-Large suv']
47,스파크,쉐보레/한국GM,스파크,['Sedan']
48,현대 쏘나타 LF,현대,쏘나타,['Sedan']
49,기아 트럭 3 EV 1열 봉고 PU,기아,1열 봉고,['One row truck']
50,현대 더 뉴 그랜저 IG,현대,그랜저,['Sedan']
51,스타렉스,현대,스타렉스,['van']
52,벨로스터,현대,벨로스터,['Sedan']
53,현대 올뉴 아반떼 CN7,현대,아반떼,"['Coupe', 'Sedan']"
54,K3,기아,K3,['Sedan']
55,올뉴카니발,기아,카니발,['van']
56,현대 쏘나타 DN8,현대,쏘나타,['Sedan']
57,기아 K7,기아,K7,['Sedan']
58,현대 F/L 싼타페 TM,현대,싼타페,['Mid-Large suv']
59,뉴카니발,기아,카니발,['van']
60,코나,현대,코나,['Small suv']
61,기아 스토닉,기아,스토닉,['Small suv']
62,카니발,기아,카니발,['van']
63,현대 싼타페 TM,현대,싼타페,['Mid-Large suv']
64,현대 그랜저 IG,현대,그랜저,['Sedan']
65,기아 셀토스 SP2,기아,셀토스,['Small suv']
66,니로 하이브리드,기아,니로,['Small suv']
67,기아 더볼드 스포티지 QL,기아,스포티지,['Mid-Large suv']
68,파나메라,포르쉐,파나메라,['Sedan']
69,현대 그랜저,현대,그랜저,['Sedan']
70,현대 더 뉴 코나 OS,현대,코나,['Small suv']
71,이쿼녹스,쉐보레/한국GM,이쿼녹스,['Small suv']
72,크루즈,쉐보레/한국GM,크루즈,['Sedan']
73,기아 쏘렌토,기아,쏘렌토,['Mid-Large suv']
74,그랜드스타렉스,현대,스타렉스,['van']
75,520d,BMW,5 시리즈,['Sedan']
76,말리부,쉐보레/한국GM,말리부,['Sedan']
77,더뉴카니발,기아,카니발,['van']
78,에쿠스,현대,에쿠스,['Sedan']
79,G4렉스턴,쌍용,렉스턴,['Mid-Large suv']
80,기아 셀토스,기아,셀토스,['Small suv']
81,쉐보레/한국GM 트랙스,쉐보레/한국GM,트랙스,['Small suv']
82,티볼리에어,쌍용,티볼리,['Small suv']
83,트랙스,쉐보레/한국GM,트랙스,['Small suv']
84,기아 4세대 쏘렌토 MQ4,기아,쏘렌토,['Mid-Large suv']
85,싼타페 TM,현대,싼타페,['Mid-Large suv']
86,현대 더 뉴 HEV 그랜저 IG,현대,그랜저,['Sedan']
87,현대 슈퍼캡 2 일렉트릭 1열 포터 HR,현대,1열 포터,['One row truck']
88,올뉴모닝,기아,모닝,['Sedan']
89,카니발리무진,기아,카니발,['van']
90,쏘렌토,기아,쏘렌토,['Mid-Large suv']
91,기아 올뉴 K3 BD,기아,K3,['Sedan']
92,현대 넥쏘,현대,넥쏘,['Mid-Large suv']
93,티볼리아머,쌍용,티볼리,['Small suv']
94,코란도,쌍용,코란도,"['Mid-Large suv', 'Small suv']"
95,기아 더뉴 레이 TAM,기아,레이,['Sedan']
96,기아 레이,기아,레이,['Sedan']
97,싼타페,현대,싼타페,['Mid-Large suv']
98,CLA클래스,벤츠,CLA-클래스,['Sedan']
99,현대 1열 포터,현대,1열 포터,['One row truck']
100,현대 싼타페,현대,싼타페,['Mid-Large suv']
101,현대 아반떼,현대,아반떼,"['Coupe', 'Sedan']"
102,기아 올뉴 모닝 TA,기아,모닝,['Sedan']
103,BMW 3 시리즈 G20,BMW,3 시리즈,['Sedan']
104,기아 R 쏘렌토 XM,기아,쏘렌토,['Mid-Large suv']
105,아우디 A3,아우디,A3,['Sedan']
106,뉴모닝,기아,모닝,['Sedan']
107,기아 더 뉴 HEV 니로 DE,기아,니로,['Small suv']
108,모하비,기아,모하비,['Mid-Large suv']
109,현대 스타렉스,현대,스타렉스,['van']
110,니로,기아,니로,['Small suv']
111,현대 코나,현대,코나,['Small suv']
112,현대 팰리세이드,현대,팰리세이드,['Mid-Large suv']
113,K9,기아,K9,['Sedan']
114,New코란도,쌍용,코란도,"['Mid-Large suv', 'Small suv']"
115,현대 더블캡 2 2열 포터 HR,현대,2열 포터,['Two row truck']
116,쏘나타,현대,쏘나타,['Sedan']
117,현대 쏘나타 NF,현대,쏘나타,['Sedan']
118,쌍용 티볼리,쌍용,티볼리,['Small suv']
119,현대 더뉴그랜드 스타렉스 TQ,현대,스타렉스,['van']
120,현대 HEV 쏘나타 DN8,현대,쏘나타,['Sedan']
121,그랜드카니발,기아,카니발,['van']
122,쌍용 G4 렉스턴 Y400,쌍용,렉스턴,['Mid-Large suv']
123,기아 카니발,기아,카니발,['van']
124,현대 넥쏘 FE,현대,넥쏘,['Mid-Large suv']
125,포르테,기아,포르테,['Sedan']
126,기아 니로,기아,니로,['Small suv']
127,올뉴쏘렌토,기아,쏘렌토,['Mid-Large suv']
128,싼타페 DM,현대,싼타페,['Mid-Large suv']
129,기아 1열 봉고,기아,1열 봉고,['One row truck']
130,기아 프리미어 K7 YG,기아,K7,['Sedan']
131,올뉴K7,기아,K7,['Sedan']
132,아반떼 MD,현대,아반떼,"['Coupe', 'Sedan']"
133,코란도C,쌍용,코란도,"['Mid-Large suv', 'Small suv']"
134,기아 스포티지,기아,스포티지,['Mid-Large suv']
135,쉐보레/한국GM 스파크,쉐보레/한국GM,스파크,['Sedan']
136,현대 슈퍼캡 2 1열 포터 HR,현대,1열 포터,['One row truck']
137,뉴스포티지 R,기아,스포티지,['Mid-Large suv']
138,기아 EV 니로 DE,기아,니로,['Small suv']
139,현대 아반떼 AD,현대,아반떼,"['Coupe', 'Sedan']"
140,올란도,쉐보레,올란도,['Small suv']
141,기아 트럭 3 1열 봉고 PU,기아,1열 봉고,['One row truck']
142,현대 그랜저 HG,현대,그랜저,['Sedan']
143,벤츠 C-클래스,벤츠,C-클래스,"['Coupe', 'Sedan']"
144,기아 뉴R 쏘렌토 XM,기아,쏘렌토,['Mid-Large suv']
145,현대 싼타페 CM,현대,싼타페,['Mid-Large suv']
146,현대 코나 OS,현대,코나,['Small suv']
147,아이오닉,현대,아이오닉,['Sedan']
148,기아 올뉴 쏘렌토 UM,기아,쏘렌토,['Mid-Large suv']
149,아우디 A6,아우디,A6,['Sedan']
150,기아 2열 봉고,기아,2열 봉고,['Two row truck']
151,현대 아반떼 MD,현대,아반떼,"['Coupe', 'Sedan']"
152,쏘렌토R,기아,쏘렌토,['Mid-Large suv']
153,스포티지,기아,스포티지,['Mid-Large suv']
154,기아 모하비 HM,기아,모하비,['Mid-Large suv']
155,현대 그랜저 TG,현대,그랜저,['Sedan']
156,기아 K3,기아,K3,['Sedan']
157,현대 2열 포터,현대,2열 포터,['Two row truck']
158,벤츠 S-클래스,벤츠,S-클래스,"['Coupe', 'Sedan']"
159,볼트EV,쉐보레/한국GM,볼트,['Sedan']
160,기아 올뉴 카니발 YP,기아,카니발,['van']
161,현대 쏘나타,현대,쏘나타,['Sedan']
162,기아 4세대 HEV 쏘렌토 MQ4,기아,쏘렌토,['Mid-Large suv']
163,토요타 RAV4,토요타,RAV4,['Mid-Large suv']
164,뉴스포티지,기아,스포티지,['Mid-Large suv']
165,스토닉,기아,스토닉,['Small suv']
166,프라이드,기아,프라이드,['Sedan']
167,아슬란,현대,아슬란,['Sedan']
168,더넥스트스파크,쉐보레/한국GM,스파크,['Sedan']
169,기아 마이스터 스팅어 CK,기아,스팅어,['Sedan']
170,현대 신형 에쿠스 VI,현대,에쿠스,['Sedan']
171,THE K9,기아,K9,['Sedan']
172,벤츠 E-클래스,벤츠,E-클래스,"['Coupe', 'Sedan']"
173,포드 All New 익스플로러,포드,익스플로러,['Mid-Large suv']
174,스팅어,기아,스팅어,['Sedan']
175,올뉴스포티지,기아,스포티지,['Mid-Large suv']
176,현대 EV 코나 OS,현대,코나,['Small suv']
177,토요타 RAV4 2019년형,토요타,RAV4,['Mid-Large suv']
178,알페온,쉐보레/한국GM,알페온,['Sedan']
179,스포티지R,기아,스포티지,['Mid-Large suv']
180,올뉴K3,기아,K3,['Sedan']
181,현대 베뉴,현대,베뉴,['Small suv']
182,현대 트랜스폼 쏘나타 NF,현대,쏘나타,['Sedan']
183,현대 쏘나타 YF,현대,쏘나타,['Sedan']
184,토요타 RAV4 2020년형,토요타,RAV4,['Mid-Large suv']
185,더뉴레이,기아,레이,['Sedan']
186,익스플로러,포드,익스플로러,['Mid-Large suv']
187,현대 더럭셔리 그랜저 TG,현대,그랜저,['Sedan']
188,쌍용 렉스턴,쌍용,렉스턴,['Mid-Large suv']
189,기아 모닝,기아,모닝,['Sedan']
190,캠리,토요타,캠리,['Sedan']
191,아발론,토요타,아발론,['Sedan']
192,토요타 캠리,토요타,캠리,['Sedan']
193,현대 아반떼 HD,현대,아반떼,"['Coupe', 'Sedan']"
194,싼타페TM,현대,싼타페,['Mid-Large suv']
195,로체,기아,로체,['Sedan']
196,토요타 캠리 2020년형,토요타,캠리,['Sedan']
197,그랜저IG,현대,그랜저,['Sedan']
198,아반떼ad,현대,아반떼,"['Coupe', 'Sedan']"
199,K7하이브리드,기아,K7,['Sedan']
200,기아 더뉴 카니발 YP,기아,카니발,['van']
201,싼타페DM,현대,싼타페,['Mid-Large suv']
202,아우디 A4,아우디,A4,['Sedan']
203,그랜저HG,현대,그랜저,['Sedan']
204,쌍용 코란도,쌍용,코란도,"['Mid-Large suv', 'Small suv']"
205,기아 뉴 모닝 SA,기아,모닝,['Sedan']
206,싼타페CM,현대,싼타페,['Mid-Large suv']
207,그랜저IG하이브리드,현대,그랜저,['Sedan']
208,투싼IX,현대,투싼,['Mid-Large suv']
209,GLC,벤츠,GLC-클래스,['Mid-Large suv']
210,아반떼HD,현대,아반떼,"['Coupe', 'Sedan']"
211,현대 뉴라이즈 쏘나타 LF,현대,쏘나타,['Sedan']
212,기아 더뉴 K7 VG,기아,K7,['Sedan']
213,르노삼성 SM7,르노삼성,SM7,['Sedan']
214,CR-V,혼다,CR-V,['Small suv']
215,현대 제네시스 DH,현대,제네시스,['Sedan']
216,랜드로버 디스커버리,랜드로버,디스커버리,['Mid-Large suv']
217,기아 오피러스,기아,오피러스,['Sedan']
218,쏘나타LF,현대,쏘나타,['Sedan']
219,NF쏘나타,현대,쏘나타,['Sedan']
220,현대 제네시스 BH,현대,제네시스,['Sedan']
221,스포티지QL,기아,스포티지,['Mid-Large suv']
222,현대 쏘나타 dn8,현대,쏘나타,['Sedan']
223,현대 싼타페TM,현대,싼타페,['Mid-Large suv']
224,기아 K9,기아,K9,['Sedan']
225,기아 R 스포티지 SL,기아,스포티지,['Mid-Large suv']
226,현대 제네시스,현대,제네시스,['Sedan']
227,현대 그랜저IG하이브리드,현대,그랜저,['Sedan']
228,현대 그랜저IG,현대,그랜저,['Sedan']
229,기아 더뉴카니발,기아,카니발,['van']
230,현대 더뉴그랜저(IG),현대,그랜저,['Sedan']
231,SM7,르노삼성,SM7,['Sedan']
232,기아 쏘렌토 mq4,기아,쏘렌토,['Mid-Large suv']
233,기아 모하비,기아,모하비,['Mid-Large suv']
234,현대 벨로스터,현대,벨로스터,['Sedan']
235,아우디 Q7,아우디,Q7,['Mid-Large suv']
236,현대 엑센트,현대,엑센트,['Sedan']
237,쌍용 G4렉스턴,쌍용,렉스턴,['Mid-Large suv']
238,볼보 XC60,볼보,XC60,['Mid-Large suv']
239,기아 올뉴모닝,기아,모닝,['Sedan']
240,벤츠 E-클래스 세단 W213,벤츠,E-클래스,"['Coupe', 'Sedan']"
241,기아 올뉴K7,기아,K7,['Sedan']
242,현대 엑센트 RB,현대,엑센트,['Sedan']
243,현대 아이오닉,현대,아이오닉,['Sedan']
244,폭스바겐 티구안,폭스바겐,티구안,['Mid-Large suv']
245,기아 스팅어,기아,스팅어,['Sedan']
246,현대 스타렉스 TQ,현대,스타렉스,['van']
247,쉐보레/한국GM 2세대 트래버스,쉐보레/한국GM,트래버스,['Mid-Large suv']
248,테슬라 모델 3,테슬라,모델 3,['Sedan']
249,쉐보레/한국GM 콜로라도,쉐보레/한국GM,콜로라도,['Mid-Large suv']
250,BMW X6,BMW,X6,['Mid-Large suv']
251,볼보 XC90,볼보,XC90,['Mid-Large suv']
252,현대 아반떼ad,현대,아반떼,"['Coupe', 'Sedan']"
253,쉐보레/한국GM 트래버스,쉐보레/한국GM,트래버스,['Mid-Large suv']
254,현대 HEV 코나 OS,현대,코나,['Small suv']
255,현대 N 벨로스터 JS,현대,벨로스터,['Sedan']
256,RAV4,토요타,RAV4,['Mid-Large suv']
257,기아 더 뉴 니로 DE,기아,니로,['Small suv']
258,현대 에쿠스,현대,에쿠스,['Sedan']
259,윈스톰,쉐보레/한국GM,윈스톰,['Mid-Large suv']
260,현대 더뉴 아반떼 AD,현대,아반떼,"['Coupe', 'Sedan']"
261,기아 포르테,기아,포르테,['Sedan']
262,기아 스포티지QL,기아,스포티지,['Mid-Large suv']
263,기아 올뉴 모닝 JA,기아,모닝,['Sedan']
264,볼보 S90,볼보,S90,['Sedan']
265,기아 더뉴R 스포티지 SL,기아,스포티지,['Mid-Large suv']
266,NewSM7,르노삼성,SM7,['Sedan']
267,기아 스토닉 YB,기아,스토닉,['Small suv']
268,BMW 3 시리즈,BMW,3 시리즈,['Sedan']
269,현대 HEV 그랜저 HG,현대,그랜저,['Sedan']
270,기아 포르테 TD,기아,포르테,['Sedan']
271,기아 더뉴 모닝 TA,기아,모닝,['Sedan']
272,카니발하이리무진,기아,카니발,['van']
273,현대 HEV 쏘나타 YF,현대,쏘나타,['Sedan']
274,기아 F/L (출시예정) K3 BD,기아,K3,['Sedan']
275,기아 올뉴 HEV K7 YG,기아,K7,['Sedan']
276,기아 올뉴 K7 YG,기아,K7,['Sedan']
277,현대 HEV 그랜저 IG,현대,그랜저,['Sedan']
278,벤츠 A-클래스,벤츠,A-클래스,['Sedan']
279,현대 더 뉴 HEV 아이오닉 AE,현대,아이오닉,['Sedan']
280,엑센트,현대,엑센트,['Sedan']
281,기아 뉴 스포티지 KM,기아,스포티지,['Mid-Large suv']
282,폭스바겐 파사트,폭스바겐,파사트,['Sedan']
283,볼보 V60,볼보,V60,['Mid-Large suv']
284,뉴쏘렌토R,기아,쏘렌토,['Mid-Large suv']
285,프리우스,토요타,프리우스,['Sedan']
286,기아 K7 VG,기아,K7,['Sedan']
287,쉐보레/한국GM 말리부,쉐보레/한국GM,말리부,['Sedan']
288,렉서스 ES,렉서스,ES,['Sedan']
289,기아 K3 YD,기아,K3,['Sedan']
290,기아 더SUV 스포티지 QL,기아,스포티지,['Mid-Large suv']
291,현대 벨로스터 JS,현대,벨로스터,['Sedan']
292,GT,,GT,
293,닛산 알티마,닛산,알티마,['Sedan']
294,쉐보레/한국GM 볼트 EV,쉐보레/한국GM,볼트,['Sedan']
295,혼다 어코드,혼다,어코드,['Sedan']
296,기아 더뉴 하이리무진 카니발 YP,기아,카니발,['van']
297,르노삼성 노바 SM7 L47,르노삼성,SM7,['Sedan']
298,토요타 캠리 2019년형,토요타,캠리,['Sedan']
299,현대 더프라임 싼타페 DM,현대,싼타페,['Mid-Large suv']
300,포드 익스플로러,포드,익스플로러,['Mid-Large suv']
301,현대 더뉴 아반떼 MD,현대,아반떼,"['Coupe', 'Sedan']"
302,렉서스 ES시리즈,렉서스,ES,['Sedan']
303,기아 더 K9 RJ,기아,K9,['Sedan']
304,도요타시에나,토요타,시에나,['van']
305,E200,벤츠,E-클래스,"['Coupe', 'Sedan']"
306,혼다 어코드 2019년형,혼다,어코드,['Sedan']
307,아우디 A8,아우디,A8,['Sedan']
308,코란도투리스모,쌍용,코란도 투리스모,['van']
309,현대 2 1열 포터 HR,현대,1열 포터,['One row truck']
310,캡티바,,캡티바,
311,렉서스 RX 2019년형,렉서스,RX,['Mid-Large suv']
312,그랜져5G,현대,그랜저,['Sedan']
313,기아 R 카니발 VQ,기아,카니발,['van']
314,임팔라,쉐보레,임팔라,['Sedan']
315,기아 더뉴 쏘렌토 UM,기아,쏘렌토,['Mid-Large suv']
316,BMW5시리즈,BMW,5 시리즈,['Sedan']
317,파일럿,혼다,파일럿,['Mid-Large suv']
318,기아 그랜드 카니발 VQ,기아,카니발,['van']
319,벤츠 E-클래스 W213,벤츠,E-클래스,"['Coupe', 'Sedan']"
320,기아 프리미어 K7 YG F/L,기아,K7,['Sedan']
321,오피러스,기아,오피러스,['Sedan']
322,기아 더뉴 모하비 HM,기아,모하비,['Mid-Large suv']
323,현대 1열 포터 2 HR,현대,1열 포터,['One row truck']
324,현대 2열 포터 2 HR,현대,2열 포터,['Two row truck']
325,기아 더 뉴 하이브리드 니로 DE,기아,니로,['Small suv']
326,기아 CUV 스토닉 YB,기아,스토닉,['Small suv']
327,쌍용 베리 뉴 티볼리,쌍용,티볼리,['Small suv']
328,기아 스팅어 CK,기아,스팅어,['Sedan']
329,기아 트럭 1열 봉고 3 PU,기아,1열 봉고,['One row truck']
330,BMW X3,BMW,X3,['Mid-Large suv']
331,undefined undefined,,,
332,기아 PHEV 니로 DE,기아,니로,['Small suv']
333,기아 쏘울,기아,쏘울,['Small suv']
334,혼다 어코드 2020년형,혼다,어코드,['Sedan']
335,아반떼MD,현대,아반떼,"['Coupe', 'Sedan']"
336,아이오닉하이브리드,현대,아이오닉,['Sedan']
337,LF쏘나타,현대,쏘나타,['Sedan']
338,쉐보레/대우 말리부,쉐보레/한국GM,말리부,['Sedan']
339,BMW 7 시리즈,BMW,7 시리즈,['Sedan']
340,쉐보레/대우 트랙스,쉐보레/한국GM,트랙스,['Small suv']
341,쉐보레/대우 스파크,쉐보레/한국GM,스파크,['Sedan']
342,BMWNEW5시리즈,BMW,5 시리즈,['Sedan']
343,기아 더뉴 K3 YD,기아,K3,['Sedan']
344,렉서스 ES 2019년형,렉서스,ES,['Sedan']
345,G4 렉스턴,쌍용,렉스턴,['Mid-Large suv']
346,그랜드 스타렉스,현대,스타렉스,['van']
347,올 뉴 카니발,기아,카니발,['van']
348,BMW X3 G01,BMW,X3,['Mid-Large suv']
349,렉서스 ES 2021년형,렉서스,ES,['Sedan']
350,렉서스 ES 2020년형,렉서스,ES,['Sedan']
351,BMW 7 시리즈 G11/12,BMW,7 시리즈,['Sedan']
352,포르쉐 카이엔,포르쉐,카이엔,['Mid-Large suv']
353,쌍용 올 뉴 G4 렉스턴 Y400,쌍용,렉스턴,['Mid-Large suv']
354,벤츠 S-클래스 W222,벤츠,S-클래스,"['Coupe', 'Sedan']"
355,BMW X7,BMW,X7,['Mid-Large suv']
356,벤츠 A-클래스 세단 V177,벤츠,A-클래스,['Sedan']
357,아우디 더 뉴 A6 C8,아우디,A6,['Sedan']
358,르노삼성 캡처,르노삼성,캡처,['Small suv']
359,포르쉐 파나메라,포르쉐,파나메라,['Sedan']
360,렉서스 NX 2020년형,렉서스,NX,['Mid-Large suv']
361,렉서스 NX 2019년형,렉서스,NX,['Mid-Large suv']
362,그랜저,현대,그랜저,['Sedan']
363,기아 4세대 카니발 KA4,기아,카니발,['van']
364,QM6,르노삼성,QM6,['Mid-Large suv']
365,XM3,르노삼성,XM3,['Small suv']
366,현대 ix 투싼 LM,현대,투싼,['Mid-Large suv']
367,기아 K5,기아,K5,['Sedan']
368,제네시스 GV80 JX1,제네시스,GV80,['Mid-Large suv']
369,K5,기아,K5,['Sedan']
370,렉스턴스포츠,쌍용,렉스턴 스포츠,['Mid-Large suv']
371,쉐보레/한국GM 트레일블레이저,쉐보레/한국GM,트레일블레이저,['Small suv']
372,트레일블레이저,쉐보레,트레일블레이저,['Small suv']
373,제네시스 GV80,제네시스,GV80,['Mid-Large suv']
374,쉐보레/한국GM 더뉴 스파크 M400,쉐보레/한국GM,스파크,['Sedan']
375,쌍용 더 뷰리풀 코란도 WD,쌍용,코란도,"['Mid-Large suv', 'Small suv']"
376,현대 4세대 투싼 NX4,현대,투싼,['Mid-Large suv']
377,제네시스 더올뉴 G80 RG3,제네시스,G80,['Sedan']
378,기아 K5 DL3 HEV,기아,K5,['Sedan']
379,쉐보레/한국GM 더 뉴 말리부 V400,쉐보레/한국GM,말리부,['Sedan']
380,쌍용 베리 뉴 티볼리 X110,쌍용,티볼리,['Small suv']
381,CLS클래스,벤츠,CLS-클래스,['Sedan']
382,쌍용 에어 티볼리 X100,쌍용,티볼리,['Small suv']
383,ES300h,렉서스,ES,['Sedan']
384,S500,벤츠,S-클래스,"['Coupe', 'Sedan']"
385,i30,현대,i30,['Sedan']
386,제네시스 G80,제네시스,G80,['Sedan']
387,현대 팰리세이드 LX2,현대,팰리세이드,['Mid-Large suv']
388,기아 K5 DL3,기아,K5,['Sedan']
389,SM5,르노삼성,SM5,['Sedan']
390,르노삼성 SM6,르노삼성,SM6,['Sedan']
391,QM5,르노삼성,QM5,['Small suv']
392,르노삼성 더뉴 QM6 HZG,르노삼성,QM6,['Mid-Large suv']
393,현대 4세대(출시예정) 투싼 NX4,현대,투싼,['Mid-Large suv']
394,클리오,르노,클리오,['Sedan']
395,쌍용 칸 렉스턴 스포츠 Q200,쌍용,렉스턴 스포츠,['Mid-Large suv']
396,QM3,르노삼성,QM3,['Small suv']
397,SM6탈리스만,르노삼성,SM6,['Sedan']
398,베라크루즈,현대,베라크루즈,['Mid-Large suv']
399,르노삼성 QM3,르노삼성,QM3,['Small suv']
400,볼보 XC40,볼보,XC40,['Mid-Large suv']
401,쌍용 렉스턴 스포츠,쌍용,렉스턴 스포츠,['Mid-Large suv']
402,기아 더 마스터 모하비 HM,기아,모하비,['Mid-Large suv']
403,BMW 5 시리즈 G30/31,BMW,5 시리즈,['Sedan']
404,제네시스 G90 HI,제네시스,G90,['Sedan']
405,맥스크루즈,현대,맥스크루즈,['Mid-Large suv']
406,르노삼성 QM6,르노삼성,QM6,['Mid-Large suv']
407,현대 더뉴 N 투싼 TL,현대,투싼,['Mid-Large suv']
408,쉐보레/한국GM 더뉴 트랙스 U200,쉐보레/한국GM,트랙스,['Small suv']
409,벤츠 GLE-클래스,벤츠,GLE-클래스,['Mid-Large suv']
410,쌍용 렉스턴 스포츠 Q200,쌍용,렉스턴 스포츠,['Mid-Large suv']
411,i40,현대,i40,['Sedan']
412,제네시스 G70,제네시스,G70,['Sedan']
413,르노삼성 뉴 QM3,르노삼성,QM3,['Small suv']
414,현대 베뉴 QX1,현대,베뉴,['Small suv']
415,기아 더뉴 K5 TF,기아,K5,['Sedan']
416,현대 더뉴 투싼 TL,아큐라,TL,['Sedan']
417,르노삼성 뉴신형 SM5 L43,르노삼성,SM5,['Sedan']
418,SM3,르노삼성,SM3,['Sedan']
419,기아 부스터 쏘울 SK3,기아,쏘울,['Small suv']
420,올뉴투싼TL,현대,투싼,['Mid-Large suv']
421,쌍용 코란도 스포츠,쌍용,코란도 스포츠,['Mid-Large suv']
422,더뉴K5,기아,K5,['Sedan']
423,르노삼성 XM3,르노삼성,XM3,['Small suv']
424,쌍용 뉴C 코란도 C200,쌍용,코란도,"['Mid-Large suv', 'Small suv']"
425,벤츠 CLS-클래스,벤츠,CLS-클래스,['Sedan']
426,르노삼성 SM5,르노삼성,SM5,['Sedan']
427,쉐보레 트레일블레이저,쉐보레,트레일블레이저,['Small suv']
428,NewSM5,르노삼성,SM5,['Sedan']
429,NewSM3,르노삼성,SM3,['Sedan']
430,벤츠 GLC-클래스,벤츠,GLC-클래스,['Mid-Large suv']
431,현대 i30,현대,i30,['Sedan']
432,쌍용 렉스턴스포츠,쌍용,렉스턴 스포츠,['Mid-Large suv']
433,제네시스 G90,제네시스,G90,['Sedan']
434,현대 올뉴투싼TL,현대,투싼,['Mid-Large suv']
435,제네시스 G70 IK,제네시스,G70,['Sedan']
436,제네시스 G80 DH,제네시스,G80,['Sedan']
437,볼보 S60,볼보,S60,['Sedan']
438,쉐보레/한국GM 블레이저 1세대,쉐보레/한국GM,블레이저,['Mid-Large suv']
439,제네시스EQ900,제네시스,EQ900,['Sedan']
440,르노삼성 뉴플래티넘 SM5 L43,르노삼성,SM5,['Sedan']
441,쉐보레/한국GM 더넥스트 스파크 M400,쉐보레/한국GM,스파크,['Sedan']
442,NEWSM6,르노삼성,SM6,['Sedan']
443,현대 뉴ix 투싼 LM,현대,투싼,['Mid-Large suv']
444,현대 i30 PD,현대,i30,['Sedan']
445,기아 더뉴 K5 JF,기아,K5,['Sedan']
446,벤츠 CLA-클래스,벤츠,CLA-클래스,['Sedan']
447,르노삼성 XM3 LJL,르노삼성,XM3,['Small suv']
448,528i,BMW,5 시리즈,['Sedan']
449,르노삼성 클리오,르노삼성,클리오,['Sedan']
450,S350,벤츠,S-클래스,"['Coupe', 'Sedan']"
451,제네시스G80,제네시스,G80,['Sedan']
452,기아 K5 TF,기아,K5,['Sedan']
453,르노삼성 SM3,르노삼성,SM3,['Sedan']
454,제네시스G90,제네시스,G90,['Sedan']
455,코란도스포츠,쌍용,코란도 스포츠,['Mid-Large suv']
456,현대 베라크루즈 EN,현대,베라크루즈,['Mid-Large suv']
457,르노삼성 SM3 L38,르노삼성,SM3,['Sedan']
458,BMW 5 시리즈 F10/11,BMW,5 시리즈,['Sedan']
459,제네시스 EQ900,제네시스,EQ900,['Sedan']
460,기아 더마스터 쏘렌토 UM,기아,쏘렌토,['Mid-Large suv']
461,현대 베라크루즈,현대,베라크루즈,['Mid-Large suv']
462,BMW 5 시리즈,BMW,5 시리즈,['Sedan']
463,르노삼성 SM6 LFD,르노삼성,SM6,['Sedan']
464,현대 올뉴 투싼 TL,현대,투싼,['Mid-Large suv']
465,르노삼성 뉴임프레션 SM5 EX1/DF,르노삼성,SM5,['Sedan']
466,르노삼성 QM6 HZG,르노삼성,QM6,['Mid-Large suv']
467,BMW X5,BMW,X5,['Mid-Large suv']
468,벤츠 더뉴 C-클래스 세단 W205,벤츠,C-클래스,"['Coupe', 'Sedan']"
469,기아 더마스터 모하비 HM,기아,모하비,['Mid-Large suv']
470,르노삼성 노바 SM5 L43,르노삼성,SM5,['Sedan']
471,벤츠 GLA-클래스,벤츠,GLA-클래스,['Small suv']
472,기아 K3 GT YD,기아,K3 GT,['Sedan']
473,제네시스G70,제네시스,G70,['Sedan']
474,제네시스 EQ900 HI,제네시스,EQ900,['Sedan']
475,현대 F/L 투싼 TL,현대,투싼,['Mid-Large suv']
476,제네시스 F/L G90 HI,제네시스,G90,['Sedan']
477,쌍용 아머 티볼리 X110,쌍용,티볼리,['Small suv']
478,벤츠 CLS-클래스 C257,벤츠,CLS-클래스,['Sedan']
479,쉐보레/한국GM 올 뉴 말리부 V400,쉐보레/한국GM,말리부,['Sedan']
480,기아 쏘울 부스터 SK3,기아,쏘울,['Small suv']
481,S450,벤츠,S-클래스,"['Coupe', 'Sedan']"
482,현대 맥스크루즈,현대,맥스크루즈,['Mid-Large suv']
483,제네시스G80스포츠,제네시스,G80,['Sedan']
484,BMW 6 시리즈 GT,BMW,6 시리즈 GT,['Sedan']
485,쉐보레/대우 더뉴 스파크 M400,쉐보레/한국GM,스파크,['Sedan']
486,쉐보레/대우 더 뉴 말리부 V400,쉐보레/한국GM,말리부,['Sedan']
487,쉐보레/대우 더뉴 트랙스 U200,쉐보레/한국GM,트랙스,['Small suv']
488,NX300h,렉서스,NX,['Mid-Large suv']
489,RX 450h,렉서스,RX,['Mid-Large suv']
490,530i,BMW,5 시리즈,['Sedan']
491,쉐보레/대우 F/L 말리부 V400,쉐보레/한국GM,말리부,['Sedan']
492,토요타프리우스C,토요타,프리우스C,['Sedan']
493,레인지로버스포츠,랜드로버,레인지로버 스포츠,['Mid-Large suv']
494,디스커버리스포츠,랜드로버,디스커버리 스포츠,['Mid-Large suv']
495,제네시스 더 뉴 G70 IK,제네시스,G70,['Sedan']
496,쉐보레/한국GM 블레이저,쉐보레/한국GM,블레이저,['Mid-Large suv']
497,르노삼성 더 뉴 SM6 LFD,르노삼성,SM6,['Sedan']
498,BMW X5 G05,BMW,X5,['Mid-Large suv']
499,벤츠 F/L GLC-클래스 X253,벤츠,GLC-클래스,['Mid-Large suv']
