origin,maker,model,side_windows,type,prefix,postfix,year,Coupe / Sedan / Small suv / Mid-Large suv / van
대한민국,현대,그랜저,4,sedan,더 뉴 HEV,IG,2019~현재,Sedan
대한민국,현대,그랜저,4,sedan,더 뉴,IG,2019~현재,Sedan
대한민국,현대,그랜저,4,sedan,HEV,IG,2017~2019,Sedan
대한민국,현대,그랜저,4,sedan,,IG,2016~현재,Sedan
대한민국,현대,그랜저,4,sedan,HEV,HG,2013~2017,Sedan
대한민국,현대,그랜저,4,sedan,,HG,2011~2016,Sedan
대한민국,현대,그랜저,4,sedan,더럭셔리,TG,2009~2011,Sedan
대한민국,현대,그랜저,4,sedan,,TG,2005~2009,Sedan
대한민국,현대,그랜저,4,sedan,뉴,XG,2002~2005,Sedan
대한민국,현대,그랜저,4,sedan,,XG,1998~2002,Sedan
대한민국,현대,그랜저,4,sedan,,LX,1992~1998,Sedan
대한민국,현대,그랜저,4,sedan,,L,1986~1992,Sedan
대한민국,현대,쏘나타,4,sedan,HEV,DN8,2019~현재,Sedan
대한민국,현대,쏘나타,4,sedan,,DN8,2019~현재,Sedan
대한민국,현대,쏘나타,4,sedan,뉴라이즈 PHEV,LF,2017~2019,Sedan
대한민국,현대,쏘나타,4,sedan,뉴라이즈 HEV,LF,2017~2019,Sedan
대한민국,현대,쏘나타,4,sedan,뉴라이즈,LF,2017~2019,Sedan
대한민국,현대,쏘나타,4,sedan,PHEV,LF,2015~2017,Sedan
대한민국,현대,쏘나타,4,sedan,HEV,LF,2014~2017,Sedan
대한민국,현대,쏘나타,4,sedan,,LF,2014~2017,Sedan
대한민국,현대,쏘나타,4,sedan,HEV,YF,2011~2014,Sedan
대한민국,현대,쏘나타,4,sedan,,YF,2009~2014,Sedan
대한민국,현대,쏘나타,4,sedan,트랜스폼,NF,2007~2009,Sedan
대한민국,현대,쏘나타,4,sedan,,NF,2004~2007,Sedan
대한민국,현대,쏘나타,4,sedan,뉴,EF,2001~2004,Sedan
대한민국,현대,쏘나타,4,sedan,,EF,1998~2001,Sedan
대한민국,현대,쏘나타,4,sedan,,Y3,1996~1998,Sedan
대한민국,현대,쏘나타,4,sedan,,Y2,1993~1996,Sedan
대한민국,현대,쏘나타,4,sedan,,Y1,1985~1993,Sedan
대한민국,현대,아반떼,4,sedan,올뉴,CN7,2020~현재,Sedan
대한민국,현대,아반떼,4,sedan,더뉴,AD,2018~2020,Sedan
대한민국,현대,아반떼,4,sedan,,AD,2015~2018,Sedan
대한민국,현대,아반떼,2,sedan,쿠페,JK,2013~2015,Coupe
대한민국,현대,아반떼,4,sedan,더뉴,MD,2013~2015,Sedan
대한민국,현대,아반떼,4,sedan,,MD,2010~2013,Sedan
대한민국,현대,아반떼,4,sedan,LPi HEV,HD,2009~2013,Sedan
대한민국,현대,아반떼,4,sedan,,HD,2006~2010,Sedan
대한민국,현대,아반떼,4,sedan,뉴,XD,2003~2006,Sedan
대한민국,현대,아반떼,4,sedan,,XD,2000~2003,Sedan
대한민국,현대,아반떼,4,sedan,올뉴,J2,1998~2000,Sedan
대한민국,현대,아반떼,4,sedan,,J2,1995~1998,Sedan
대한민국,현대,싼타페,4,suv,F/L,TM,2020~현재,Mid-Large suv
대한민국,현대,싼타페,4,suv,,TM,2018~2020,Mid-Large suv
대한민국,현대,싼타페,4,suv,더프라임,DM,2015~2018,Mid-Large suv
대한민국,현대,싼타페,4,suv,,DM,2012~2015,Mid-Large suv
대한민국,현대,싼타페,4,suv,,CM,2005~2012,Mid-Large suv
대한민국,현대,싼타페,4,suv,,SM,2000~2005,Mid-Large suv
대한민국,현대,스타렉스,6,van,더뉴그랜드,TQ,2017~현재,van
대한민국,현대,스타렉스,6,van,,TQ,2007~2017,van
대한민국,현대,스타렉스,6,van,뉴,A1,2004~2007,van
대한민국,현대,스타렉스,6,van,점보,A1,1997~2004,van
대한민국,현대,스타렉스,6,van,,A1,1997~2004,van
대한민국,현대,i30,4,sedan,,PD,2016~현재,Sedan
대한민국,현대,i30,4,sedan,더뉴,GD,2015~2016,Sedan
대한민국,현대,i30,4,sedan,,GD,2011~2015,Sedan
대한민국,현대,i30,4,sedan,,FD,2007~2011,Sedan
대한민국,현대,i40,4,sedan,더뉴,VF,2015~현재,Sedan
대한민국,현대,i40,4,sedan,,VF,2011~2015,Sedan
대한민국,현대,갤로퍼,4,suv,롱바디,M,1991~2003,Mid-Large suv
대한민국,현대,갤로퍼,4,sedan,숏바디,M,1991~2003,Small suv
대한민국,현대,그레이스,6,van,뉴,AH,1993~2009,van
대한민국,현대,그레이스,6,van,,AH,1986~1993,van
대한민국,현대,넥쏘,4,suv,,FE,2018~현재,Mid-Large suv
대한민국,현대,다이너스티,4,sedan,,,,Sedan
대한민국,현대,라비타,4,sedan,,FC,2001~2007,Sedan
대한민국,현대,맥스크루즈,4,suv,더뉴,NC,2015~현재,Mid-Large suv
대한민국,현대,맥스크루즈,4,suv,,NC,2013~2015,Mid-Large suv
대한민국,현대,베라크루즈,4,suv,,EN,2006~2015,Mid-Large suv
대한민국,현대,베르나,4,sedan,트랜스폼,MC,2009~2010,Sedan
대한민국,현대,베르나,4,sedan,,MC,2005~2009,Sedan
대한민국,현대,베르나,4,sedan,뉴,LC,2002~2005,Sedan
대한민국,현대,베르나,4,sedan,뉴,LC,1999~2002,Sedan
대한민국,현대,벨로스터,4,sedan,,JS,2018~현재,Sedan
대한민국,현대,벨로스터,4,sedan,N,JS,2018~현재,Sedan
대한민국,현대,벨로스터,4,sedan,더뉴,FS,2015~2018,Sedan
대한민국,현대,벨로스터,4,sedan,,FS,2011~2015,Sedan
대한민국,현대,스쿠프,2,sedan,,SLC,1990~1995,Coupe
대한민국,현대,싼타모,6,van,,M2,1996~2002,van
대한민국,현대,아슬란,4,sedan,,AG,2014~2018,Sedan
대한민국,현대,아이오닉,4,sedan,더 뉴 PHEV,AE,2019~현재,Sedan
대한민국,현대,아이오닉,4,sedan,더 뉴 HEV,AE,2019~현재,Sedan
대한민국,현대,아이오닉,4,sedan,더 뉴 EV,AE,2019~현재,Sedan
대한민국,현대,아이오닉,4,sedan,PHEV,AE,2017~2019,Sedan
대한민국,현대,아이오닉,4,sedan,HEV,AE,2016~2019,Sedan
대한민국,현대,아이오닉,4,sedan,EV,AE,2016~2019,Sedan
대한민국,현대,아토즈,4,sedan,,MX,1997~2002,Sedan
대한민국,현대,에쿠스,4,sedan,신형,VI,2009~2015,Sedan
대한민국,현대,에쿠스,4,sedan,,LZ,1999~2009,Sedan
대한민국,현대,엑센트,4,sedan,,RB,2010~현재,Sedan
대한민국,현대,엑센트,4,sedan,뉴,X3,1997~1999,Sedan
대한민국,현대,엑센트,4,sedan,,X3,1994~1997,Sedan
대한민국,현대,제네시스,4,sedan,,DH,2013~2016,Sedan
대한민국,현대,제네시스,4,sedan,,BH,2008~2013,Sedan
대한민국,현대,제네시스 쿠페,2,sedan,더뉴,BK,2011~2016,Coupe
대한민국,현대,제네시스 쿠페,2,sedan,,BK,2008~2011,Coupe
대한민국,현대,코나,4,sedan,더 뉴 N라인,OS,2020~현재,Small suv
대한민국,현대,코나,4,sedan,더 뉴,OS,2020~현재,Small suv
대한민국,현대,코나,4,sedan,HEV,OS,2019~2020,Small suv
대한민국,현대,코나,4,sedan,EV,OS,2018~2020,Small suv
대한민국,현대,코나,4,sedan,,OS,2017~2020,Small suv
대한민국,현대,클릭,4,sedan,뉴,TB,2005~2011,Sedan
대한민국,현대,클릭,4,sedan,,TB,2002~2005,Sedan
대한민국,현대,테라칸,4,suv,,HP,2001~2007,Mid-Large suv
대한민국,현대,투스카니,2,sedan,뉴,GK,2006~2008,Coupe
대한민국,현대,투스카니,2,sedan,,GK,2001~2006,Coupe
대한민국,현대,투싼,4,suv,4세대,NX4,2020~현재,Mid-Large suv
대한민국,현대,투싼,4,suv,더뉴 N,TL,2018~2020,Mid-Large suv
대한민국,현대,투싼,4,suv,더뉴,TL,2018~2020,Mid-Large suv
대한민국,현대,투싼,4,suv,올뉴,TL,2015~2018,Mid-Large suv
대한민국,현대,투싼,4,suv,뉴ix,LM,2013~2015,Mid-Large suv
대한민국,현대,투싼,4,suv,ix,LM,2009~2013,Mid-Large suv
대한민국,현대,투싼,4,suv,,JM,2004~2009,Mid-Large suv
대한민국,현대,트라제XG,6,van,,FO,1999~2008,van
대한민국,현대,1열 포터,2,onerowtruck,슈퍼캡 2 일렉트릭,HR,2019~현재,One row truck
대한민국,현대,1열 포터,2,onerowtruck,슈퍼캡 2,HR,2004~현재,One row truck
대한민국,현대,1열 포터,2,onerowtruck,슈퍼캡 뉴,AU,1996~2004,One row truck
대한민국,현대,1열 포터,2,onerowtruck,슈퍼캡,AH,1987~1996,One row truck
대한민국,현대,2열 포터,4,tworowtruck,더블캡 2,HR,2004~현재,Two row truck
대한민국,현대,2열 포터,4,tworowtruck,더블캡 뉴,AU,1996~2004,Two row truck
대한민국,현대,2열 포터,4,tworowtruck,더블캡,AH,1987~1996,Two row truck
대한민국,현대,1열 리베로,2,onerowtruck,슈퍼캡,SR,2004~2007,One row truck
대한민국,현대,1열 리베로,2,onerowtruck,슈퍼캡,SR,2000~2003,One row truck
대한민국,현대,2열 리베로,4,tworowtruck,더블캡,SR,2004~2007,Two row truck
대한민국,현대,2열 리베로,4,tworowtruck,더블캡,SR,2000~2003,Two row truck
대한민국,현대,팰리세이드,4,suv,,LX2,2018~현재,Mid-Large suv
대한민국,현대,베뉴,4,sedan,,QX1,2019~현재,Small suv
대한민국,현대,티뷰론,2,sedan,,RD,,Coupe
대한민국,제네시스,GV80,4,suv,,JX1,2020~현재,mid-Large suv
대한민국,제네시스,GV70,4,suv,,JK1,2020~현재,mid-Large suv
대한민국,제네시스,G70,4,sedan,더 뉴,IK,2020~현재,Sedan
대한민국,제네시스,G70,4,sedan,,IK,2017~2020,Sedan
대한민국,제네시스,G80,4,sedan,더올뉴,RG3,2020~현재,Sedan
대한민국,제네시스,G80,4,sedan,,DH,2016~2020,Sedan
대한민국,제네시스,G90,4,sedan,,HI,2018~현재,Sedan
대한민국,제네시스,EQ900,4,sedan,,HI,2015~2018,Sedan
대한민국,기아,스팩트라,4,sedan,,,,Sedan
대한민국,기아,카니발,6,van,4세대,KA4,2020~현재,van
대한민국,기아,카니발,6,van,더뉴,YP,2018~2020,van
대한민국,기아,카니발,6,van,더뉴 하이리무진,YP,2018~2020,van
대한민국,기아,카니발,6,van,더뉴 아웃도어,YP,2018~2020,van
대한민국,기아,카니발,6,van,올뉴,YP,2014~2018,van
대한민국,기아,카니발,6,van,R,VQ,2010~2014,van
대한민국,기아,카니발,6,van,뉴,VQ,2006~2010,van
대한민국,기아,카니발,6,van,그랜드,VQ,2005~2010,van
대한민국,기아,카니발,6,van,2,KV-II,2001~2005,van
대한민국,기아,카니발,6,van,,KV-II,1998~2001,van
대한민국,기아,텔루라이드,4,suv,,,2019~현재,Mid-Large suv
대한민국,기아,쏘렌토,4,suv,4세대,MQ4,2020~현재,Mid-Large suv
대한민국,기아,쏘렌토,4,suv,4세대 HEV,MQ4,2020~현재,Mid-Large suv
대한민국,기아,쏘렌토,4,suv,더마스터,UM,2018~현재,Mid-Large suv
대한민국,기아,쏘렌토,4,suv,더뉴,UM,2017~2018,Mid-Large suv
대한민국,기아,쏘렌토,4,suv,올뉴,UM,2014~2017,Mid-Large suv
대한민국,기아,쏘렌토,4,suv,뉴R,XM,2012~2014,Mid-Large suv
대한민국,기아,쏘렌토,4,suv,R,XM,2009~2012,Mid-Large suv
대한민국,기아,쏘렌토,4,suv,뉴,BL,2006~2009,Mid-Large suv
대한민국,기아,쏘렌토,4,suv,,BL,2002~2006,Mid-Large suv
대한민국,기아,모닝,4,sedan,어반,JA,2020~현재,Sedan
대한민국,기아,모닝,4,sedan,올뉴,JA,2017~2020,Sedan
대한민국,기아,모닝,4,sedan,더뉴,TA,2015~2016,Sedan
대한민국,기아,모닝,4,sedan,올뉴,TA,2011~2014,Sedan
대한민국,기아,모닝,4,sedan,뉴,SA,2008~2011,Sedan
대한민국,기아,모닝,4,sedan,,SA,2004~2008,Sedan
대한민국,기아,1열 봉고,2,onerowtruck,트럭 3 EV,PU,2004~현재,One row truck
대한민국,기아,1열 봉고,2,onerowtruck,트럭 3,PU,2004~현재,One row truck
대한민국,기아,1열 봉고,2,onerowtruck,프론티어,W3,1997~2005,One row truck
대한민국,기아,1열 봉고,2,onerowtruck,와이드,SR,1989~1997,One row truck
대한민국,기아,2열 봉고,4,tworowtruck,트럭 3,PU,2004~현재,Two row truck
대한민국,기아,2열 봉고,4,tworowtruck,프론티어,W3,1997~2005,Two row truck
대한민국,기아,2열 봉고,4,tworowtruck,와이드,SR,1989~1997,Two row truck
대한민국,기아,봉고 버스,6,van,,CT,2004~2005,Van
대한민국,기아,스포티지,4,suv,5세대 (출시예정),NQ5,2020~출시예정,Mid-Large suv
대한민국,기아,스포티지,4,suv,더볼드,QL,2018~현재,Mid-Large suv
대한민국,기아,스포티지,4,suv,더SUV,QL,2015~2018,Mid-Large suv
대한민국,기아,스포티지,4,suv,더뉴R,SL,2013~2015,Mid-Large suv
대한민국,기아,스포티지,4,suv,R,SL,2010~2013,Mid-Large suv
대한민국,기아,스포티지,4,suv,뉴,KM,2004~2010,Mid-Large suv
대한민국,기아,스포티지,4,suv,,NB7,1993~2002,Mid-Large suv
대한민국,기아,K3,4,sedan,F/L (출시예정),BD,2020~출시예정,Sedan
대한민국,기아,K3,4,sedan,올뉴,BD,2018~현재,Sedan
대한민국,기아,K3,4,sedan,더뉴,YD,2015~2018,Sedan
대한민국,기아,K3,4,sedan,,YD,2012~2015,Sedan
대한민국,기아,K3 쿱,2,sedan,,YK,2013~2016,Coupe
대한민국,기아,K3 GT,4,sedan,,YD,2019~현재,Sedan
대한민국,기아,K5,4,sedan,,DL3 HEV,2019~현재,Sedan
대한민국,기아,K5,4,sedan,,DL3,2019~현재,Sedan
대한민국,기아,K5,4,sedan,더뉴,JF,2018~2019,Sedan
대한민국,기아,K5,4,sedan,더뉴 HEV,JF,2018~2019,Sedan
대한민국,기아,K5,4,sedan,PHEV,JK,2015~2019,Sedan
대한민국,기아,K5,4,sedan,HEV,JK,2015~2018,Sedan
대한민국,기아,K5,4,sedan,,JK,2015~2018,Sedan
대한민국,기아,K5,4,sedan,더뉴,TF,2013~2015,Sedan
대한민국,기아,K5,4,sedan,하이브리드,TF,2011~2015,Sedan
대한민국,기아,K5,4,sedan,,TF,2010~2013,Sedan
대한민국,기아,K7,4,sedan,프리미어,YG,2019~현재,Sedan
대한민국,기아,K7,4,sedan,올뉴,YG,2016~현재,Sedan
대한민국,기아,K7,4,sedan,올뉴 HEV,YG,2016~현재,Sedan
대한민국,기아,K7,4,sedan,하이브리드,VG,2013~2016,Sedan
대한민국,기아,K7,4,sedan,더뉴,VG,2012~2016,Sedan
대한민국,기아,K7,4,sedan,,VG,2009~2012,Sedan
대한민국,기아,K9,4,sedan,더,RJ,2018~현재,Sedan
대한민국,기아,K9,4,sedan,더뉴,KH,2014~2018,Sedan
대한민국,기아,K9,4,sedan,,KH,2012~2014,Sedan
대한민국,기아,쎄라토,4,sedan,,LD,2003~2008,Sedan
대한민국,기아,니로,4,sedan,EV,DE,2019~현재,Small suv
대한민국,기아,니로,4,sedan,더 뉴,DE,2019~현재,Small suv
대한민국,기아,니로,4,sedan,더 뉴 HEV,DE,2019~현재,Small suv
대한민국,기아,니로,4,sedan,PHEV,DE,2017~2019,Small suv
대한민국,기아,니로,4,sedan,HEV,DE,2016~2019,Small suv
대한민국,기아,레이,4,sedan,더뉴,TAM,2017~현재,Sedan
대한민국,기아,레이,4,sedan,EV,TAM,2013~2016,Sedan
대한민국,기아,레이,4,sedan,,TAM,2011~2017,Sedan
대한민국,기아,로체,4,sedan,이노베이션,MG,2008~2010,Sedan
대한민국,기아,로체,4,sedan,어드밴스,MG,2007~2008,Sedan
대한민국,기아,로체,4,sedan,,MG,2005~2007,Sedan
대한민국,기아,리오,4,sedan,,SF,1999~2005,Sedan
대한민국,기아,모하비,4,suv,더 마스터,HM,2019~현재,Mid-Large suv
대한민국,기아,모하비,4,suv,더 뉴,HM,2016~2019,Mid-Large suv
대한민국,기아,모하비,4,suv,,HM,2008~2015,Mid-Large suv
대한민국,기아,쏘울,4,sedan,부스터,SK3,2019~현재,Small suv
대한민국,기아,쏘울,4,sedan,부스터 EV,SK3,2019~현재,Small suv
대한민국,기아,쏘울,4,sedan,더뉴,PS,2016~2019,Small suv
대한민국,기아,쏘울,4,sedan,올뉴,PS,2013~2016,Small suv
대한민국,기아,쏘울,4,sedan,,AM,2008~2013,Small suv
대한민국,기아,스토닉,4,sedan,,YB,2017~현재,Small suv
대한민국,기아,스팅어,4,sedan,마이스터,CK,2020~현재,Sedan
대한민국,기아,스팅어,4,sedan,,CK,2017~2020,Sedan
대한민국,기아,엘란,2,sedan,,LHT,1996~1999,Coupe
대한민국,기아,오피러스,4,sedan,프리미엄,GH,2009~2012,Sedan
대한민국,기아,오피러스,4,sedan,뉴,GH,2006~2009,Sedan
대한민국,기아,오피러스,4,sedan,,GH,2003~2006,Sedan
대한민국,기아,카렌스,4,sedan,더뉴,RP,2016~현재,Small suv
대한민국,기아,카렌스,4,sedan,올뉴,RP,2013~2016,Small suv
대한민국,기아,카렌스,4,sedan,뉴,UN,2006~2013,Small suv
대한민국,기아,카렌스,4,sedan,2,RS,2002~2006,Small suv
대한민국,기아,카렌스,4,sedan,,RS,1999~2002,Small suv
대한민국,기아,포르테,4,sedan,HEV,TD,2009~2013,Sedan
대한민국,기아,포르테,4,sedan,,TD,2008~2012,Sedan
대한민국,기아,포르테 쿱,2,sedan,HEV,XK,2009~2013,Coupe
대한민국,기아,포르테 쿱,2,sedan,,XK,2008~2012,Coupe
대한민국,기아,프라이드,4,sedan,,UB,2014~현재,Sedan
대한민국,기아,프라이드,4,sedan,,UB,2011~2014,Sedan
대한민국,기아,프라이드,4,sedan,,JB,2005~2011,Sedan
대한민국,기아,프라이드,4,sedan,,Y,1987~2000,Sedan
대한민국,기아,옵티마,4,sedan,,MS,2000~2005,Sedan
대한민국,기아,셀토스,4,sedan,,SP2,2019~현재,Small suv
대한민국,쉐보레/한국GM,트래버스,4,suv,2세대,,2017~현재,Mid-Large suv
대한민국,쉐보레/한국GM,트래버스,4,suv,1세대,,2008~2017,Mid-Large suv
대한민국,쉐보레/한국GM,스파크,4,sedan,더뉴,M400,2018~현재,Sedan
대한민국,쉐보레/한국GM,스파크,4,sedan,더넥스트,M400,2015~2018,Sedan
대한민국,쉐보레/한국GM,스파크,4,sedan,EV,M300,2013~2017,Sedan
대한민국,쉐보레/한국GM,스파크,4,sedan,,M300,2011~2015,Sedan
대한민국,쉐보레/한국GM,말리부,4,sedan,더 뉴,V400,2018~현재,Sedan
대한민국,쉐보레/한국GM,말리부,4,sedan,올 뉴,V400,2016~2018,Sedan
대한민국,쉐보레/한국GM,말리부,4,sedan,,V300,2011~2016,Sedan
대한민국,쉐보레/한국GM,트랙스,4,sedan,더뉴,U200,2016~현재,Small suv
대한민국,쉐보레/한국GM,트랙스,4,sedan,,U200,2013~2016,Small suv
대한민국,쉐보레/한국GM,다마스,6,sedan,뉴,,2008~현재,Three row truck
대한민국,쉐보레/한국GM,다마스,6,sedan,2,,2003~2006,Three row truck
대한민국,쉐보레/한국GM,다마스,6,sedan,,,1991~2003,Three row truck
대한민국,쉐보레/한국GM,라보,2,onerowtruck,뉴,,2008~현재,One row truck
대한민국,쉐보레/한국GM,라보,2,onerowtruck,,,1991~2006,One row truck
대한민국,쉐보레/한국GM,라세티,4,sedan,프리미어,J300,2008~2011,Sedan
대한민국,쉐보레/한국GM,라세티,4,sedan,뉴,J200,2004~2008,Sedan
대한민국,쉐보레/한국GM,라세티,4,sedan,,J200,2002~2004,Sedan
대한민국,쉐보레/한국GM,마티즈,4,sedan,크리에이티브,M300,2009~2011,Sedan
대한민국,쉐보레/한국GM,마티즈,4,sedan,,클래식,2009~2011,Sedan
대한민국,쉐보레/한국GM,마티즈,4,sedan,올뉴,M200/250,2005~2009,Sedan
대한민국,쉐보레/한국GM,마티즈,4,sedan,2,M150,2000~2005,Sedan
대한민국,쉐보레/한국GM,마티즈,4,sedan,,M100,1998~2000,Sedan
대한민국,쉐보레/한국GM,베리타스,4,sedan,,,2008~2010,Sedan
대한민국,쉐보레/한국GM,볼트,4,sedan,,EV,2017~현재,Sedan
대한민국,쉐보레/한국GM,볼트,4,sedan,,2,2016~현재,Sedan
대한민국,쉐보레/한국GM,볼트,4,sedan,,,2010~2015,Sedan
대한민국,쉐보레/한국GM,블레이저,4,suv,,1세대,2020~현재,Mid-Large suv
대한민국,쉐보레/한국GM,아베오,4,sedan,더뉴,T300,2016~현재,Sedan
대한민국,쉐보레/한국GM,아베오,4,sedan,,T300,2011~2016,Sedan
대한민국,쉐보레/한국GM,아카디아,4,sedan,,,1994~1999,Sedan
대한민국,쉐보레/한국GM,알페온,4,sedan,,VS300,2010~2017,Sedan
대한민국,쉐보레/한국GM,올란도,4,suv,,J309,2011~현재,Mid-Large suv
대한민국,쉐보레/한국GM,윈스톰,4,suv,맥스,C105,2008~2010,Mid-Large suv
대한민국,쉐보레/한국GM,윈스톰,4,suv,,C100,2006~2009,Mid-Large suv
대한민국,쉐보레/한국GM,이쿼녹스,4,sedan,3세대 F/L,,2020~현재,Small suv
대한민국,쉐보레/한국GM,이쿼녹스,4,sedan,3세대,,2017~현재,Small suv
대한민국,쉐보레/한국GM,임팔라,4,sedan,,10세대,2015~현재,Sedan
대한민국,쉐보레/한국GM,젠트라,4,sedan,X,T255,2007~2011,Sedan
대한민국,쉐보레/한국GM,젠트라,4,sedan,,T250,2005~2011,Sedan
대한민국,쉐보레/한국GM,트레일블레이저,4,sedan,,,2020~현재,Small suv
대한민국,쉐보레/한국GM,카마로,2,sedan,SS,6세대,2016~현재,Coupe
대한민국,쉐보레/한국GM,카마로,2,sedan,,5세대,2011~2016,Coupe
대한민국,쉐보레/한국GM,캡티바,4,suv,,유로6,2016~현재,Mid-Large suv
대한민국,쉐보레/한국GM,캡티바,4,suv,,유로5,2011~2016,Mid-Large suv
대한민국,쉐보레/한국GM,콜로라도,4,suv,,,2019~현재,Mid-Large suv
대한민국,쉐보레/한국GM,크루즈,4,sedan,올뉴,J400,2017~현재,Sedan
대한민국,쉐보레/한국GM,크루즈,4,sedan,뉴,J300,2015~2017,Sedan
대한민국,쉐보레/한국GM,크루즈,4,sedan,,J300,2011~2015,Sedan
대한민국,쉐보레/한국GM,토스카,4,sedan,프리미엄6,V292,2008~2010,Sedan
대한민국,쉐보레/한국GM,토스카,4,sedan,,V250,2006~2008,Sedan
대한민국,쉐보레/한국GM,매그너스,4,sedan,,V200,1999~2006,Sedan
대한민국,르노삼성,ZOE,4,sedan,,,2016~현재,Sedan
대한민국,르노삼성,XM3,4,sedan,,LJL,2020~현재,Small suv
대한민국,르노삼성,캡처,4,sedan,,,2020~현재,Small suv
대한민국,르노삼성,QM3,4,sedan,뉴,,2017~2020,Small suv
대한민국,르노삼성,QM3,4,sedan,,,2013~2017,Small suv
대한민국,르노삼성,QM5,4,sedan,네오,H45,2014~2016,Small suv
대한민국,르노삼성,QM5,4,sedan,뉴,H45,2011~2014,Small suv
대한민국,르노삼성,QM5,4,sedan,,H45,2007~2011,Small suv
대한민국,르노삼성,QM6,4,suv,더뉴,HZG,2019~현재,Mid-Large suv
대한민국,르노삼성,QM6,4,suv,,HZG,2016~2019,Mid-Large suv
대한민국,르노삼성,SM3,4,sedan,Neo,L38,2014~현재,Sedan
대한민국,르노삼성,SM3,4,sedan,ZE,L38,2013~현재,Sedan
대한민국,르노삼성,SM3,4,sedan,뉴F/L,L38,2012~2014,Sedan
대한민국,르노삼성,SM3,4,sedan,,L38,2009~2012,Sedan
대한민국,르노삼성,SM3,4,sedan,뉴제너레이션,N17,2005~2009,Sedan
대한민국,르노삼성,SM3,4,sedan,,N17,2002~2005,Sedan
대한민국,르노삼성,SM5,4,sedan,노바,L43,2015~현재,Sedan
대한민국,르노삼성,SM5,4,sedan,뉴플래티넘,L43,2012~2015,Sedan
대한민국,르노삼성,SM5,4,sedan,뉴신형,L43,2010~2012,Sedan
대한민국,르노삼성,SM5,4,sedan,뉴임프레션,EX1/DF,2007~2010,Sedan
대한민국,르노삼성,SM5,4,sedan,뉴,EX1/DF,2005~2007,Sedan
대한민국,르노삼성,SM5,4,sedan,,KPQ,1998~2005,Sedan
대한민국,르노삼성,SM6,4,sedan,더 뉴,LFD,2020~현재,Sedan
대한민국,르노삼성,SM6,4,sedan,,LFD,2016~2020,Sedan
대한민국,르노삼성,SM7,4,sedan,노바,L47,2014~현재,Sedan
대한민국,르노삼성,SM7,4,sedan,올뉴,L47,2011~2014,Sedan
대한민국,르노삼성,SM7,4,sedan,뉴아트,EX2,2008~2011,Sedan
대한민국,르노삼성,SM7,4,sedan,,Ex2,2004~2008,Sedan
대한민국,르노삼성,클리오,4,sedan,,,2018~현재,Sedan
대한민국,르노삼성,트위지,2,sedan,,,2017~현재,Coupe
대한민국,르노삼성,마스터,6,van,,버스,2019~현재,van
대한민국,르노삼성,마스터,6,van,,벤,2019~현재,van
대한민국,쌍용,렉스턴,4,suv,올 뉴 G4,Y400,2020~현재,Mid-Large suv
대한민국,쌍용,렉스턴,4,suv,G4,Y400,2017~2020,Mid-Large suv
대한민국,쌍용,렉스턴,4,suv,W,Y200,2012~2017,Mid-Large suv
대한민국,쌍용,렉스턴,4,suv,슈퍼,Y200,2008~2012,Mid-Large suv
대한민국,쌍용,렉스턴,4,suv,,2 Y200,2006~2008,Mid-Large suv
대한민국,쌍용,렉스턴,4,suv,뉴,Y200,2003~2006,Mid-Large suv
대한민국,쌍용,렉스턴,4,suv,,Y200,2001~2003,Mid-Large suv
대한민국,쌍용,렉스턴 스포츠,4,suv,칸,Q200,2019~현재,Mid-Large suv
대한민국,쌍용,렉스턴 스포츠,4,suv,,Q200,2018~현재,Mid-Large suv
대한민국,쌍용,렉스턴 스포츠,4,suv,더뉴,Q150,2016~2018,Mid-Large suv
대한민국,쌍용,렉스턴 스포츠,4,suv,,Q150,2012~2016,Mid-Large suv
대한민국,쌍용,액티언 스포츠,4,suv,,Q100,2006~2011,Mid-Large suv
대한민국,쌍용,로디우스,6,van,뉴,유로,2012~2013,van
대한민국,쌍용,로디우스,6,van,뉴,,2007~2011,van
대한민국,쌍용,로디우스,6,van,,,2004~2007,van
대한민국,쌍용,무쏘 밴,6,van,뉴밴,FJ,1998~2005,van
대한민국,쌍용,무쏘,4,suv,뉴,FJ,1998~2005,Mid-Large suv
대한민국,쌍용,무쏘,4,suv,,FJ,1993~1998,Mid-Large suv
대한민국,쌍용,무쏘 스포츠,4,suv,,FJ,2002~2006,Mid-Large suv
대한민국,쌍용,액티언,4,suv,,C100,2005~2010,Mid-Large suv
대한민국,쌍용,액티언 스포츠,4,suv,,Q100,2006~2011,Mid-Large suv
대한민국,쌍용,체어맨,4,sedan,뉴W,W200,2011~2017,Sedan
대한민국,쌍용,체어맨,4,sedan,H뉴클래식,W100,2011~2014,Sedan
대한민국,쌍용,체어맨,4,sedan,W,W200,2008~2011,Sedan
대한민국,쌍용,체어맨,4,sedan,H,W100,2008~2011,Sedan
대한민국,쌍용,체어맨,4,sedan,뉴,W100,2003~2008,Sedan
대한민국,쌍용,체어맨,4,sedan,,W100,1997~2003,Sedan
대한민국,쌍용,카이런,4,suv,뉴,,2007~2011,Mid-Large suv
대한민국,쌍용,카이런,4,suv,,,2005~2007,Mid-Large suv
대한민국,쌍용,칼리스타,2,sedan,,,1991~1994,Coupe
대한민국,쌍용,코란도,4,sedan,더 뷰리풀,WD,2019~현재,Small suv
대한민국,쌍용,코란도,4,suv,뉴스타일C,C200,2017~2019,Mid-Large suv
대한민국,쌍용,코란도,4,suv,뉴C,C200,2013~2017,Mid-Large suv
대한민국,쌍용,코란도,4,suv,C,C200,2011~2013,Mid-Large suv
대한민국,쌍용,코란도,4,suv,뉴,KJ,1996~2005,Mid-Large suv
대한민국,쌍용,코란도,4,suv,,KH7,1983~1996,Mid-Large suv
대한민국,쌍용,코란도 스포츠,4,suv,,,2012~2018,Mid-Large suv
대한민국,쌍용,코란도 투리스모,6,van,,A170,2018~현재,van
대한민국,쌍용,코란도 투리스모,6,van,,A150,2013~2018,van
대한민국,쌍용,티볼리,4,sedan,베리 뉴,X110,2019~현재,Small suv
대한민국,쌍용,티볼리,4,sedan,아머,X110,2017~현재,Small suv
대한민국,쌍용,티볼리,4,sedan,에어,X100,2016~현재,Small suv
대한민국,쌍용,티볼리,4,sedan,,X100,2015~2017,Small suv
대한민국,어울림모터스,뱅가리,4,sedan,,,2013~현재,Sedan
대한민국,어울림모터스,스피라,2,sedan,,,2010~현재,Coupe
대한민국,어울림모터스,크레지티,2,sedan,,,2013~현재,Coupe
대한민국,마이브,M1,2,sedan,,,2020~현재,Coupe
독일,BMW,1 시리즈,4,sedan,F/L,F20,2015~현재,Sedan
독일,BMW,1 시리즈,4,sedan,,F20,2012~2015,Sedan
독일,BMW,1 시리즈,4,sedan,,E82,2007~2012,Sedan
독일,BMW,2 시리즈,4,sedan,그란쿠페(4도어),F44,2019~현재,sedan
독일,BMW,2 시리즈,4,sedan,그란투어러(7인승),F46,2015~현재,Small suv
독일,BMW,2 시리즈,4,sedan,액티브투어러(5인승),F45,2014~현재,Small suv
독일,BMW,2 시리즈,2,sedan,컨버터블,F23,2014~현재,Coupe
독일,BMW,2 시리즈,2,sedan,쿠페,F22,2014~현재,Coupe
독일,BMW,3 시리즈,4,sedan,,G20,2018~현재,Sedan
독일,BMW,3 시리즈,4,sedan,,F30/31/34,2011~현재,Sedan
독일,BMW,3 시리즈,4,sedan,,E90/91/92/93,2004~2013,Sedan
독일,BMW,3 시리즈,4,sedan,,E46,1998~2006,Sedan
독일,BMW,3 시리즈,4,sedan,,E36,1990~2000,Sedan
독일,BMW,3 시리즈 GT,4,sedan,,F34,2013~현재,Sedan
독일,BMW,4 시리즈,4,sedan,New,G22,2020~현재,Sedan
독일,BMW,4 시리즈,4,sedan,,F32/33/36,2013~2020,Sedan
독일,BMW,5 시리즈,4,sedan,,G30/31,2017~현재,Sedan
독일,BMW,5 시리즈,4,sedan,,F10/11,2010~2017,Sedan
독일,BMW,5 시리즈,4,sedan,,E60/61,2003~2010,Sedan
독일,BMW,5 시리즈,4,sedan,,E39,1995~2003,Sedan
독일,BMW,5 시리즈,4,sedan,,E34,1988~1996,Sedan
독일,BMW,5 시리즈 GT,4,sedan,,F07,2009~2017,Sedan
독일,BMW,6 시리즈,4,sedan,,G32,2017~현재,Sedan
독일,BMW,6 시리즈,4,sedan,,F06/12/13,2011~2018,Sedan
독일,BMW,6 시리즈,4,sedan,,E63/64,2003~2010,Sedan
독일,BMW,6 시리즈 GT,4,sedan,,,2017~현재,Sedan
독일,BMW,7 시리즈,4,sedan,,G11/12,2015~현재,Sedan
독일,BMW,7 시리즈,4,sedan,,F01/02,2008~2015,Sedan
독일,BMW,7 시리즈,4,sedan,,E65/66/67/68,2002~2008,Sedan
독일,BMW,7 시리즈,4,sedan,,E38,1994~2001,Sedan
독일,BMW,8 시리즈,4,sedan,그란쿠페(4도어),G16,2019~현재,Sedan
독일,BMW,8 시리즈,2,sedan,컨버터블,G15,2018~현재,Coupe
독일,BMW,8 시리즈,2,sedan,쿠페(2도어),G14,2018~현재,Coupe
독일,BMW,8 시리즈,4,sedan,,E31,1990~1999,Sedan
독일,BMW,i3,4,sedan,,I01,2014~2018,Sedan
독일,BMW,i3,4,sedan,New,I01,2018~현재,Sedan
독일,BMW,i8,4,sedan,,I12,2015~현재,Sedan
독일,BMW,iX3,4,suv,,G08,2021~출시예정,Mid-Large suv
독일,BMW,M1,4,sedan,,E26,1978~1981,Sedan
독일,BMW,M2,4,sedan,,F87,2016~현재,Sedan
독일,BMW,M3,4,sedan,The new,G80,2021~출시예정,Sedan
독일,BMW,M3,4,sedan,,F80,2014~현재,Sedan
독일,BMW,M3,4,sedan,,E90/92/93,2007~2013,Sedan
독일,BMW,M3,4,sedan,,E46,2000~2006,Sedan
독일,BMW,M3,4,sedan,,E36,1992~1999,Sedan
독일,BMW,M4,4,sedan,The new,G82,2021~출시예정,Sedan
독일,BMW,M4,4,sedan,,F82/83,2014~현재,Sedan
독일,BMW,M5,4,sedan,,F90,2018~현재,Sedan
독일,BMW,M5,4,sedan,,F10,2011~2016,Sedan
독일,BMW,M5,4,sedan,,E60/61,2005~2010,Sedan
독일,BMW,M5,4,sedan,,E39,1998~2003,Sedan
독일,BMW,M6,4,sedan,,F06/12/13,2012~2018,Sedan
독일,BMW,M6,4,sedan,,F63/64,2005~2010,Sedan
독일,BMW,M8,2,sedan,,G15,2019~현재,Coupe
독일,BMW,X4 M,4,suv,,40d G02,2019~현재,Mid-Large suv
독일,BMW,X4 M,4,suv,,40i F26,2015~2018,Mid-Large suv
독일,BMW,X5 M,4,suv,,F85,2015~현재,Mid-Large suv
독일,BMW,X5 M,4,suv,,E70,2009~2013,Mid-Large suv
독일,BMW,X6 M,4,suv,,F96,2020~현재,Mid-Large suv
독일,BMW,X6 M,4,suv,,F86,2015~2019,Mid-Large suv
독일,BMW,X6 M,4,suv,,E71,2009~2014,Mid-Large suv
독일,BMW,X1,4,suv,New F/L,F48,2019~현재,Mid-Large suv
독일,BMW,X1,4,suv,,F48,2016~2019,Mid-Large suv
독일,BMW,X1,4,suv,,E84,2009~2015,Mid-Large suv
독일,BMW,X2,4,suv,,F39,2018~현재,Mid-Large suv
독일,BMW,X3,4,suv,,G01,2018~현재,Mid-Large suv
독일,BMW,X3,4,suv,,F25,2011~2017,Mid-Large suv
독일,BMW,X3,4,suv,,E83,2003~2010,Mid-Large suv
독일,BMW,X4,4,suv,,G02,2018~현재,Mid-Large suv
독일,BMW,X4,4,suv,,F26,2014~2018,Mid-Large suv
독일,BMW,X5,4,suv,,G05,2019~현재,Mid-Large suv
독일,BMW,X5,4,suv,,F15,2013~2018,Mid-Large suv
독일,BMW,X5,4,suv,,E70,2006~2013,Mid-Large suv
독일,BMW,X5,4,suv,,E53,2000~2006,Mid-Large suv
독일,BMW,X6,4,suv,,G06,2019~현재,Mid-Large suv
독일,BMW,X6,4,suv,,F16,2015~2018,Mid-Large suv
독일,BMW,X6,4,suv,,E71/72,2008~2014,Mid-Large suv
독일,BMW,X7,4,suv,,G07,2019~현재,Mid-Large suv
독일,BMW,Z1,2,sedan,,E30,1989~1991,Coupe
독일,BMW,Z3,2,sedan,,E36/7,1995~2002,Coupe
독일,BMW,Z3,2,sedan,,E36/8,1995~2002,Coupe
독일,BMW,Z4,2,sedan,,G29,2018~현재,Coupe
독일,BMW,Z4,2,sedan,,E89,2009~2016,Coupe
독일,BMW,Z4,2,sedan,,E85/86,2002~2008,Coupe
독일,BMW,Z8,2,sedan,,E52,2000~2003,Coupe
독일,BMW,Z4 M,2,sedan,,E85/86,2006~2008,Coupe
미국,GMC,벤츄라,6,van,,,,van
미국,GMC,사바나밴,6,van,,,,van
미국,GMC,사파리,6,van,,,,van
미국,GMC,유콘,4,suv,,,,Mid-Large suv
미국,GMC,픽업,4,suv,,,,Mid-Large suv
일본,닛산,350Z,2,sedan,,Z33,2002~2008,Coupe
일본,닛산,370Z,2,sedan,,Z34,2008~현재,Coupe
일본,닛산,GTR,2,sedan,,CBA-R35/DBA-R35,2007~현재,Coupe
일본,닛산,NV밴,6,van,,,,van
일본,닛산,로그,4,suv,,T32,2013~현재,Mid-Large suv
일본,닛산,로그,4,suv,Select,S35,2013~2016,Mid-Large suv
일본,닛산,로그,4,suv,,J10,2007~2013,Mid-Large suv
일본,닛산,리프,4,sedan,,ZE1,2017~현재,Sedan
일본,닛산,리프,4,sedan,,ZE0,2010~2017,Sedan
일본,닛산,마치,4,sedan,,K14,2017~현재,Sedan
일본,닛산,마치,4,sedan,,K13,2010~2017,Sedan
일본,닛산,마치,4,sedan,,K12,2002~2010,Sedan
일본,닛산,마치,4,sedan,,K11,1992~2002,Sedan
일본,닛산,마치,4,sedan,,K10,1982~1992,Sedan
일본,닛산,맥시마,4,sedan,,A36,2015~현재,Sedan
일본,닛산,맥시마,4,sedan,,A35,2008~2014,Sedan
일본,닛산,맥시마,4,sedan,,A34,2003~2008,Sedan
일본,닛산,맥시마,4,sedan,,A33,1999~2003,Sedan
일본,닛산,맥시마,4,sedan,,A32,1994~1999,Sedan
일본,닛산,맥시마,4,sedan,,J30,1988~1994,Sedan
일본,닛산,맥시마,4,sedan,,PU11,1984~1988,Sedan
일본,닛산,맥시마,4,sedan,,G910,1980~1984,Sedan
일본,닛산,무라노,4,suv,,Z52,2015~현재,Mid-Large suv
일본,닛산,무라노,4,suv,,Z51,2008~2015,Mid-Large suv
일본,닛산,무라노,4,suv,,Z50,2002~2008,Mid-Large suv
일본,닛산,버사(티이다),4,sedan,,C13,2015~현재,Sedan
일본,닛산,버사(티이다),4,sedan,,C12,2011~2014,Sedan
일본,닛산,버사(티이다),4,sedan,,C11,2004~2012,Sedan
일본,닛산,스카이라인,2,sedan,,,,Coupe
일본,닛산,시마,4,sedan,,HGY51,2012~현재,Sedan
일본,닛산,시마,4,sedan,,F50,2001~2010,Sedan
일본,닛산,시마,4,sedan,,FY33,1996~2001,Sedan
일본,닛산,시마,4,sedan,,FY32,1991~1996,Sedan
일본,닛산,시마,4,sedan,,FPY31,1988~1991,Sedan
일본,닛산,실비아,2,sedan,,,,Coupe
일본,닛산,알마다,4,suv,,Y62,2016~현재,Mid-Large suv
일본,닛산,알마다,4,suv,,WA60,2003~2016,Mid-Large suv
일본,닛산,알티마,4,sedan,올 뉴,L34,2019~현재,Sedan
일본,닛산,알티마,4,sedan,올 뉴,F/L L33,2016~2019,Sedan
일본,닛산,알티마,4,sedan,,L33,2012~2016,Sedan
일본,닛산,알티마,4,sedan,,L32/U32,2006~2012,Sedan
일본,닛산,알티마,4,sedan,,L31,2001~2006,Sedan
일본,닛산,엑스테라,4,suv,,,,Mid-Large suv
일본,닛산,엘그란드,6,van,,E52,2010~현재,van
일본,닛산,엘그란드,6,van,,E51,2002~2010,van
일본,닛산,엘그란드,6,van,,E50,1997~2002,van
일본,닛산,윙로드,4,sedan,,,,Small suv
일본,닛산,주크,4,sedan,,,2019~현재,Small suv
일본,닛산,주크,4,sedan,,,2010~2018,Small suv
일본,닛산,캐시카이,4,sedan,,Z11,2013~현재,Small suv
일본,닛산,캐시카이,4,sedan,,Z10,2006~2013,Small suv
일본,닛산,퀘스트,6,van,,RE52,2010~현재,van
일본,닛산,퀘스트,6,van,,V42,2003~2009,van
일본,닛산,퀘스트,6,van,,V41,1998~2002,van
일본,닛산,퀘스트,6,van,,V40,1992~1998,van
일본,닛산,큐브,4,sedan,,Z12,2009~현재,Sedan
일본,닛산,큐브,4,sedan,,Z11,2002~2009,Sedan
일본,닛산,큐브,4,sedan,,Z10,1998~2002,Sedan
일본,닛산,타이탄,4,tworowtruck,,H61,2015~현재,two row truck
일본,닛산,타이탄,4,tworowtruck,,A60,2003~2015,two row truck
일본,닛산,티아나,4,sedan,,L33,2013~2019,Sedan
일본,닛산,티아나,4,sedan,,J32,2008~2013,Sedan
일본,닛산,티아나,4,sedan,,J31,2003~2008,Sedan
일본,닛산,파오,4,sedan,,,,Sedan
일본,닛산,패스파인더,4,suv,,R52,2012~현재,Mid-Large suv
일본,닛산,패스파인더,4,suv,,R51,2004~2012,Mid-Large suv
일본,닛산,패스파인더,4,suv,,R50,1995~2004,Mid-Large suv
일본,닛산,패스파인더,4,suv,,WD21,1985~1995,Mid-Large suv
일본,닛산,프론티어,4,suv,,,,Mid-Large suv
일본,닛산,후가,4,sedan,,,,Sedan
일본,닛산,휘가로,2,sedan,,,,Coupe
일본,닛산,X-TRAIL,4,suv,,T32,2013~현재,Mid-Large suv
일본,닛산,X-TRAIL,4,suv,,T31,2007~2015,Mid-Large suv
일본,닛산,X-TRAIL,4,suv,,T30,2000~2009,Mid-Large suv
일본,다이하쓰,마테리아,4,sedan,,,,Sedan
일본,다이하쓰,미라,4,sedan,,,,Sedan
일본,다이하쓰,미라지노,4,sedan,,,,Sedan
일본,다이하쓰,분,4,sedan,,,,Sedan
일본,다이하쓰,웨이크,4,sedan,,,,Sedan
일본,다이하쓰,캐스트,4,sedan,,,,Sedan
일본,다이하쓰,코펜,2,sedan,,,,Coupe
일본,다이하쓰,탄토,4,sedan,,,,Sedan
미국,닷지,그랜드 캐러밴,6,van,,,,van
미국,닷지,니트로,4,suv,,,,Mid-Large suv
미국,닷지,다코타,4,suv,,,,Mid-Large suv
미국,닷지,듀랑고,4,suv,,,,Mid-Large suv
미국,닷지,램 밴,6,van,,,,van
미국,닷지,램 픽업,4,suv,,,,Mid-Large suv
미국,닷지,매그넘,4,suv,,,,Mid-Large suv
미국,닷지,바이퍼,2,sedan,,,,Coupe
미국,닷지,차저,4,sedan,,,,Sedan
미국,닷지,챌린저,2,sedan,,,,Coupe
미국,닷지,캘리버,4,sedan,,,,Small suv
기타,람보르기니,가야드로,2,sedan,,,,Coupe
기타,람보르기니,디아블로,2,sedan,,,,Coupe
기타,람보르기니,레벤톤,2,sedan,,,,Coupe
기타,람보르기니,무르시엘라고,2,sedan,,,,Coupe
기타,람보르기니,아벤타도르,2,sedan,,,,Coupe
기타,람보르기니,우라칸,2,sedan,,,,Coupe
기타,람보르기니,우르스,4,suv,,,,Mid-Large suv
기타,랜드로버,디스커버리,4,suv,,,,Mid-Large suv
기타,랜드로버,디스커버리 스포츠,4,suv,,,,Mid-Large suv
기타,랜드로버,디펜더,4,suv,,,,Mid-Large suv
기타,랜드로버,레인지로버,4,suv,,,,Mid-Large suv
기타,랜드로버,레인지로버 보그,4,suv,,,,Mid-Large suv
기타,랜드로버,레인지로버 벨라,4,suv,,,2017~현재,Mid-Large suv
기타,랜드로버,레인지로버 스포츠,4,suv,,,,Mid-Large suv
기타,랜드로버,레인지로버 이보크,4,suv,뉴,,2019~현재,Mid-Large suv
기타,랜드로버,레인지로버 이보크,4,suv,,L538,2011~2019,Mid-Large suv
기타,랜드로버,프리랜더,4,suv,,,,Mid-Large suv
일본,렉서스,UX,4,sedan,,,,Sedan
일본,렉서스,CT,4,sedan,,,,Sedan
일본,렉서스,ES,4,sedan,,,,Sedan
일본,렉서스,GS,4,sedan,,,,Sedan
일본,렉서스,IS,4,sedan,,,,Sedan
일본,렉서스,LC,2,sedan,,,,Coupe
일본,렉서스,LS,4,sedan,,,,Sedan
일본,렉서스,LX,4,suv,,,,Mid-Large suv
일본,렉서스,NX,4,suv,,,,Mid-Large suv
일본,렉서스,RC,2,sedan,,,,Coupe
일본,렉서스,RX,4,suv,,,,Mid-Large suv
일본,렉서스,SC,2,sedan,,,,Coupe
기타,로터스,340,2,sedan,,,,Coupe
기타,로터스,2-일레븐,2,sedan,,,,Coupe
기타,로터스,에보라,2,sedan,,,,Coupe
기타,로터스,에스프리,2,sedan,,,,Coupe
기타,로터스,엑시지,2,sedan,,,,Coupe
기타,로터스,엘리스,2,sedan,,,,Coupe
기타,로터스,유로파,2,sedan,,,,Coupe
기타,롤스로이스,고스트,4,sedan,,,,Sedan
기타,롤스로이스,던,4,sedan,,,,Sedan
기타,롤스로이스,레이스,2,sedan,,,,Coupe
기타,롤스로이스,실버 세라프,4,sedan,,,,Sedan
기타,롤스로이스,실버 스피릿 (스퍼),4,sedan,,,,Sedan
기타,롤스로이스,컬리넌,4,sedan,,,,Sedan
기타,롤스로이스,코니쉬,4,sedan,,,,Sedan
기타,롤스로이스,팬텀,4,sedan,,,,Sedan
기타,르노,ZOE,4,sedan,,,,Sedan
기타,르노,라구나,4,sedan,,,,Sedan
기타,르노,메간,4,sedan,,,,Sedan
기타,르노,모뒤스,4,sedan,,,,Sedan
기타,르노,마스터,6,van,,,,Van
기타,르노,벨사티스,4,sedan,,,,Sedan
기타,르노,세닉,4,sedan,,,,Sedan
기타,르노,스포츠,2,sedan,,,,Coupe
기타,르노,에스빠스,4,sedan,,,,Sedan
기타,르노,클리오,4,sedan,,,,Sedan
기타,르노,트윙고,4,sedan,,,,Sedan
미국,링컨,LS,4,sedan,,,,Sedan
미국,링컨,MKC,4,sedan,,,,Small suv
미국,링컨,MKS,4,sedan,,,,Sedan
미국,링컨,MKT,4,suv,,,,Mid-Large suv
미국,링컨,MKX,4,suv,,,,Mid-Large suv
미국,링컨,MKZ,4,sedan,,,,Sedan
미국,링컨,코세어,4,suv,,,2020~현재,Mid-Large suv
미국,링컨,네비게이터,6,van,,,,van
미국,링컨,에비에이터,4,suv,,U611,2019~현재,Mid-Large suv
미국,링컨,에비에이터,4,suv,,UN152,2002~2005,Mid-Large suv
미국,링컨,컨티넨탈,4,sedan,,,,Sedan
미국,링컨,타운카,4,sedan,,,,Sedan
미국,링컨,노틸러스,4,suv,,,,Mid-Large suv
기타,마세라티,3200 GT,4,sedan,,,,Sedan
기타,마세라티,4200 GT,4,sedan,,,,Sedan
기타,마세라티,MC 12,4,sedan,,,,Sedan
기타,마세라티,그란카브리오,2,sedan,,,,Coupe
기타,마세라티,그란투리스모,4,sedan,,,,Sedan
기타,마세라티,기블리,4,sedan,,,,Sedan
기타,마세라티,르반떼,4,suv,,,,Mid-Large suv
기타,마세라티,바이터보,4,sedan,,,,Sedan
기타,마세라티,콰트로포르테,4,sedan,,,,Sedan
기타,마세라티,쿠페,2,sedan,,,,Coupe
일본,마쯔다,5,4,suv,,,,Mid-Large suv
일본,마쯔다,2 (데미오),4,sedan,,,,Sedan
일본,마쯔다,3 (스피드 악셀라),4,sedan,,,,Sedan
일본,마쯔다,6 (아텐자),4,sedan,,,,Sedan
일본,마쯔다,AZ,4,sedan,,,,Small suv
일본,마쯔다,CX,4,suv,,,,Mid-Large suv
일본,마쯔다,MPV,4,suv,,,,Mid-Large suv
일본,마쯔다,MX,2,sedan,,,,Coupe
일본,마쯔다,RX,2,sedan,,,,Coupe
일본,마쯔다,유노스로드스터,2,sedan,,,,Coupe
일본,마쯔다,트리뷰트,4,suv,,,,Mid-Large suv
기타,맥라렌,GT,2,sedan,,,2019~현재,Coupe
기타,맥라렌,570GT,2,sedan,,,,Coupe
기타,맥라렌,570S,2,sedan,,,,Coupe
기타,맥라렌,600LT,2,sedan,,,,Coupe
기타,맥라렌,650S,2,sedan,,,,Coupe
기타,맥라렌,675LT,2,sedan,,,,Coupe
기타,맥라렌,720S,2,sedan,,,,Coupe
기타,맥라렌,MP4-12C,2,sedan,,,,Coupe
미국,머큐리,그랜드마퀴스,4,sedan,,,,Sedan
미국,머큐리,마리너,4,suv,,,,Mid-Large suv
미국,머큐리,마운티니어,4,suv,,,,Mid-Large suv
미국,머큐리,몬테고,4,sedan,,,,Sedan
미국,머큐리,미스틱,4,sedan,,,,Sedan
미국,머큐리,밀란,4,sedan,,,,Sedan
미국,머큐리,빌리저,4,suv,,,,Mid-Large suv
미국,머큐리,세이블,4,sedan,,,,Sedan
기타,미니,컨트리맨,4,sedan,뉴,F60,2017~현재,Small suv
기타,미니,컨트리맨,4,sedan,,R60,2011~2017,Small suv
기타,미니,2열 쿠퍼,4,sedan,SE (EV),F56,2020~출시예정,Sedan
기타,미니,쿠퍼,2,sedan,,F55/F56,2014~현재,Coupe
기타,미니,쿠퍼,2,sedan,,R56,2005~2014,Coupe
기타,미니,쿠퍼,2,sedan,,R50/53,2001~2006,Coupe
기타,미니,쿠퍼,2,sedan,,R58,2011~2015,Coupe
기타,미니,쿠퍼 로드스터,2,sedan,,R59,2012~2015,Coupe
기타,미니,쿠퍼 컨버터블,2,sedan,뉴,F57,2016~현재,Coupe
기타,미니,쿠퍼 컨버터블,2,sedan,뉴,R57,2009~2016,Coupe
기타,미니,쿠퍼 컨버터블,2,sedan,,R52,2006~2008,Coupe
기타,미니,클럽맨,4,sedan,뉴 F/L,F54,2019~현재,Sedan
기타,미니,클럽맨,4,sedan,뉴,F54,2015~2019,Sedan
기타,미니,클럽맨,4,sedan,,R55,2008~2015,Sedan
기타,미니,페이스맨,4,sedan,,,,Small suv
일본,미쓰비시,3000GT,2,sedan,,,,Coupe
일본,미쓰비시,FTO,2,sedan,,,,Coupe
일본,미쓰비시,GTO,2,sedan,,,,Coupe
일본,미쓰비시,L200,4,suv,,,,Mid-Large suv
일본,미쓰비시,RVR,4,sedan,,,,Small suv
일본,미쓰비시,랜서,4,sedan,,,,Sedan
일본,미쓰비시,랜서에볼루션,4,sedan,,,,Sedan
일본,미쓰비시,몬테로,4,suv,,,,Mid-Large suv
일본,미쓰비시,아웃랜더,4,suv,,,,Mid-Large suv
일본,미쓰비시,이클립스,2,sedan,,,,Coupe
일본,미쓰비시,파제로,4,suv,,,,Mid-Large suv
일본,미쯔오카,MC-1,2,sedan,,,,Coupe
일본,미쯔오카,가류,2,sedan,,,,Coupe
일본,미쯔오카,누에라,2,sedan,,,,Coupe
일본,미쯔오카,도오라,2,sedan,,,,Coupe
일본,미쯔오카,라세드,2,sedan,,,,Coupe
일본,미쯔오카,뷰트,4,sedan,,,,Sedan
일본,미쯔오카,오로치,2,sedan,,,,Coupe
일본,미쯔오카,히미코,2,sedan,,,,Coupe
독일,벤츠,A-클래스,4,sedan,,해치백 W177,2018~현재,Sedan
독일,벤츠,A-클래스,4,sedan,,세단 V177,2018~현재,Sedan
독일,벤츠,A-클래스,4,sedan,,해치백 W177: A45 AMG,2018~현재,Sedan
독일,벤츠,A-클래스,4,sedan,,W176: A45 AMG,2012~2018,Sedan
독일,벤츠,A-클래스,4,sedan,,W176,2012~2018,Sedan
독일,벤츠,A-클래스,4,sedan,,W169,2004~2012,Sedan
독일,벤츠,A-클래스,4,sedan,,W168,1997~2004,Sedan
독일,벤츠,B-클래스,4,sedan,,W247,2019~현재,Small suv
독일,벤츠,B-클래스,4,sedan,더뉴,W246,2015~2019,Small suv
독일,벤츠,B-클래스,4,sedan,,W246,2012~2015,Small suv
독일,벤츠,B-클래스,4,sedan,,W245,2005~2011,Small suv
독일,벤츠,C-클래스,4,sedan,더뉴,세단 W205,2018~현재,Sedan
독일,벤츠,C-클래스,2,sedan,더뉴,카브리올레 A205,2018~현재,Coupe
독일,벤츠,C-클래스,4,sedan,더뉴,쿠페 C205,2018~현재,Sedan
독일,벤츠,C-클래스,2,sedan,,쿠페 C205,2014~2018,Coupe
독일,벤츠,C-클래스,4,sedan,,세단 W205,2014~2018,Sedan
독일,벤츠,C-클래스,2,sedan,,쿠페 C204,2007~2014,Coupe
독일,벤츠,C-클래스,4,sedan,,W204,2007~2014,Sedan
독일,벤츠,C-클래스,4,sedan,,W203,2000~2007,Sedan
독일,벤츠,C-클래스,4,sedan,,W202,1993~2000,Sedan
독일,벤츠,C-클래스,4,sedan,,W201,1983~1993,Sedan
독일,벤츠,CL-클래스,4,sedan,,C216,2006~2014,Sedan
독일,벤츠,CL-클래스,4,sedan,,C216: CL65 AMG,2006~2014,Sedan
독일,벤츠,CL-클래스,4,sedan,,C216: CL63 AMG,2006~2014,Sedan
독일,벤츠,CL-클래스,4,sedan,,C215,1999~2006,Sedan
독일,벤츠,CL-클래스,4,sedan,,C140,1992~1999,Sedan
독일,벤츠,CLA-클래스,4,sedan,,C117,2013~현재,Sedan
독일,벤츠,CLA-클래스,4,sedan,,C117: CLA45 AMG,2013~현재,Sedan
독일,벤츠,CLK-클래스,4,sedan,,C209/A209,2002~2009,Sedan
독일,벤츠,CLK-클래스,4,sedan,,C208/W208,1997~2003,Sedan
독일,벤츠,CLK-클래스,4,sedan,,C208/W208: CLK55 AMG,1997~2003,Sedan
독일,벤츠,CLS-클래스,4,sedan,,C257,2018~현재,Sedan
독일,벤츠,CLS-클래스,4,sedan,,W218,2010~2017,Sedan
독일,벤츠,CLS-클래스,4,sedan,,W218: CLS63 AMG,2010~2017,Sedan
독일,벤츠,CLS-클래스,4,sedan,,W219,2004~2010,Sedan
독일,벤츠,E-클래스,4,sedan,,세단 W213,2016~현재,Sedan
독일,벤츠,E-클래스,2,sedan,,카브리올레 A213,2017~현재,Coupe
독일,벤츠,E-클래스,2,sedan,,쿠페 C213,2017~현재,Coupe
독일,벤츠,E-클래스,4,sedan,,올트레인 X213,2017~현재,Sedan
독일,벤츠,E-클래스,4,sedan,,웨건 S213,2016~현재,Sedan
독일,벤츠,E-클래스,2,sedan,,F/L W212,2013~2017,Coupe
독일,벤츠,E-클래스,2,sedan,,쿠페 C207,2013~2017,Coupe
독일,벤츠,E-클래스,4,sedan,,카브리올레 A207,2013~2017,Sedan
독일,벤츠,E-클래스,4,sedan,,W212,2009~2013,Sedan
독일,벤츠,E-클래스,4,sedan,,W211,2003~2009,Sedan
독일,벤츠,E-클래스,4,sedan,,W210,1996~2002,Sedan
독일,벤츠,E-클래스,4,sedan,,W124,1993~1995,Sedan
독일,벤츠,E-클래스,4,sedan,,W124,1986~1994,Sedan
독일,벤츠,E-클래스,4,sedan,,W123,1976~1986,Sedan
독일,벤츠,E-클래스,4,sedan,,W114/W115,1968~1976,Sedan
독일,벤츠,E-클래스,4,sedan,,W110,1961~1968,Sedan
독일,벤츠,E-클래스,4,sedan,,W120,1953~1962,Sedan
독일,벤츠,EQC-클래스,4,suv,,N293,2019~현재,Mid-Large suv
독일,벤츠,G-클래스,4,suv,The New,W464,2018~현재,Mid-Large suv
독일,벤츠,G-클래스,4,suv,,W463,1990~2018,Mid-Large suv
독일,벤츠,G-클래스,4,suv,,W463: G65 AMG,1990~2018,Mid-Large suv
독일,벤츠,G-클래스,4,suv,,W463: G63 AMG,1990~2018,Mid-Large suv
독일,벤츠,G-클래스,4,suv,,W463: G63 AMG 6x6,1990~2018,Mid-Large suv
독일,벤츠,G-클래스,4,suv,,W463: G55 AMG,1990~2018,Mid-Large suv
독일,벤츠,G-클래스,4,suv,,W463: G650,1990~2018,Mid-Large suv
독일,벤츠,G-클래스,4,suv,,W463: G550,1990~2018,Mid-Large suv
독일,벤츠,G-클래스,4,suv,,W463: G500,1990~2018,Mid-Large suv
독일,벤츠,G-클래스,4,suv,,W460,1979~1992,Mid-Large suv
독일,벤츠,GL-클래스,4,suv,,X166,2012~2016,Mid-Large suv
독일,벤츠,GL-클래스,4,suv,,X166: GL63 AMG,2012~2016,Mid-Large suv
독일,벤츠,GL-클래스,4,suv,,X164,2006~2012,Mid-Large suv
독일,벤츠,GLA-클래스,4,sedan,,X156,2014~현재,Small suv
독일,벤츠,GLA-클래스,4,sedan,,X156: GLA45 AMG,2014~현재,Small suv
독일,벤츠,GLB-클래스,4,sedan,,X247,2020~현재,Small suv
독일,벤츠,GLC-클래스,4,suv,,X253,2015~현재,Mid-Large suv
독일,벤츠,GLC-클래스,4,suv,쿠페,C253,2015~현재,Mid-Large suv
독일,벤츠,GLC-클래스,4,suv,,63 AMG X253,2015~현재,Mid-Large suv
독일,벤츠,GLC-클래스,4,suv,쿠페,63 AMG C253,2015~현재,Mid-Large suv
독일,벤츠,GLE-클래스,4,suv,더뉴,V167,2019~현재,Mid-Large suv
독일,벤츠,GLE-클래스,4,suv,,W166,2016~2018,Mid-Large suv
독일,벤츠,GLE-클래스,4,suv,쿠페,C292,2016~2018,Mid-Large suv
독일,벤츠,GLK-클래스,4,suv,,X204,2009~2015,Mid-Large suv
독일,벤츠,GLS-클래스,4,suv,더뉴,X167,2020~현재,Mid-Large suv
독일,벤츠,GLS-클래스,4,suv,,X166,2016~2020,Mid-Large suv
독일,벤츠,GT-클래스,4,sedan,,GT43 AMG 4DOOR X290,2019~현재,Sedan
독일,벤츠,GT-클래스,4,sedan,,GT53 AMG 4DOOR X290,2019~현재,Sedan
독일,벤츠,GT-클래스,4,sedan,,GT63 AMG 4DOOR X290,2019~현재,Sedan
독일,벤츠,GT-클래스,4,sedan,,GT63 S AMG 4DOOR X290,2019~현재,Sedan
독일,벤츠,GT-클래스,2,sedan,,AMG C190,2015~현재,Coupe
독일,벤츠,GT-클래스,2,sedan,,S AMG C190,2015~현재,Coupe
독일,벤츠,GT-클래스,2,sedan,The New,C AMG C190,2020~현재,Coupe
독일,벤츠,GT-클래스,2,sedan,,C AMG C190,2017~2020,Coupe
독일,벤츠,GT-클래스,2,sedan,The New,R AMG C190,2020~현재,Coupe
독일,벤츠,GT-클래스,2,sedan,,R AMG C190,2017~2020,Coupe
독일,벤츠,M-클래스,4,suv,,W166,2012~2015,Mid-Large suv
독일,벤츠,M-클래스,4,suv,,W164,2006~2011,Mid-Large suv
독일,벤츠,M-클래스,4,suv,,W163,1997~2005,Mid-Large suv
독일,벤츠,R-클래스,4,suv,,F/L W251,2010~2015,Mid-Large suv
독일,벤츠,R-클래스,4,suv,,W251,2006~2009,Mid-Large suv
독일,벤츠,S-클래스,4,sedan,The new,V223,2021~출시예정,Sedan
독일,벤츠,S-클래스,4,sedan,,W222,2013~현재,Sedan
독일,벤츠,S-클래스,4,sedan,,C222 쿠페,2013~현재,Sedan
독일,벤츠,S-클래스,4,sedan,,W222 AMG,2013~현재,Sedan
독일,벤츠,S-클래스,4,sedan,,C222 S63 AMG 쿠페,2013~현재,Sedan
독일,벤츠,S-클래스,4,sedan,,C222 S65 AMG 쿠페,2013~현재,Sedan
독일,벤츠,S-클래스,4,sedan,,W221,2005~2013,Sedan
독일,벤츠,S-클래스,4,sedan,,W220,1998~2005,Sedan
독일,벤츠,S-클래스,2,sedan,,C140 쿠페,1991~1998,Coupe
독일,벤츠,S-클래스,4,sedan,,W140,1991~1998,Sedan
독일,벤츠,S-클래스,2,sedan,,C126 쿠페,1979~1991,Coupe
독일,벤츠,S-클래스,4,sedan,,W126,1979~1991,Sedan
독일,벤츠,S-클래스,4,sedan,,W116,1972~1980,Sedan
독일,벤츠,SL-클래스,2,sedan,F/L,R231,2016~현재,Coupe
독일,벤츠,SL-클래스,2,sedan,F/L,R231 SL55 AMG,2016~현재,Coupe
독일,벤츠,SL-클래스,2,sedan,F/L,R231 SL63 AMG,2016~현재,Coupe
독일,벤츠,SL-클래스,2,sedan,F/L,R231 SL65 AMG,2016~현재,Coupe
독일,벤츠,SL-클래스,2,sedan,,R231 SL55 AMG,2016~현재,Coupe
독일,벤츠,SL-클래스,2,sedan,,R231 SL63 AMG,2016~현재,Coupe
독일,벤츠,SL-클래스,2,sedan,,R231 SL65 AMG,2016~현재,Coupe
독일,벤츠,SL-클래스,2,sedan,,R231,2012~2016,Coupe
독일,벤츠,SL-클래스,2,sedan,,R230,2002~2011,Coupe
독일,벤츠,SL-클래스,2,sedan,,R129,1989~2002,Coupe
독일,벤츠,SLC-클래스,2,sedan,,C231,2016~현재,Coupe
독일,벤츠,SLC-클래스,2,sedan,,C231 43 AMG,2016~현재,Coupe
독일,벤츠,SLK-클래스,2,sedan,,R172,2012~2016,Coupe
독일,벤츠,SLK-클래스,2,sedan,,R171,2004~2011,Coupe
독일,벤츠,SLK-클래스,2,sedan,,R170,1996~2003,Coupe
독일,벤츠,SLR,2,sedan,,R199 로드스터,2003~2009,Coupe
독일,벤츠,SLR,2,sedan,,C199 쿠페,2003~2009,Coupe
독일,벤츠,SLS AMG,2,sedan,,C197,2010~2014,Coupe
독일,벤츠,V-클래스,6,van,,W447(메트리스),2014~현재,van
독일,벤츠,V-클래스,6,van,,W639(비아노/비토),2003~2014,van
독일,벤츠,마이바흐,4,sedan,The new,Z223,2021~출시예정,Sedan
독일,벤츠,마이바흐,4,sedan,,X222,2013~현재,Sedan
독일,벤츠,마이바흐,4,sedan,,XL222,2013~현재,Sedan
독일,벤츠,스프린터,6,van,,907/910,2018~현재,van
독일,벤츠,스프린터,6,van,,F/L 906,2014~현재,van
독일,벤츠,스프린터,6,van,,906,2006~2013,van
독일,벤츠,스프린터,6,van,,,1995~2005,van
기타,벤틀리,뮬산,4,sedan,,,,Sedan
기타,벤틀리,벤테이가,4,suv,,,,Mid-Large suv
기타,벤틀리,브룩랜즈,4,sedan,,,,Sedan
기타,벤틀리,아르나지,4,sedan,,,,Sedan
기타,벤틀리,아주어,4,sedan,,,,Sedan
기타,벤틀리,컨티넨탈 GT,2,sedan,,,,Coupe
기타,벤틀리,컨티넨탈 플라잉스퍼,4,sedan,,,,Sedan
기타,벤틀리,터보 R,4,sedan,,,,Sedan
기타,볼보,C30,4,sedan,,,,Sedan
기타,볼보,C70,2,sedan,,,,Coupe
기타,볼보,S40,4,sedan,,,,Sedan
기타,볼보,S60,4,sedan,3세대,,2019~현재,Sedan
기타,볼보,S60,4,sedan,2세대 크로스컨트리,,2015~2016,Sedan
기타,볼보,S60,4,sedan,2세대,,2011~2019,Sedan
기타,볼보,S60,4,sedan,1세대,,2000~2010,Sedan
기타,볼보,S80,4,sedan,,,,Sedan
기타,볼보,S90,4,sedan,더 뉴,,2020~현재,Sedan
기타,볼보,S90,4,sedan,,,2016~2020,Sedan
기타,볼보,V40,4,sedan,,,,Small suv
기타,볼보,V50,4,suv,,,,Mid-Large suv
기타,볼보,V60,4,suv,2세대 크로스컨트리,더 뉴,2019~현재,Mid-Large suv
기타,볼보,V60,4,suv,크로스 컨트리,,2015~2019,Mid-Large suv
기타,볼보,V60,4,suv,,,2011~2018,Mid-Large suv
기타,볼보,V70,4,suv,,,,Mid-Large suv
기타,볼보,V90,4,suv,크로스 컨트리,,2017~현재,Mid-Large suv
기타,볼보,XC40,4,suv,,,,Mid-Large suv
기타,볼보,XC60,4,suv,,,,Mid-Large suv
기타,볼보,XC70,4,suv,,,,Mid-Large suv
기타,볼보,XC90,4,suv,2세대,더 뉴,2016~현재,Mid-Large suv
기타,볼보,XC90,4,suv,1세대,,2003~2015,Mid-Large suv
기타,부가티,베이론,2,sedan,,,,Coupe
기타,북기은상,켄보600,4,sedan,,,,Small suv
미국,뷰익,르사블,4,sedan,,,,Sedan
미국,뷰익,리갈,4,sedan,,,,Sedan
미국,뷰익,리비에라,2,sedan,,,,Coupe
미국,뷰익,센츄리,4,sedan,,,,Sedan
미국,뷰익,스카이락,2,sedan,,,,Coupe
미국,뷰익,엔클라브,4,suv,,,,Mid-Large suv
미국,뷰익,파크애비뉴,4,sedan,,,,Sedan
독일,비이스만,GT,2,sedan,,,,Coupe
독일,비이스만,로드스터,2,sedan,,,,Coupe
기타,사브,900,4,sedan,,,,Sedan
기타,사브,9000,4,sedan,,,,Sedan
기타,사브,3.Sep,4,sedan,,,,Sedan
기타,사브,5.Sep,4,sedan,,,,Sedan
기타,사브,터보-X,4,sedan,,,,Sedan
미국,새턴,뷰,4,suv,,,,Mid-Large suv
미국,새턴,스카이,2,sedan,,,,Coupe
미국,새턴,아스트라,4,sedan,,,,Sedan
미국,새턴,아우라,4,sedan,,,,Sedan
미국,새턴,아웃룩,4,suv,,,,Mid-Large suv
미국,쉐보레,트레일블레이저,4,sedan,,,2020~현재,Small suv
미국,쉐보레,트래버스,4,suv,,2세대,2017~현재,Mid-Large suv
미국,쉐보레,트래버스,4,suv,,1세대,2008~2017,Mid-Large suv
미국,쉐보레,C/K 1500,4,suv,,,,Mid-Large suv
미국,쉐보레,HHR,4,suv,,,,Mid-Large suv
미국,쉐보레,S10 픽업,4,suv,,,,Mid-Large suv
미국,쉐보레,SSR,2,sedan,,,,Coupe
미국,쉐보레,블레이저,4,suv,,,,Mid-Large suv
미국,쉐보레,서버번,4,suv,,,,Mid-Large suv
미국,쉐보레,실버라도 픽업,4,suv,,,,Mid-Large suv
미국,쉐보레,아발란치,4,suv,,,,Mid-Large suv
미국,쉐보레,아스트로밴,6,van,,,,van
미국,쉐보레,올란도,4,sedan,,,,Small suv
미국,쉐보레,익스프레스밴,6,van,,,,van
미국,쉐보레,임팔라,4,sedan,,,,Sedan
미국,쉐보레,체비밴,6,van,,,,van
미국,쉐보레,카마로,2,sedan,,,,Coupe
미국,쉐보레,캠핑카,6,van,,,,van
미국,쉐보레,캡티바,4,suv,,,,Mid-Large suv
미국,쉐보레,콜벳,2,sedan,,,,Coupe
미국,쉐보레,타호,4,suv,,,,Mid-Large suv
미국,쉐보레,콜로라도,4,suv,,,,Mid-Large suv
독일,스마트,포투,2,sedan,,,,Coupe
일본,스바루,레거시,4,sedan,,,,Sedan
일본,스바루,아웃백,4,suv,,,,Mid-Large suv
일본,스바루,임프레자,4,sedan,,,,Sedan
일본,스바루,포레스터,4,suv,,,,Mid-Large suv
일본,스즈키,그랜드 비타라,4,suv,,,,Mid-Large suv
일본,스즈키,사이드킥,4,suv,,,,Mid-Large suv
일본,스즈키,솔리오,4,sedan,,,,Sedan
일본,스즈키,스위프트,4,sedan,,,,Sedan
일본,스즈키,스페시아,4,sedan,,,,Sedan
일본,스즈키,알토,4,sedan,,,,Sedan
일본,스즈키,알토 라팡,4,sedan,,,,Sedan
일본,스즈키,왜건 R,4,sedan,,,,Sedan
일본,스즈키,이퀘이터,4,suv,,,,Mid-Large suv
일본,스즈키,짐니,4,sedan,,,,Small suv
일본,스즈키,카푸치노,2,sedan,,,,Coupe
일본,스즈키,케이,4,sedan,,,,Small suv
일본,스즈키,허슬러,4,sedan,,,,Small suv
기타,시트로엥,C4,4,sedan,New,,2020~현재,Small suv
기타,시트로엥,C4 칵투스,4,sedan,,,,Small suv
기타,시트로엥,C3 에어크로스,4,sedan,,,,Small suv
기타,시트로엥,C5 에어크로스,4,suv,,,,Mid-Large suv
기타,시트로엥,C4 피카소,6,van,,,,van
기타,시트로엥,그랜드 C4 피카소,6,van,,,,van
기타,시트로엥,그랜드 C4 스페이스투어러,6,van,,,2019~현재,van
기타,시트로엥,DS3,4,sedan,,,,Sedan
기타,시트로엥,DS4,4,sedan,,,,Sedan
기타,시트로엥,DS5,4,sedan,,,,Sedan
기타,시트로엥,DS7,4,suv,,,,Mid-Large suv
독일,아우디,A1,4,sedan,,,,Sedan
독일,아우디,A1,4,sedan,,GB,2020~현재,Sedan
독일,아우디,A1,4,sedan,스포트백(4도어),8X,2015~2016,Sedan
독일,아우디,A1,2,sedan,2(2도어),8X,2015~2016,Coupe
독일,아우디,A3,4,sedan,,,,Sedan
독일,아우디,A3,4,sedan,F/L,8V,2016~현재,Sedan
독일,아우디,A3,4,sedan,,8V,2012~2016,Sedan
독일,아우디,A3,4,sedan,,8P,2003~2012,Sedan
독일,아우디,A3,4,sedan,,8L,1996~2003,Sedan
독일,아우디,A4,4,sedan,,,,Sedan
독일,아우디,A4,4,sedan,,B9,2015~현재,Sedan
독일,아우디,A4,4,sedan,,B8,2008~2015,Sedan
독일,아우디,A4,4,sedan,,B7,2005~2008,Sedan
독일,아우디,A4,4,sedan,,B6,2001~2005,Sedan
독일,아우디,A4,4,sedan,,B5,1994~2001,Sedan
독일,아우디,A5,4,sedan,스포트백(4도어),8W6,2016~현재,Sedan
독일,아우디,A5,2,sedan,카브리올레,8W6,2016~현재,Coupe
독일,아우디,A5,2,sedan,쿠페,8W6,2016~현재,Coupe
독일,아우디,A5,4,sedan,스포트백(4도어),,2009~2016,Sedan
독일,아우디,A5,2,sedan,컨버터블,,2009~2016,Coupe
독일,아우디,A5,2,sedan,쿠페,,2009~2016,Coupe
독일,아우디,A6,4,sedan,,,,Sedan
독일,아우디,A6,4,sedan,더 뉴,C8,2019~현재,Sedan
독일,아우디,A6,4,sedan,F/L,C7,2015~2018,Sedan
독일,아우디,A6,4,sedan,,C7,2011~2014,Sedan
독일,아우디,A6,4,sedan,,C6,2004~2010,Sedan
독일,아우디,A6,4,sedan,,C5,1997~2003,Sedan
독일,아우디,A6,4,sedan,,C4,1994~1996,Sedan
독일,아우디,A7,4,sedan,,,,Sedan
독일,아우디,A7,4,sedan,,4K8,2019~현재,Sedan
독일,아우디,A7,4,sedan,더 뉴,4G8,2015~2018,Sedan
독일,아우디,A7,4,sedan,,4G8,2011~2014,Sedan
독일,아우디,A8,4,sedan,,D5,2019~현재,Sedan
독일,아우디,A8,4,sedan,,D4/4H,2014~2019,Sedan
독일,아우디,A8,4,sedan,,D4/4H,2010~2014,Sedan
독일,아우디,A8,4,sedan,,D3/4E,2003~2010,Sedan
독일,아우디,A8,4,sedan,,D2/4D,1994~2003,Sedan
독일,아우디,Q2,4,sedan,,,,Small suv
독일,아우디,Q3,4,suv,,,,Mid-Large suv
독일,아우디,Q3,4,suv,,F3,2020~현재,Mid-Large suv
독일,아우디,Q3,4,suv,,8U,2015~2016,Mid-Large suv
독일,아우디,Q3,4,suv,,8U,2012~2015,Mid-Large suv
독일,아우디,Q5,4,suv,,,,Mid-Large suv
독일,아우디,Q5,4,suv,,FY,2017~현재,Mid-Large suv
독일,아우디,Q5,4,suv,,8R,2008~2017,Mid-Large suv
독일,아우디,Q7,4,suv,,,,Mid-Large suv
독일,아우디,Q8,4,suv,,,2019~현재,Mid-Large suv
독일,아우디,R8,2,sedan,,,,Coupe
독일,아우디,RS3,4,sedan,,,,Sedan
독일,아우디,RS4,4,sedan,,,,Sedan
독일,아우디,RS5,2,sedan,,,,coupe
독일,아우디,RS5,4,sedan,스포트백(4도어),,,Sedan
독일,아우디,RS6,4,sedan,,,,Sedan
독일,아우디,RS7,4,sedan,,,,Sedan
독일,아우디,S3,4,sedan,,,,Sedan
독일,아우디,S4,4,sedan,,,,Sedan
독일,아우디,S5,4,sedan,,,,Sedan
독일,아우디,S6,4,sedan,,,,Sedan
독일,아우디,S7,4,sedan,,,,Sedan
독일,아우디,S8,4,sedan,,,,Sedan
독일,아우디,SQ,4,suv,,,,Mid-Large suv
독일,아우디,TT,4,sedan,,,,Sedan
독일,아우디,올로드콰트로,4,suv,,,,Mid-Large suv
독일,아우디,E-tron,4,suv,,,,Mid-Large suv
일본,아큐라,CL,2,sedan,,,,Coupe
일본,아큐라,MDX,4,suv,,,,Mid-Large suv
일본,아큐라,RDX,4,suv,,,,Mid-Large suv
일본,아큐라,RL,4,sedan,,,,Sedan
일본,아큐라,RSX,2,sedan,,,,Coupe
일본,아큐라,TL,4,sedan,,,,Sedan
일본,아큐라,TSX,4,sedan,,,,Sedan
일본,아큐라,ZDX,4,sedan,,,,Small suv
일본,아큐라,인테그라,2,sedan,,,,Coupe
기타,알파로메오,147,4,sedan,,,,Sedan
기타,알파로메오,156,4,sedan,,,,Sedan
기타,알파로메오,159,4,sedan,,,,Sedan
기타,알파로메오,164,4,sedan,,,,Sedan
기타,알파로메오,166,4,sedan,,,,Sedan
기타,알파로메오,156GTA,4,sedan,,,,Sedan
기타,알파로메오,4C,2,sedan,,,,Coupe
기타,알파로메오,GT,2,sedan,,,,Coupe
기타,알파로메오,GTV,2,sedan,,,,Coupe
기타,알파로메오,미토,2,sedan,,,,Coupe
기타,알파로메오,브레라,2,sedan,,,,Coupe
기타,알파로메오,스파이더,2,sedan,,,,Coupe
기타,알파로메오,줄리에타,4,sedan,,,,Sedan
기타,애스턴마틴,DB,2,sedan,,,,Coupe
기타,애스턴마틴,DBX,4,suv,,,2020~현재,Mid-Large suv
기타,애스턴마틴,라피드,4,sedan,,,,Sedan
기타,애스턴마틴,밴티지,2,sedan,,,,Coupe
기타,애스턴마틴,뱅퀴시,2,sedan,,,,Coupe
기타,오스틴,FX,4,sedan,,,,Sedan
기타,오스틴,미니,4,sedan,,,,Sedan
독일,오펠,벡트라,4,sedan,,,,Sedan
독일,오펠,비타,4,sedan,,,,Sedan
독일,오펠,스피드스터,2,sedan,,,,Coupe
독일,오펠,아스트라,4,sedan,,,,Sedan
독일,오펠,오메가,4,sedan,,,,Sedan
독일,오펠,카데트,4,sedan,,,,Sedan
독일,오펠,코르사,4,sedan,,,,Sedan
독일,오펠,티그라,2,sedan,,,,Coupe
미국,올즈모빌,88LSS,4,sedan,,,,Sedan
미국,올즈모빌,실루엣,6,van,,,,van
미국,올즈모빌,오로라,4,sedan,,,,Sedan
기타,웨스트필드,슈퍼세븐,2,sedan,,,,Coupe
일본,이스즈,로데오,4,suv,,,,Mid-Large suv
일본,이스즈,뮤,4,suv,,,,Mid-Large suv
일본,이스즈,V크로스,4,suv,,,,Mid-Large suv
일본,인피니티,EX,4,suv,,,,Mid-Large suv
일본,인피니티,FX,4,suv,,,,Mid-Large suv
일본,인피니티,G 시리즈,4,sedan,,,,Sedan
일본,인피니티,G 컨버터블,2,sedan,,,,Coupe
일본,인피니티,G 쿠페,2,sedan,,,,Coupe
일본,인피니티,i,4,sedan,,,,Sedan
일본,인피니티,JX,4,suv,,,,Mid-Large suv
일본,인피니티,M 시리즈,4,sedan,,,,Sedan
일본,인피니티,Q 시리즈,4,sedan,,,,Sedan
일본,인피니티,Q 컨버터블,2,sedan,,,,Coupe
일본,인피니티,QX,4,suv,,,,Mid-Large suv
기타,재규어,E페이스,4,sedan,,,,Small suv
기타,재규어,F타입,2,sedan,,,,Coupe
기타,재규어,F페이스,4,suv,,,,Mid-Large suv
기타,재규어,I페이스,4,suv,,,,Mid-Large suv
기타,재규어,S타입,4,sedan,,,,Sedan
기타,재규어,XE,4,sedan,,,,Sedan
기타,재규어,XF,4,sedan,,,,Sedan
기타,재규어,XJ,4,sedan,,,,Sedan
기타,재규어,XJ6,4,sedan,,,,Sedan
기타,재규어,XJR,4,sedan,,,,Sedan
기타,재규어,XJS,4,sedan,,,,Sedan
기타,재규어,XK,2,sedan,,,,Coupe
기타,재규어,XKR,2,sedan,,,,Coupe
기타,재규어,X타입,4,sedan,,,,Sedan
미국,지프,그랜드 체로키,4,suv,,,,Mid-Large suv
미국,지프,랭글러,4,suv,,,,Mid-Large suv
미국,지프,레니게이드,4,sedan,,,,Small suv
미국,지프,루비콘,4,suv,,,,Mid-Large suv
미국,지프,사하라,4,suv,,,,Mid-Large suv
미국,지프,리버티,4,suv,,,,Mid-Large suv
미국,지프,체로키,4,suv,,,,Mid-Large suv
미국,지프,커맨더,4,suv,,,,Mid-Large suv
미국,지프,컴패스,4,suv,,,,Mid-Large suv
미국,지프,글라디에이터,4,suv,,JT,2020~현재,Mid-Large suv
미국,지프,패트리어트,4,sedan,,,,Small suv
미국,캐딜락,ATS,4,sedan,,,,Sedan
미국,캐딜락,BLS,4,sedan,,,,Sedan
미국,캐딜락,CT6,4,sedan,,,,Sedan
미국,캐딜락,CT5,4,sedan,,,,Sedan
미국,캐딜락,CT4,4,sedan,,,2019~현재,Sedan
미국,캐딜락,CTS,4,sedan,,,,Sedan
미국,캐딜락,CTS 쿠페,4,sedan,,,,Sedan
미국,캐딜락,CTS-Sport 왜건,4,sedan,,,,Sedan
미국,캐딜락,DTS,4,sedan,,,,Sedan
미국,캐딜락,SRX,4,suv,,,,Mid-Large suv
미국,캐딜락,STS,4,sedan,,,,Sedan
미국,캐딜락,XLR,2,sedan,,,,Coupe
미국,캐딜락,XT6,4,suv,,,,Mid-Large suv
미국,캐딜락,XT5,4,suv,,,,Mid-Large suv
미국,캐딜락,드빌,4,sedan,,,,Sedan
미국,캐딜락,에스컬레이드,4,suv,,,,Mid-Large suv
미국,캐딜락,엘도라도,2,sedan,,,,Coupe
미국,캐딜락,플리트우드,4,sedan,,,,Sedan
기타,코닉세크,JESKO,2,sedan,,,,Coupe
기타,코닉세크,REGERA,2,sedan,,,,Coupe
기타,코닉세크,CCR,2,sedan,,,,Coupe
기타,코닉세크,CCX,2,sedan,,,,Coupe
기타,코닉세크,CCXR,2,sedan,,,,Coupe
미국,크라이슬러,200,4,sedan,,,,Sedan
미국,크라이슬러,300C,4,sedan,,,,Sedan
미국,크라이슬러,300M,4,sedan,,,,Sedan
미국,크라이슬러,LHS,4,sedan,,,,Sedan
미국,크라이슬러,PT크루저,4,sedan,,,,Sedan
미국,크라이슬러,보이저,6,van,,,,van
미국,크라이슬러,비전,4,sedan,,,,Sedan
미국,크라이슬러,세브링,4,sedan,,,,Sedan
미국,크라이슬러,스트라투스,4,sedan,,,,Sedan
미국,크라이슬러,캐러밴,6,van,,,,van
미국,크라이슬러,크로스파이어,2,sedan,,,,Coupe
미국,크라이슬러,퍼시피카,4,suv,,,,Mid-Large suv
미국,크라이슬러,프라울러,2,sedan,,,,Coupe
미국,테슬라,모델 3,4,sedan,,,2019~현재,Sedan
미국,테슬라,모델 S,4,sedan,,,2013~현재,Sedan
미국,테슬라,모델 X,4,suv,,,2017~현재,Mid-Large suv
미국,테슬라,모델 Y,4,suv,,,2020~현재,Mid-Large suv
미국,테슬라,사이버트럭,4,tworowtruck,,,2021~출시예정,Two row truck
일본,토요타,4러너,4,suv,,,,Mid-Large suv
일본,토요타,bB,4,sedan,,,,Small suv
일본,토요타,C-HR,2,sedan,,,,Coupe
일본,토요타,FJ크루져,4,suv,,,,Mid-Large suv
일본,토요타,IQ,4,sedan,,,,Sedan
일본,토요타,MR,2,sedan,,,,Coupe
일본,토요타,RAV4,4,suv,,,,Mid-Large suv
일본,토요타,노아,6,van,,,,van
일본,토요타,도요타86,2,sedan,,,,Coupe
일본,토요타,랜드크루져,4,suv,,,,Mid-Large suv
일본,토요타,마크X,4,sedan,,,,Sedan
일본,토요타,매트릭스,4,sedan,,,,Sedan
일본,토요타,벤자,4,suv,,,,Mid-Large suv
일본,토요타,벨파이어,6,van,,,,van
일본,토요타,복시,6,van,,,,van
일본,토요타,세라,2,sedan,,,,Coupe
일본,토요타,세콰이어,4,suv,,,,Mid-Large suv
일본,토요타,센츄리,4,sedan,,,,Sedan
일본,토요타,셀리카,2,sedan,,,,Coupe
일본,토요타,셀시오,4,sedan,,,,Sedan
일본,토요타,소아라,2,sedan,,,,Coupe
일본,토요타,솔라라,2,sedan,,,,Coupe
일본,토요타,수프라,2,sedan,,,,Coupe
일본,토요타,스프린터,2,sedan,,,,Coupe
일본,토요타,시에나,6,van,,,,van
일본,토요타,아발론,4,sedan,,,,Sedan
일본,토요타,아이고,4,sedan,,,,Sedan
일본,토요타,알테자,4,sedan,,,,Sedan
일본,토요타,알파드,6,van,,,,van
일본,토요타,야리스(비츠),4,sedan,,,,Sedan
일본,토요타,위시,4,sedan,,,,Small suv
일본,토요타,윌,4,sedan,,,,Sedan
일본,토요타,입섬,4,sedan,,,,Small suv
일본,토요타,캠리,4,sedan,,,,Sedan
일본,토요타,코롤라,4,sedan,,,,Sedan
일본,토요타,크라운,4,sedan,,,,Sedan
일본,토요타,타코마 픽업,4,suv,,,,Mid-Large suv
일본,토요타,툰드라,4,suv,,,,Mid-Large suv
일본,토요타,펀 카르고,4,sedan,,,,Small suv
일본,토요타,포르테,4,sedan,,,,Sedan
일본,토요타,프리우스,4,sedan,,,,Sedan
일본,토요타,프리우스C,4,sedan,,,,Sedan
일본,토요타,하이랜더,4,suv,,,,Mid-Large suv
일본,토요타,하이럭스,4,suv,,,,Mid-Large suv
일본,토요타,해리어,4,suv,,,,Mid-Large suv
기타,파가니,존다,2,sedan,,,,Coupe
기타,파가니,후에이라,2,sedan,,,,Coupe
기타,페라리,308,2,sedan,,,,Coupe
기타,페라리,348,2,sedan,,,,Coupe
기타,페라리,360,2,sedan,,,,Coupe
기타,페라리,456,2,sedan,,,,Coupe
기타,페라리,458,2,sedan,,,,Coupe
기타,페라리,488,2,sedan,,,,Coupe
기타,페라리,550,2,sedan,,,,Coupe
기타,페라리,599,2,sedan,,,,Coupe
기타,페라리,612,2,sedan,,,,Coupe
기타,페라리,250 GTO,2,sedan,,,,Coupe
기타,페라리,512M,2,sedan,,,,Coupe
기타,페라리,512TR,2,sedan,,,,Coupe
기타,페라리,575M,2,sedan,,,,Coupe
기타,페라리,812 슈퍼패스트,2,sedan,,,,Coupe
기타,페라리,812 GTS,2,sedan,,,,Coupe
기타,페라리,F12 베를리네타,2,sedan,,,,Coupe
기타,페라리,F355,2,sedan,,,,Coupe
기타,페라리,F40,2,sedan,,,,Coupe
기타,페라리,F430,2,sedan,,,,Coupe
기타,페라리,FF,2,sedan,,,,Coupe
기타,페라리,GTC4 루쏘,2,sedan,,,,Coupe
기타,페라리,엔초,2,sedan,,,,Coupe
기타,페라리,캘리포니아,2,sedan,,,,Coupe
기타,페라리,포르토피노,2,sedan,,,,Coupe
기타,페라리,로마,2,sedan,,,,Coupe
기타,페라리,SF90 스트라달레,2,sedan,,,,Coupe
미국,포드,E-시리즈,6,van,,,,van
미국,포드,F-시리즈,4,suv,,,,Mid-Large suv
미국,포드,GT,2,sedan,,,,Coupe
미국,포드,S-MAX,6,van,,,,van
미국,포드,레인져,4,suv,,,,Mid-Large suv
미국,포드,머스탱,2,sedan,,,,Coupe
미국,포드,몬데오,4,sedan,,,,Sedan
미국,포드,브롱코,4,suv,,,,Mid-Large suv
미국,포드,스포츠트랙,4,suv,,,,Mid-Large suv
미국,포드,썬더버드,2,sedan,,,,Coupe
미국,포드,윈드스타,6,van,,,,van
미국,포드,이스케이프,4,sedan,,,,Small suv
미국,포드,익스플로러,4,suv,All New,,2019~현재,Mid-Large suv
미국,포드,익스플로러,4,suv,5세대 F/L,,2015~2019,Mid-Large suv
미국,포드,익스플로러,4,suv,5세대,,2011~2015,Mid-Large suv
미국,포드,익스플로러,4,suv,4세대,,2006~2010,Mid-Large suv
미국,포드,쿠가,4,suv,,,,Mid-Large suv
미국,포드,토러스,4,sedan,,,,Sedan
미국,포드,트랜짓,6,van,,,,van
미국,포드,파이브 헌드레드,4,sedan,,,,Sedan
미국,포드,포커스,4,sedan,,,,Sedan
미국,포드,퓨전,4,sedan,,,,Sedan
미국,포드,프리스타일,4,suv,,,,Mid-Large suv
독일,포르쉐,356,2,sedan,,,,Coupe
독일,포르쉐,718,2,sedan,,,,Coupe
독일,포르쉐,911,2,sedan,,,,Coupe
독일,포르쉐,968,2,sedan,,,,Coupe
독일,포르쉐,마칸,4,suv,,,,Mid-Large suv
독일,포르쉐,박스터,2,sedan,,,,Coupe
독일,포르쉐,카레라GT,2,sedan,,,,Coupe
독일,포르쉐,카이맨,2,sedan,,,,Coupe
독일,포르쉐,카이엔,4,suv,쿠페,9Y0,2017~현재,Mid-Large suv
독일,포르쉐,카이엔,4,suv,,9Y0,2017~현재,Mid-Large suv
독일,포르쉐,카이엔,4,suv,,958,2010~2017,Mid-Large suv
독일,포르쉐,카이엔,4,suv,,957,2007~2010,Mid-Large suv
독일,포르쉐,카이엔,4,suv,,955,2002~2006,Mid-Large suv
독일,포르쉐,타이칸,4,sedan,,,2020~현재,Sedan
독일,포르쉐,파나메라,4,sedan,더 뉴,971,2021~출시예정,Sedan
독일,포르쉐,파나메라,4,sedan,,971,2016~현재,Sedan
독일,포르쉐,파나메라,4,sedan,,970,2009~2016,Sedan
기타,포톤,사우바나,4,sedan,,,,Small suv
기타,포톤,툰랜드,4,suv,,,,Mid-Large suv
독일,폭스바겐,티록,4,sedan,,,,Small suv
독일,폭스바겐,CC,4,sedan,,,,Sedan
독일,폭스바겐,골프,4,sedan,,,,Sedan
독일,폭스바겐,비틀,4,sedan,,,,Sedan
독일,폭스바겐,시로코,4,sedan,,,,Sedan
독일,폭스바겐,아테온,4,sedan,,,,Sedan
독일,폭스바겐,이오스,2,sedan,,,,Coupe
독일,폭스바겐,제타,4,sedan,,,,Sedan
독일,폭스바겐,투아렉,4,suv,,,,Mid-Large suv
독일,폭스바겐,티구안,4,suv,,,,Mid-Large suv
독일,폭스바겐,파사트,4,sedan,,,,Sedan
독일,폭스바겐,페이톤,4,sedan,,,,Sedan
독일,폭스바겐,폴로,4,sedan,,,,Sedan
독일,폭스바겐,투란,4,sedan,,,,Small suv
미국,폰티악,그랑프리,4,sedan,,,,Sedan
미국,폰티악,그랜드엠,4,sedan,,,,Sedan
미국,폰티악,솔스티스,2,sedan,,,,Coupe
미국,폰티악,트랜스앰,2,sedan,,,,Coupe
미국,폰티악,파이어버드,2,sedan,,,,Coupe
기타,푸조,107,4,sedan,,,,Sedan
기타,푸조,205,4,sedan,,,,Sedan
기타,푸조,206,4,sedan,,,,Sedan
기타,푸조,207,4,sedan,,,,Sedan
기타,푸조,208,4,sedan,,,,Sedan
기타,푸조,306,4,sedan,,,,Sedan
기타,푸조,307,4,sedan,,,,Sedan
기타,푸조,308,4,sedan,,,,Sedan
기타,푸조,405,4,sedan,,,,Sedan
기타,푸조,406,4,sedan,,,,Sedan
기타,푸조,407,4,sedan,,,,Sedan
기타,푸조,407,4,sedan,,,,Sedan
기타,푸조,505,4,sedan,,,,Sedan
기타,푸조,508,4,sedan,뉴,,2019~현재,Sedan
기타,푸조,508,4,sedan,F/L,,2014~2018,Sedan
기타,푸조,508,4,sedan,,,2011~2014,Sedan
기타,푸조,604,4,sedan,,,,Sedan
기타,푸조,605,4,sedan,,,,Sedan
기타,푸조,607,4,sedan,,,,Sedan
기타,푸조,806,4,sedan,,,,Sedan
기타,푸조,807,4,sedan,,,,Sedan
기타,푸조,1007,4,sedan,,,,Sedan
기타,푸조,2008,4,sedan,,,,Small suv
기타,푸조,3008,4,sedan,,,,Small suv
기타,푸조,5008,4,sedan,,,,Small suv
기타,푸조,207CC,4,sedan,,,,Sedan
기타,푸조,307SW,4,sedan,,,,Small suv
기타,푸조,308 5도어 308CC,4,sedan,,,,Sedan
기타,푸조,308SW,4,sedan,,,,Small suv
기타,푸조,508SW,4,sedan,,,,Small suv
기타,푸조,RCZ,2,sedan,,,,Coupe
기타,푸조,익스퍼트,6,van,,,,van
기타,푸조,파트너,6,van,,,,van
미국,피스커,라티고 CS,2,sedan,,,,Coupe
미국,피스커,트리몬트,4,sedan,,,,Sedan
기타,피아트,124,4,sedan,,,,Sedan
기타,피아트,500,4,sedan,,,,Sedan
기타,피아트,600,4,sedan,,,,Sedan
기타,피아트,500X,4,sedan,,,,Small suv
기타,피아트,바르게타,2,sedan,,,,Coupe
기타,피아트,쿠페,2,sedan,,,,Coupe
기타,피아트,크로마,4,sedan,,,,Small suv
기타,피아트,판다 4x4,4,sedan,,,,Small suv
기타,피아트,푼토,4,sedan,,,,Sedan
기타,피아트,프리몬트,4,suv,,,,Mid-Large suv
미국,허머,H1,4,suv,,,,Mid-Large suv
미국,허머,H2,4,suv,,,,Mid-Large suv
미국,허머,H3,4,suv,,,,Mid-Large suv
일본,혼다,CR-V,4,sedan,,,,Small suv
일본,혼다,CR-X,2,sedan,,,,Coupe
일본,혼다,CR-Z,2,sedan,,,,Coupe
일본,혼다,FR-V,6,van,,,,van
일본,혼다,HR-V,4,sedan,,,,Sedan
일본,혼다,N-BOX,4,sedan,,,,Sedan
일본,혼다,N-ONE,4,sedan,,,,Sedan
일본,혼다,NSX,2,sedan,,,,Coupe
일본,혼다,S2000,2,sedan,,,,Coupe
일본,혼다,S660,2,sedan,,,,Coupe
일본,혼다,댓츠,4,sedan,,,,Sedan
일본,혼다,레전드,4,sedan,,,,Sedan
일본,혼다,리지라인,4,suv,,,,Mid-Large suv
일본,혼다,비트,2,sedan,,,,Coupe
일본,혼다,시빅,4,sedan,,,,Sedan
일본,혼다,시빅 쿠페,2,sedan,,,,Coupe
일본,혼다,어코드,4,sedan,,,,Sedan
일본,혼다,엘리먼트,4,suv,,,,Mid-Large suv
일본,혼다,오딧세이,6,van,,,,van
일본,혼다,인사이트,4,sedan,,,,Sedan
일본,혼다,인테그라,2,sedan,,,,Coupe
일본,혼다,크로스로드,4,suv,,,,Mid-Large suv
일본,혼다,크로스투어,4,suv,,,,Mid-Large suv
일본,혼다,파일럿,4,suv,,,,Mid-Large suv
일본,혼다,프렐류드,2,sedan,,,,Coupe
기타,홀덴,스테이츠맨,4,sedan,,,,Sedan
기타,홀덴,에피카,4,sedan,,,,Sedan
기타,홀덴,카프라이스,4,sedan,,,,Sedan
기타,홀덴,칼라이스,4,sedan,,,,Sedan
기타,홀덴,캡티바,4,suv,,,,Mid-Large suv
기타,홀덴,코모도어,4,sedan,,,,Sedan
기타,홀덴,콜로라도,4,suv,,,,Mid-Large suv
기타,홀덴,콤보,4,sedan,,,,Sedan
기타,홀덴,크루즈,4,sedan,,,,Sedan
기타,동풍소콘,펜곤 ix5,4,suv,,,2019~현재,Mid-Large suv
기타,동풍소콘,C31,2,onerowtruck,,,2019~현재,One row truck
기타,동풍소콘,C32,4,tworowtruck,,,2019~현재,Two row truck
기타,동풍소콘,C35,6,van,,,2019~현재,van