원산지,제조사,모델
대한민국,현대,i30
대한민국,현대,i40
대한민국,현대,갤로퍼
대한민국,현대,그랜저
대한민국,현대,그레이스
대한민국,현대,넥쏘
대한민국,현대,다이너스티
대한민국,현대,라비타
대한민국,현대,맥스크루즈
대한민국,현대,베뉴
대한민국,현대,베라크루즈
대한민국,현대,베르나
대한민국,현대,벨로스터
대한민국,현대,스쿠프
대한민국,현대,스타렉스
대한민국,현대,싼타모
대한민국,현대,싼타페
대한민국,현대,쏘나타
대한민국,현대,쏠라티
대한민국,현대,아반떼
대한민국,현대,아슬란
대한민국,현대,아이오닉
대한민국,현대,아토즈
대한민국,현대,에쿠스
대한민국,현대,엑센트
대한민국,현대,제네시스
대한민국,현대,제네시스 쿠페
대한민국,현대,코나
대한민국,현대,클릭
대한민국,현대,테라칸
대한민국,현대,투스카니
대한민국,현대,투싼
대한민국,현대,트라제XG
대한민국,현대,티뷰론
대한민국,현대,팰리세이드
대한민국,제네시스,EQ900
대한민국,제네시스,G70
대한민국,제네시스,G80
대한민국,제네시스,G90
대한민국,제네시스,GV70
대한민국,제네시스,GV80
대한민국,기아,K3
대한민국,기아,K3 GT
대한민국,기아,K3 쿱
대한민국,기아,K5
대한민국,기아,K7
대한민국,기아,K9
대한민국,기아,니로
대한민국,기아,레이
대한민국,기아,로체
대한민국,기아,리오
대한민국,기아,모닝
대한민국,기아,모하비
대한민국,기아,봉고버스
대한민국,기아,셀토스
대한민국,기아,스토닉
대한민국,기아,스팅어
대한민국,기아,스포티지
대한민국,기아,쎄라토
대한민국,기아,쏘렌토
대한민국,기아,쏘울
대한민국,기아,엘란
대한민국,기아,오피러스
대한민국,기아,옵티마
대한민국,기아,카니발
대한민국,기아,카렌스
대한민국,기아,텔루라이드
대한민국,기아,포르테
대한민국,기아,포르테 쿱
대한민국,기아,프라이드
대한민국,쉐보레/한국GM,C/K 1500
대한민국,쉐보레/한국GM,HHR
대한민국,쉐보레/한국GM,S10 픽업
대한민국,쉐보레/한국GM,SSR
대한민국,쉐보레/한국GM,라세티
대한민국,쉐보레/한국GM,마티즈
대한민국,쉐보레/한국GM,말리부
대한민국,쉐보레/한국GM,매그너스
대한민국,쉐보레/한국GM,베리타스
대한민국,쉐보레/한국GM,볼트
대한민국,쉐보레/한국GM,블레이저
대한민국,쉐보레/한국GM,서버번
대한민국,쉐보레/한국GM,스파크
대한민국,쉐보레/한국GM,실버라도 픽업
대한민국,쉐보레/한국GM,아발란치
대한민국,쉐보레/한국GM,아베오
대한민국,쉐보레/한국GM,아스트로밴
대한민국,쉐보레/한국GM,아카디아
대한민국,쉐보레/한국GM,알페온
대한민국,쉐보레/한국GM,올란도
대한민국,쉐보레/한국GM,윈스톰
대한민국,쉐보레/한국GM,이쿼녹스
대한민국,쉐보레/한국GM,익스프레스밴
대한민국,쉐보레/한국GM,임팔라
대한민국,쉐보레/한국GM,젠트라
대한민국,쉐보레/한국GM,체비밴
대한민국,쉐보레/한국GM,카마로
대한민국,쉐보레/한국GM,캠핑카
대한민국,쉐보레/한국GM,캠티바
대한민국,쉐보레/한국GM,콜로라도
대한민국,쉐보레/한국GM,콜벳
대한민국,쉐보레/한국GM,크루즈
대한민국,쉐보레/한국GM,타호
대한민국,쉐보레/한국GM,토스카
대한민국,쉐보레/한국GM,트래버스
대한민국,쉐보레/한국GM,트랙스
대한민국,쉐보레/한국GM,트레일블레이저
대한민국,르노삼성,QM3
대한민국,르노삼성,QM5
대한민국,르노삼성,QM6
대한민국,르노삼성,SM3
대한민국,르노삼성,SM5
대한민국,르노삼성,SM6
대한민국,르노삼성,SM7
대한민국,르노삼성,XM3
대한민국,르노삼성,마스터
대한민국,르노삼성,캡처
대한민국,르노삼성,클리오
대한민국,르노삼성,트위지
대한민국,쌍용,렉스턴
대한민국,쌍용,렉스턴 스포츠
대한민국,쌍용,로디우스
대한민국,쌍용,무쏘
대한민국,쌍용,무쏘 밴
대한민국,쌍용,무쏘 스포츠
대한민국,쌍용,액티언
대한민국,쌍용,액티언 스포츠
대한민국,쌍용,체어맨
대한민국,쌍용,카이런
대한민국,쌍용,칼리스타
대한민국,쌍용,코란도
대한민국,쌍용,코란도 스포츠
대한민국,쌍용,코란도 투리스모
대한민국,쌍용,티볼리
대한민국,어울림모터스,뱅가리
대한민국,어울림모터스,스피라
대한민국,어울림모터스,크레지티
독일,BMW,1 시리즈
독일,BMW,2 시리즈
독일,BMW,3 시리즈
독일,BMW,3 시리즈 GT
독일,BMW,4 시리즈
독일,BMW,5 시리즈
독일,BMW,5 시리즈 GT
독일,BMW,6 시리즈
독일,BMW,6 시리즈 GT
독일,BMW,7 시리즈
독일,BMW,8 시리즈
독일,BMW,M1
독일,BMW,M2
독일,BMW,M3
독일,BMW,M4
독일,BMW,M5
독일,BMW,M6
독일,BMW,M8
독일,BMW,X1
독일,BMW,X2
독일,BMW,X3
독일,BMW,X4
독일,BMW,X4 M
독일,BMW,X5
독일,BMW,X5 M
독일,BMW,X6
독일,BMW,X6 M
독일,BMW,X7
독일,BMW,Z1
독일,BMW,Z3
독일,BMW,Z4
독일,BMW,Z4 M
독일,BMW,Z8
독일,BMW,i3
독일,BMW,i8
독일,벤츠,A-클래스
독일,벤츠,B-클래스
독일,벤츠,C-클래스
독일,벤츠,CL-클래스
독일,벤츠,CLA-클래스
독일,벤츠,CLK-클래스
독일,벤츠,CLS-클래스
독일,벤츠,E-클래스
독일,벤츠,EQC-클래스
독일,벤츠,G-클래스
독일,벤츠,GL-클래스
독일,벤츠,GLA-클래스
독일,벤츠,GLB-클래스
독일,벤츠,GLC-클래스
독일,벤츠,GLE-클래스
독일,벤츠,GLK-클래스
독일,벤츠,GLS-클래스
독일,벤츠,GT-클래스
독일,벤츠,M-클래스
독일,벤츠,R-클래스
독일,벤츠,S-클래스
독일,벤츠,SL-클래스
독일,벤츠,SLC-클래스
독일,벤츠,SLK-클래스
독일,벤츠,SLR
독일,벤츠,SLS AMG
독일,벤츠,V-클래스
독일,벤츠,마이바흐
독일,벤츠,스프린터
독일,비이스만,GT
독일,비이스만,로드스터
독일,스마트,포투
독일,아우디,A1
독일,아우디,A3
독일,아우디,A4
독일,아우디,A5
독일,아우디,A6
독일,아우디,A7
독일,아우디,A8
독일,아우디,E-tron
독일,아우디,Q2
독일,아우디,Q3
독일,아우디,Q5
독일,아우디,Q7
독일,아우디,Q8
독일,아우디,R8
독일,아우디,RS3
독일,아우디,RS4
독일,아우디,RS5
독일,아우디,RS6
독일,아우디,RS7
독일,아우디,S3
독일,아우디,S4
독일,아우디,S5
독일,아우디,S6
독일,아우디,S7
독일,아우디,S8
독일,아우디,SQ
독일,아우디,TT
독일,아우디,올로드콰트로
독일,오펠,벡트라
독일,오펠,비타
독일,오펠,스피드스터
독일,오펠,아스트라
독일,오펠,오메가
독일,오펠,카데트
독일,오펠,코르사
독일,오펠,티그라
독일,포르쉐,356
독일,포르쉐,718
독일,포르쉐,911
독일,포르쉐,968
독일,포르쉐,마칸
독일,포르쉐,박스터
독일,포르쉐,카레라GT
독일,포르쉐,카이맨
독일,포르쉐,카이엔
독일,포르쉐,파나메라
독일,폭스바겐,CC
독일,폭스바겐,골프
독일,폭스바겐,비틀
독일,폭스바겐,시로코
독일,폭스바겐,아테온
독일,폭스바겐,이오스
독일,폭스바겐,제타
독일,폭스바겐,투란
독일,폭스바겐,투아렉
독일,폭스바겐,티구안
독일,폭스바겐,티록
독일,폭스바겐,파사트
독일,폭스바겐,페이톤
독일,폭스바겐,폴로
미국,GMC,벤츄라
미국,GMC,사바나밴
미국,GMC,사파리
미국,GMC,유콘
미국,GMC,픽업
미국,닷지,그랜드 캐러밴
미국,닷지,니트로
미국,닷지,다코타
미국,닷지,듀랑고
미국,닷지,램 밴
미국,닷지,램 픽업
미국,닷지,매그넘
미국,닷지,바이퍼
미국,닷지,차저
미국,닷지,챌린저
미국,닷지,캘리버
미국,링컨,LS
미국,링컨,MKC
미국,링컨,MKS
미국,링컨,MKT
미국,링컨,MKX
미국,링컨,MKZ
미국,링컨,네비게이터
미국,링컨,노틸러스
미국,링컨,에비에이터
미국,링컨,컨티넨탈
미국,링컨,코세어
미국,링컨,타운카
미국,머큐리,그랜드마퀴스
미국,머큐리,마리너
미국,머큐리,마운티니어
미국,머큐리,몬테고
미국,머큐리,미스틱
미국,머큐리,밀란
미국,머큐리,빌리저
미국,머큐리,세이블
미국,뷰익,르사블
미국,뷰익,리갈
미국,뷰익,리비에라
미국,뷰익,센츄리
미국,뷰익,스카이락
미국,뷰익,엔클라브
미국,뷰익,파크애비뉴
미국,새턴,뷰
미국,새턴,스카이
미국,새턴,아스트라
미국,새턴,아우라
미국,새턴,아웃룩
미국,쉐보레,C/K 1500
미국,쉐보레,HHR
미국,쉐보레,S10 픽업
미국,쉐보레,SSR
미국,쉐보레,라세티
미국,쉐보레,마티즈
미국,쉐보레,말리부
미국,쉐보레,매그너스
미국,쉐보레,베리타스
미국,쉐보레,볼트
미국,쉐보레,블레이저
미국,쉐보레,서버번
미국,쉐보레,스파크
미국,쉐보레,실버라도 픽업
미국,쉐보레,아발란치
미국,쉐보레,아베오
미국,쉐보레,아스트로밴
미국,쉐보레,아카디아
미국,쉐보레,알페온
미국,쉐보레,올란도
미국,쉐보레,윈스톰
미국,쉐보레,이쿼녹스
미국,쉐보레,익스프레스밴
미국,쉐보레,임팔라
미국,쉐보레,젠트라
미국,쉐보레,체비밴
미국,쉐보레,카마로
미국,쉐보레,캠핑카
미국,쉐보레,캡티바
미국,쉐보레,콜로라도
미국,쉐보레,콜벳
미국,쉐보레,크루즈
미국,쉐보레,타호
미국,쉐보레,토스카
미국,쉐보레,트래버스
미국,쉐보레,트랙스
미국,쉐보레,트레일블레이저
미국,올즈모빌,88LSS
미국,올즈모빌,실루엣
미국,올즈모빌,오로라
미국,지프,랭글러
미국,지프,레니게이드
미국,지프,루비콘
미국,지프,리버티
미국,지프,사하라
미국,지프,체로키
미국,지프,커맨더
미국,지프,컴패스
미국,지프,패트리어트
미국,캐딜락,ATS
미국,캐딜락,BLS
미국,캐딜락,CT6
미국,캐딜락,CTS
미국,캐딜락,CTS 쿠페
미국,캐딜락,CTS-Sport 왜건
미국,캐딜락,DTS
미국,캐딜락,SRX
미국,캐딜락,STS
미국,캐딜락,XLR
미국,캐딜락,XT5
미국,캐딜락,XT6
미국,캐딜락,드빌
미국,캐딜락,에스컬레이드
미국,캐딜락,엘도라도
미국,캐딜락,플리트우드
미국,크라이슬러,200
미국,크라이슬러,300C
미국,크라이슬러,300M
미국,크라이슬러,LHS
미국,크라이슬러,PT크루저
미국,크라이슬러,보이저
미국,크라이슬러,비전
미국,크라이슬러,세브링
미국,크라이슬러,스트라투스
미국,크라이슬러,캐러밴
미국,크라이슬러,크로스파이어
미국,크라이슬러,퍼시피카
미국,크라이슬러,프라울러
미국,테슬라,모델 3
미국,테슬라,모델 S
미국,테슬라,모델 X
미국,테슬라,모델 Y
미국,포드,E-시리즈
미국,포드,F-시리즈
미국,포드,GT
미국,포드,S-MAX
미국,포드,레인져
미국,포드,머스탱
미국,포드,몬데오
미국,포드,브롱코
미국,포드,스포츠트랙
미국,포드,썬더버드
미국,포드,윈드스타
미국,포드,이스케이프
미국,포드,익스플로러
미국,포드,쿠가
미국,포드,토러스
미국,포드,트랜짓
미국,포드,파이브 헌드레드
미국,포드,포커스
미국,포드,퓨전
미국,포드,프리스타일
미국,폰티악,그랑프리
미국,폰티악,그랜드엠
미국,폰티악,솔스티스
미국,폰티악,트랜스앰
미국,폰티악,파이어버드
미국,피스커,라티고 CS
미국,피스커,트리몬트
미국,허머,H1
미국,허머,H2
미국,허머,H3
일본,닛산,350Z
일본,닛산,370Z
일본,닛산,GTR
일본,닛산,NV밴
일본,닛산,X-TRAIL
일본,닛산,로그
일본,닛산,리프
일본,닛산,마치
일본,닛산,맥시마
일본,닛산,무라노
일본,닛산,버사(티이다)
일본,닛산,스카이라인
일본,닛산,시마
일본,닛산,실비아
일본,닛산,알마다
일본,닛산,알티마
일본,닛산,엑스테라
일본,닛산,엘그란드
일본,닛산,윙로드
일본,닛산,주크
일본,닛산,캐시카이
일본,닛산,퀘스트
일본,닛산,큐브
일본,닛산,티아나
일본,닛산,파오
일본,닛산,패스파인더
일본,닛산,프론티어
일본,닛산,후가
일본,닛산,휘가로
일본,다이하쓰,마테리아
일본,다이하쓰,미라
일본,다이하쓰,미라지노
일본,다이하쓰,분
일본,다이하쓰,웨이크
일본,다이하쓰,캐스트
일본,다이하쓰,코펜
일본,다이하쓰,탄토
일본,렉서스,CT
일본,렉서스,ES
일본,렉서스,GS
일본,렉서스,IS
일본,렉서스,LC
일본,렉서스,LS
일본,렉서스,LX
일본,렉서스,NX
일본,렉서스,RC
일본,렉서스,RX
일본,렉서스,SC
일본,렉서스,UX
일본,마쯔다,2 (데미오)
일본,마쯔다,3 (스피드 악셀라)
일본,마쯔다,5
일본,마쯔다,6 (아텐자)
일본,마쯔다,AZ
일본,마쯔다,CX
일본,마쯔다,MPV
일본,마쯔다,MX
일본,마쯔다,RX
일본,마쯔다,유노스로드스터
일본,마쯔다,트리뷰트
일본,미쓰비시,3000GT
일본,미쓰비시,FTO
일본,미쓰비시,GTO
일본,미쓰비시,L200
일본,미쓰비시,RVR
일본,미쓰비시,랜서
일본,미쓰비시,랜서에볼루션
일본,미쓰비시,몬테로
일본,미쓰비시,아웃랜더
일본,미쓰비시,이클립스
일본,미쓰비시,파제로
일본,미쯔오카,MC-1
일본,미쯔오카,가류
일본,미쯔오카,누에라
일본,미쯔오카,도오라
일본,미쯔오카,라세드
일본,미쯔오카,뷰트
일본,미쯔오카,오로치
일본,미쯔오카,히미코
일본,스바루,레거시
일본,스바루,아웃백
일본,스바루,임프레자
일본,스바루,포레스터
일본,스즈키,그랜드 비타라
일본,스즈키,사이드킥
일본,스즈키,솔리오
일본,스즈키,스위프트
일본,스즈키,스페시아
일본,스즈키,알토
일본,스즈키,알토 라팡
일본,스즈키,왜건 R
일본,스즈키,이퀘이터
일본,스즈키,짐니
일본,스즈키,카푸치노
일본,스즈키,케이
일본,스즈키,허슬러
일본,아큐라,CL
일본,아큐라,MDX
일본,아큐라,RDX
일본,아큐라,RL
일본,아큐라,RSX
일본,아큐라,TL
일본,아큐라,TSX
일본,아큐라,ZDX
일본,아큐라,인테그라
일본,이스즈,V크로스
일본,이스즈,로데오
일본,이스즈,뮤
일본,인피니티,EX
일본,인피니티,FX
일본,인피니티,G 시리즈
일본,인피니티,G 컨버터블
일본,인피니티,G 쿠페
일본,인피니티,JX
일본,인피니티,M 시리즈
일본,인피니티,Q 시리즈
일본,인피니티,Q 컨버터블
일본,인피니티,QX
일본,인피니티,i
일본,토요타,4러너
일본,토요타,C-HR
일본,토요타,FJ크루져
일본,토요타,IQ
일본,토요타,MR
일본,토요타,RAV4
일본,토요타,bB
일본,토요타,노아
일본,토요타,도요타86
일본,토요타,랜드크루져
일본,토요타,마크X
일본,토요타,매트릭스
일본,토요타,벤자
일본,토요타,벨파이어
일본,토요타,복시
일본,토요타,세라
일본,토요타,세콰이어
일본,토요타,센츄리
일본,토요타,셀리카
일본,토요타,셀시오
일본,토요타,소아라
일본,토요타,솔라라
일본,토요타,수프라
일본,토요타,스프린터
일본,토요타,시에나
일본,토요타,아발론
일본,토요타,아이고
일본,토요타,알테자
일본,토요타,알파드
일본,토요타,야리스(비츠)
일본,토요타,위시
일본,토요타,윌
일본,토요타,입섬
일본,토요타,캠리
일본,토요타,코롤라
일본,토요타,크라운
일본,토요타,타코마 픽업
일본,토요타,툰드라
일본,토요타,펀 카르고
일본,토요타,포르테
일본,토요타,프리우스
일본,토요타,하이랜더
일본,토요타,하이럭스
일본,토요타,해리어
일본,혼다,CR-V
일본,혼다,CR-X
일본,혼다,CR-Z
일본,혼다,FR-V
일본,혼다,HR-V
일본,혼다,N-BOX
일본,혼다,N-ONE
일본,혼다,NSX
일본,혼다,S2000
일본,혼다,S660
일본,혼다,댓츠
일본,혼다,레전드
일본,혼다,리지라인
일본,혼다,비트
일본,혼다,시빅
일본,혼다,시빅 쿠페
일본,혼다,어코드
일본,혼다,엘리먼트
일본,혼다,오딧세이
일본,혼다,인사이트
일본,혼다,인테그라
일본,혼다,크로스로드
일본,혼다,크로스투어
일본,혼다,파일럿
일본,혼다,프렐류드
기타,람보르기니,가야드로
기타,람보르기니,디아블로
기타,람보르기니,레벤톤
기타,람보르기니,무르시엘라고
기타,람보르기니,아벤타도르
기타,람보르기니,우라칸
기타,람보르기니,우르스
기타,랜드로버,디스커버리
기타,랜드로버,디스커버리 스포츠
기타,랜드로버,디펜더
기타,랜드로버,레인지로버
기타,랜드로버,레인지로버 벨라
기타,랜드로버,레인지로버 보그
기타,랜드로버,레인지로버 스포츠
기타,랜드로버,레인지로버 이보크
기타,랜드로버,프리랜더
기타,로터스,2-일레븐
기타,로터스,340
기타,로터스,에보라
기타,로터스,에스프리
기타,로터스,엑시지
기타,로터스,엘리스
기타,로터스,유로파
기타,롤스로이스,고스트
기타,롤스로이스,던
기타,롤스로이스,레이스
기타,롤스로이스,실버 세라프
기타,롤스로이스,실버 스피릿 (스퍼)
기타,롤스로이스,컬리넌
기타,롤스로이스,코니쉬
기타,롤스로이스,팬텀
기타,르노,ZOE
기타,르노,라구나
기타,르노,마스터
기타,르노,메간
기타,르노,모뒤스
기타,르노,벨사티스
기타,르노,세닉
기타,르노,스포츠
기타,르노,에스빠스
기타,르노,클리오
기타,르노,트윙고
기타,마세라티,3200 GT
기타,마세라티,4200 GT
기타,마세라티,MC 12
기타,마세라티,그란카브리오
기타,마세라티,그란투리스모
기타,마세라티,기블리
기타,마세라티,르반떼
기타,마세라티,바이터보
기타,마세라티,콰트로포르테
기타,마세라티,쿠페
기타,맥라렌,570GT
기타,맥라렌,570S
기타,맥라렌,600LT
기타,맥라렌,650S
기타,맥라렌,675LT
기타,맥라렌,720S
기타,맥라렌,GT
기타,맥라렌,MP4-12C
기타,미니,2열 쿠퍼
기타,미니,컨트리맨
기타,미니,쿠퍼
기타,미니,쿠퍼 로드스터
기타,미니,쿠퍼 컨버터블
기타,미니,클럽맨
기타,미니,페이스맨
기타,벤틀리,뮬산
기타,벤틀리,벤테이가
기타,벤틀리,브룩랜즈
기타,벤틀리,아르나지
기타,벤틀리,아주어
기타,벤틀리,컨티넨탈 GT
기타,벤틀리,컨티넨탈 플라잉스퍼
기타,벤틀리,터보 R
기타,볼보,C30
기타,볼보,C70
기타,볼보,S40
기타,볼보,S60
기타,볼보,S80
기타,볼보,S90
기타,볼보,V40
기타,볼보,V50
기타,볼보,V60
기타,볼보,V70
기타,볼보,V90
기타,볼보,XC40
기타,볼보,XC60
기타,볼보,XC70
기타,볼보,XC90
기타,부가티,베이론
기타,북기은상,켄보600
기타,사브,09월 03일
기타,사브,09월 05일
기타,사브,900
기타,사브,9000
기타,사브,터보-X
기타,시트로엥,C3 에어크로스
기타,시트로엥,C4 칵투스
기타,시트로엥,C4 피카소
기타,시트로엥,C5 에어크로스
기타,시트로엥,DS3
기타,시트로엥,DS4
기타,시트로엥,DS5
기타,시트로엥,DS7
기타,알파로메오,147
기타,알파로메오,156
기타,알파로메오,156GTA
기타,알파로메오,159
기타,알파로메오,164
기타,알파로메오,166
기타,알파로메오,4C
기타,알파로메오,GT
기타,알파로메오,GTV
기타,알파로메오,미토
기타,알파로메오,브레라
기타,알파로메오,스파이더
기타,알파로메오,줄리에타
기타,애스턴마틴,DB
기타,애스턴마틴,DBX
기타,애스턴마틴,라피드
기타,애스턴마틴,밴티지
기타,애스턴마틴,뱅퀴시
기타,오스틴,FX
기타,오스틴,미니
기타,웨스트필드,슈퍼세븐
기타,재규어,E페이스
기타,재규어,F타입
기타,재규어,F페이스
기타,재규어,I페이스
기타,재규어,S타입
기타,재규어,XE
기타,재규어,XF
기타,재규어,XJ
기타,재규어,XJ6
기타,재규어,XJR
기타,재규어,XJS
기타,재규어,XK
기타,재규어,XKR
기타,재규어,X타입
기타,코닉세크,CCR
기타,코닉세크,CCX
기타,코닉세크,CCXR
기타,코닉세크,JESKO
기타,코닉세크,REGERA
기타,파가니,존다
기타,파가니,후에이라
기타,페라리,250 GTO
기타,페라리,308
기타,페라리,348
기타,페라리,360
기타,페라리,456
기타,페라리,458
기타,페라리,488
기타,페라리,512M
기타,페라리,512TR
기타,페라리,550
기타,페라리,575M
기타,페라리,599
기타,페라리,612
기타,페라리,812 GTS
기타,페라리,812 슈퍼패스트
기타,페라리,F12 베를리네타
기타,페라리,F355
기타,페라리,F40
기타,페라리,F430
기타,페라리,FF
기타,페라리,GTC4 루쏘
기타,페라리,SF90 스트라달레
기타,페라리,로마
기타,페라리,엔초
기타,페라리,캘리포니아
기타,페라리,포르토피노
기타,포톤,사우바나
기타,포톤,툰랜드
기타,푸조,1007
기타,푸조,107
기타,푸조,2008
기타,푸조,205
기타,푸조,206
기타,푸조,207
기타,푸조,207CC
기타,푸조,208
기타,푸조,3008
기타,푸조,306
기타,푸조,307
기타,푸조,307SW
기타,푸조,308
기타,푸조,308 5도어 308CC
기타,푸조,308SW
기타,푸조,405
기타,푸조,406
기타,푸조,407
기타,푸조,5008
기타,푸조,505
기타,푸조,508
기타,푸조,508SW
기타,푸조,604
기타,푸조,605
기타,푸조,607
기타,푸조,806
기타,푸조,807
기타,푸조,RCZ
기타,푸조,익스퍼트
기타,푸조,파트너
기타,피아트,124
기타,피아트,500
기타,피아트,500X
기타,피아트,600
기타,피아트,바르게타
기타,피아트,쿠페
기타,피아트,크로마
기타,피아트,판다 4x4
기타,피아트,푼토
기타,피아트,프리몬트
기타,홀덴,스테이츠맨
기타,홀덴,에피카
기타,홀덴,카프라이스
기타,홀덴,칼라이스
기타,홀덴,캡티바
기타,홀덴,코모도어
기타,홀덴,콜로라도
기타,홀덴,콤보
기타,홀덴,크루즈
기타,동풍소콘,C35
기타,동풍소콘,펜곤 ix5
